stem,lift,high_score_count,low_score_count,rate_in_high,rate_in_low,original_words,classification,confidence,method
nature-bas,9999.0,183,0,0.0501095290251916,0.0,"nature-base, nature-based",environmental,0.956,model
climate-resili,9999.0,180,0,0.0492880613362541,0.0,"climate-resilience, climate-resilient",environmental,0.758,model
zero-emiss,9999.0,146,0,0.0399780941949616,0.0,"zero-emission, zero-emissions",environmental,0.653,model
hydromorpholog,9999.0,122,0,0.0334063526834611,0.0,"hydromorphologic, hydromorphological",environmental,0.874,model
basketwar,9999.0,112,0,0.0306681270536692,0.0,basketware,environmental,0.521,model
napcp,9999.0,97,0,0.0265607886089813,0.0,"napcp, napcps",environmental,1.0,known_acronym
microplast,9999.0,93,0,0.0254654983570646,0.0,"microplastic, microplastics",environmental,0.875,model
eutr,9999.0,89,0,0.0243702081051478,0.0,eutr,environmental,1.0,known_acronym
necd,9999.0,86,0,0.0235487404162102,0.0,necd,environmental,1.0,known_acronym
hydromorphology,9999.0,85,0,0.0232749178532311,0.0,hydromorphology,environmental,0.789,model
data-and-map,9999.0,85,0,0.0232749178532311,0.0,data-and-maps,environmental,0.508,model
waterbodi,9999.0,84,0,0.0230010952902519,0.0,"waterbodie, waterbodies",environmental,0.936,model
eep,9999.0,84,0,0.0230010952902519,0.0,"eep, eeping, eeps",environmental,1.0,known_acronym
env-eir,9999.0,83,0,0.0227272727272727,0.0,env-eir,environmental,0.934,model
science-policy,9999.0,79,0,0.0216319824753559,0.0,science-policy,environmental,0.685,model
stroboscop,9999.0,79,0,0.0216319824753559,0.0,"stroboscope, stroboscopes, stroboscopic",environmental,0.582,model
carbonac,9999.0,75,0,0.0205366922234392,0.0,carbonaceous,environmental,0.791,model
electrochem,9999.0,75,0,0.0205366922234392,0.0,electrochemical,environmental,0.546,model
biomethan,9999.0,74,0,0.02026286966046,0.0,"biomethane, biomethanization",environmental,0.785,model
cyanamid,9999.0,72,0,0.0197152245345016,0.0,"cyanamide, cyanamides",environmental,0.688,model
taiex-eir,9999.0,71,0,0.0194414019715224,0.0,taiex-eir,environmental,0.515,model
photomicrography,9999.0,71,0,0.0194414019715224,0.0,photomicrography,environmental,0.612,model
cinephotomicrography,9999.0,68,0,0.0186199342825848,0.0,cinephotomicrography,environmental,0.599,model
squirrel,9999.0,68,0,0.0186199342825848,0.0,"squirrel, squirrels",environmental,0.875,model
envicrimenet,9999.0,67,0,0.0183461117196056,0.0,envicrimenet,environmental,0.97,model
old-growth,9999.0,67,0,0.0183461117196056,0.0,old-growth,environmental,0.561,model
unvulcanis,9999.0,67,0,0.0183461117196056,0.0,unvulcanised,environmental,0.522,model
porphyry,9999.0,67,0,0.0183461117196056,0.0,porphyry,environmental,0.79,model
asphaltit,9999.0,66,0,0.0180722891566265,0.0,asphaltites,environmental,0.746,model
hydrology,9999.0,66,0,0.0180722891566265,0.0,hydrology,environmental,0.871,model
odysse,9999.0,66,0,0.0180722891566265,0.0,odyssee,environmental,0.72,model
eufj,9999.0,65,0,0.0177984665936473,0.0,eufje,environmental,0.522,model
semi-colloid,9999.0,63,0,0.0172508214676889,0.0,semi-colloidal,environmental,0.558,model
viaduct,9999.0,62,0,0.0169769989047097,0.0,"viaduct, viaducts",environmental,0.787,model
plant-growth,9999.0,62,0,0.0169769989047097,0.0,plant-growth,environmental,0.948,model
eco-schem,9999.0,62,0,0.0169769989047097,0.0,"eco-scheme, eco-schemes",environmental,0.972,model
dune,9999.0,62,0,0.0169769989047097,0.0,"dune, dunes",environmental,0.927,model
bio-energy,9999.0,61,0,0.0167031763417305,0.0,bio-energy,environmental,0.744,model
adriatic-ionian,9999.0,61,0,0.0167031763417305,0.0,adriatic-ionian,environmental,0.752,model
protractor,9999.0,59,0,0.0161555312157721,0.0,protractors,environmental,0.589,model
spatially,9999.0,59,0,0.0161555312157721,0.0,spatially,environmental,0.505,model
polarimet,9999.0,58,0,0.0158817086527929,0.0,polarimeters,environmental,0.544,model
copolyest,9999.0,57,0,0.0156078860898138,0.0,copolyester,environmental,0.515,model
schwela,9999.0,56,0,0.0153340635268346,0.0,schwela,environmental,0.598,model
fingerl,9999.0,56,0,0.0153340635268346,0.0,fingerlings,environmental,0.569,model
ieep,9999.0,55,0,0.0150602409638554,0.0,ieep,environmental,0.65,model
espir,9999.0,55,0,0.0150602409638554,0.0,espirs,environmental,0.784,model
climatebond,9999.0,54,0,0.0147864184008762,0.0,climatebonds,environmental,0.918,model
crepe,9999.0,53,0,0.014512595837897,0.0,"crepe, crepes",environmental,0.527,model
electrodischarg,9999.0,52,0,0.0142387732749178,0.0,electrodischarge,environmental,0.726,model
sulphur-treat,9999.0,51,0,0.0139649507119386,0.0,sulphur-treated,environmental,0.752,model
polyaromat,9999.0,51,0,0.0139649507119386,0.0,"polyaromatic, polyaromatics",environmental,0.728,model
trophic,9999.0,51,0,0.0139649507119386,0.0,trophic,environmental,0.69,model
ollut,9999.0,51,0,0.0139649507119386,0.0,"ollutant, ollutants, olluter, olluting, ollution",environmental,0.636,model
roadrol,9999.0,51,0,0.0139649507119386,0.0,roadrollers,environmental,0.549,model
mire,9999.0,50,0,0.0136911281489594,0.0,"mire, mires",environmental,0.53,model
biodiversity-friendly,9999.0,50,0,0.0136911281489594,0.0,biodiversity-friendly,environmental,0.969,model
snowblow,9999.0,50,0,0.0136911281489594,0.0,snowblowers,environmental,0.602,model
carbon-neutr,9999.0,50,0,0.0136911281489594,0.0,carbon-neutral,environmental,0.652,model
bycatch,9999.0,50,0,0.0136911281489594,0.0,"bycatch, bycatches",environmental,0.765,model
sulphonaphthen,9999.0,49,0,0.0134173055859802,0.0,sulphonaphthenic,environmental,0.723,model
env_eta,9999.0,49,0,0.0134173055859802,0.0,env_eta,environmental,0.93,model
epea,9999.0,49,0,0.0134173055859802,0.0,"epea, epeas",environmental,0.815,model
agro-forestry,9999.0,49,0,0.0134173055859802,0.0,agro-forestry,environmental,0.979,model
cesec,9999.0,49,0,0.0134173055859802,0.0,cesec,environmental,0.533,model
decarboni,9999.0,48,0,0.013143483023001,0.0,"decarboni, decarbonis",environmental,0.667,model
geoss,9999.0,47,0,0.0128696604600219,0.0,geoss,environmental,0.873,model
renaturalis,9999.0,47,0,0.0128696604600219,0.0,"renaturalisation, renaturalise, renaturalising",environmental,0.685,model
macroalga,9999.0,46,0,0.0125958378970427,0.0,macroalgae,environmental,0.826,model
luminophor,9999.0,46,0,0.0125958378970427,0.0,luminophores,environmental,0.776,model
piledriv,9999.0,45,0,0.0123220153340635,0.0,piledrivers,environmental,0.808,model
phytobentho,9999.0,45,0,0.0123220153340635,0.0,phytobenthos,environmental,0.924,model
biotop,9999.0,44,0,0.0120481927710843,0.0,"biotope, biotopes",environmental,0.971,model
piezo-ignit,9999.0,44,0,0.0120481927710843,0.0,piezo-igniter,environmental,0.522,model
atrazin,9999.0,43,0,0.0117743702081051,0.0,"atrazin, atrazine",environmental,0.574,model
re-naturalis,9999.0,43,0,0.0117743702081051,0.0,"re-naturalisation, re-naturalise, re-naturalised",environmental,0.819,model
homopolymeris,9999.0,42,0,0.0115005476451259,0.0,homopolymerisation,environmental,0.547,model
xcii,9999.0,42,0,0.0115005476451259,0.0,xcii,environmental,0.509,model
rooftop,9999.0,42,0,0.0115005476451259,0.0,"rooftop, rooftops",environmental,0.511,model
prtr,9999.0,42,0,0.0115005476451259,0.0,"prtr, prtrs",environmental,1.0,known_acronym
electromobility,9999.0,41,0,0.0112267250821467,0.0,electromobility,environmental,0.604,model
phosphid,9999.0,41,0,0.0112267250821467,0.0,"phosphide, phosphides",environmental,0.714,model
cleantech,9999.0,41,0,0.0112267250821467,0.0,cleantech,environmental,0.762,model
dibromopropyl,9999.0,41,0,0.0112267250821467,0.0,dibromopropyl,environmental,0.614,model
food-farming-fisheri,9999.0,41,0,0.0112267250821467,0.0,food-farming-fisheries,environmental,0.706,model
dugong,9999.0,41,0,0.0112267250821467,0.0,"dugong, dugongs",environmental,0.695,model
griller,9999.0,41,0,0.0112267250821467,0.0,grillers,environmental,0.651,model
borid,9999.0,41,0,0.0112267250821467,0.0,"boride, borides",environmental,0.611,model
shrink-resist,9999.0,41,0,0.0112267250821467,0.0,shrink-resistance,environmental,0.506,model
eip-agri,9999.0,40,0,0.0109529025191675,0.0,eip-agri,environmental,0.969,model
manate,9999.0,40,0,0.0109529025191675,0.0,manatees,environmental,0.873,model
onserv,9999.0,40,0,0.0109529025191675,0.0,onservation,environmental,0.908,model
biodivers,9999.0,40,0,0.0109529025191675,0.0,biodiverse,environmental,0.975,model
riverbank,9999.0,39,0,0.0106790799561883,0.0,"riverbank, riverbanks",environmental,0.894,model
anti-oxidiz,9999.0,39,0,0.0106790799561883,0.0,anti-oxidizing,environmental,0.654,model
cetacea,9999.0,39,0,0.0106790799561883,0.0,cetacea,environmental,0.925,model
feldspar,9999.0,39,0,0.0106790799561883,0.0,feldspar,environmental,0.619,model
state-of-nature-in-the-eu,9999.0,39,0,0.0106790799561883,0.0,state-of-nature-in-the-eu,environmental,0.942,model
micropollut,9999.0,38,0,0.0104052573932092,0.0,"micropollutant, micropollutants, micropolluting",environmental,0.745,model
scheldt,9999.0,38,0,0.0104052573932092,0.0,scheldt,environmental,0.538,model
dichloroethan,9999.0,38,0,0.0104052573932092,0.0,"dichloroethane, dichloroethanes",environmental,0.692,model
polypeptid,9999.0,38,0,0.0104052573932092,0.0,"polypeptide, polypeptides",environmental,0.755,model
urbact,9999.0,38,0,0.0104052573932092,0.0,urbact,environmental,0.71,model
over-fish,9999.0,38,0,0.0104052573932092,0.0,"over-fished, over-fishing",environmental,0.894,model
dumpsit,9999.0,38,0,0.0104052573932092,0.0,"dumpsite, dumpsites",environmental,0.906,model
greenhouse-ga,9999.0,38,0,0.0104052573932092,0.0,greenhouse-gas,environmental,0.871,model
sea-b,9999.0,37,0,0.01013143483023,0.0,"sea-bed, sea-beds",environmental,0.849,model
panago,9999.0,37,0,0.01013143483023,0.0,panagos,environmental,0.593,model
algal,9999.0,37,0,0.01013143483023,0.0,algal,environmental,0.762,model
sea-bas,9999.0,37,0,0.01013143483023,0.0,sea-based,environmental,0.677,model
ramsar,9999.0,36,0,0.0098576122672508,0.0,ramsar,environmental,1.0,known_acronym
re-natur,9999.0,36,0,0.0098576122672508,0.0,"re-naturalization, re-naturalize, re-naturation, re-naturing",environmental,0.803,model
ferro-silico-chromium,9999.0,36,0,0.0098576122672508,0.0,ferro-silico-chromium,environmental,0.553,model
angiosperm,9999.0,36,0,0.0098576122672508,0.0,"angiosperm, angiosperms",environmental,0.949,model
fueleu,9999.0,36,0,0.0098576122672508,0.0,fueleu,environmental,0.565,model
alabast,9999.0,35,0,0.0095837897042716,0.0,alabaster,environmental,0.518,model
environmentally-harm,9999.0,35,0,0.0095837897042716,0.0,environmentally-harmful,environmental,0.864,model
mangrov,9999.0,35,0,0.0095837897042716,0.0,"mangrove, mangroves",environmental,0.966,model
hydroxylamin,9999.0,35,0,0.0095837897042716,0.0,hydroxylamine,environmental,0.522,model
ecad,9999.0,35,0,0.0095837897042716,0.0,ecade,environmental,0.928,model
circulareconomy,9999.0,35,0,0.0095837897042716,0.0,circulareconomy,environmental,0.699,model
fuel-bas,9999.0,35,0,0.0095837897042716,0.0,fuel-based,environmental,0.514,model
columbium,9999.0,35,0,0.0095837897042716,0.0,columbium,environmental,0.591,model
methylamin,9999.0,35,0,0.0095837897042716,0.0,"methylamine, methylamines",environmental,0.548,model
eco-tour,9999.0,35,0,0.0095837897042716,0.0,eco-tourism,environmental,0.983,model
lithopon,9999.0,35,0,0.0095837897042716,0.0,lithopone,environmental,0.519,model
geeref,9999.0,35,0,0.0095837897042716,0.0,geeref,environmental,0.719,model
iclei,9999.0,35,0,0.0095837897042716,0.0,iclei,environmental,0.549,model
cgiar,9999.0,35,0,0.0095837897042716,0.0,cgiar,environmental,0.517,model
methylphosphon,9999.0,34,0,0.0093099671412924,0.0,"methylphosphonate, methylphosphonic",environmental,0.657,model
simazin,9999.0,34,0,0.0093099671412924,0.0,simazine,environmental,0.547,model
therapist,9999.0,34,0,0.0093099671412924,0.0,"therapist, therapists",environmental,0.569,model
scallop,9999.0,34,0,0.0093099671412924,0.0,"scallop, scalloped, scallops",environmental,0.761,model
horizon-europe_en,9999.0,34,0,0.0093099671412924,0.0,horizon-europe_en,environmental,0.541,model
crayon,9999.0,34,0,0.0093099671412924,0.0,crayons,environmental,0.566,model
faggot,9999.0,34,0,0.0093099671412924,0.0,faggots,environmental,0.537,model
unfus,9999.0,34,0,0.0093099671412924,0.0,unfused,environmental,0.519,model
p-phenylen,9999.0,34,0,0.0093099671412924,0.0,p-phenylene,environmental,0.57,model
waterbody,9999.0,34,0,0.0093099671412924,0.0,waterbody,environmental,0.88,model
paya,9999.0,34,0,0.0093099671412924,0.0,paya,environmental,0.542,model
ecotour,9999.0,34,0,0.0093099671412924,0.0,"ecotour, ecotourism",environmental,0.972,model
superphosph,9999.0,33,0,0.0090361445783132,0.0,"superphosphate, superphosphates",environmental,0.739,model
trimethylolpropan,9999.0,33,0,0.0090361445783132,0.0,trimethylolpropane,environmental,0.508,model
eusair,9999.0,33,0,0.0090361445783132,0.0,eusair,environmental,0.878,model
leukotrien,9999.0,33,0,0.0090361445783132,0.0,"leukotriene, leukotrienes",environmental,0.824,model
air-pollutant-emissions-data-view,9999.0,33,0,0.0090361445783132,0.0,air-pollutant-emissions-data-viewer,environmental,0.79,model
rzecznika,9999.0,33,0,0.0090361445783132,0.0,rzecznika,environmental,0.67,model
water-pr,9999.0,33,0,0.0090361445783132,0.0,water-pricing,environmental,0.609,model
rucksack,9999.0,33,0,0.0090361445783132,0.0,"rucksack, rucksacks",environmental,0.504,model
sulphonitr,9999.0,33,0,0.0090361445783132,0.0,"sulphonitrate, sulphonitric",environmental,0.744,model
obywatelskich,9999.0,33,0,0.0090361445783132,0.0,obywatelskich,environmental,0.692,model
ground-wat,9999.0,32,0,0.008762322015334,0.0,"ground-water, ground-waters",environmental,0.878,model
subsea,9999.0,32,0,0.008762322015334,0.0,subsea,environmental,0.703,model
photocathod,9999.0,32,0,0.008762322015334,0.0,"photocathode, photocathodes",environmental,0.624,model
tilapia,9999.0,32,0,0.008762322015334,0.0,"tilapia, tilapias",environmental,0.889,model
hydro-morpholog,9999.0,32,0,0.008762322015334,0.0,hydro-morphological,environmental,0.688,model
nature-and-biodiversity,9999.0,32,0,0.008762322015334,0.0,nature-and-biodiversity,environmental,0.992,model
psychotherapist,9999.0,32,0,0.008762322015334,0.0,psychotherapists,environmental,0.54,model
thromboxan,9999.0,32,0,0.008762322015334,0.0,thromboxanes,environmental,0.547,model
camphor,9999.0,32,0,0.008762322015334,0.0,camphor,environmental,0.605,model
technical-support-instru,9999.0,32,0,0.008762322015334,0.0,technical-support-instrument,environmental,0.509,model
env_wasmun,9999.0,32,0,0.008762322015334,0.0,env_wasmun,environmental,0.859,model
subterranea,9999.0,31,0,0.0084884994523548,0.0,subterranea,environmental,0.801,model
obrany,9999.0,31,0,0.0084884994523548,0.0,obrany,environmental,0.677,model
siluru,9999.0,31,0,0.0084884994523548,0.0,silurus,environmental,0.554,model
environment-policy,9999.0,31,0,0.0084884994523548,0.0,environment-policy,environmental,0.875,model
esvac,9999.0,31,0,0.0084884994523548,0.0,esvac,environmental,0.793,model
chloroalkan,9999.0,31,0,0.0084884994523548,0.0,"chloroalkane, chloroalkanes",environmental,0.697,model
phosphoaminolipid,9999.0,31,0,0.0084884994523548,0.0,phosphoaminolipids,environmental,0.724,model
diazo,9999.0,31,0,0.0084884994523548,0.0,diazo,environmental,0.557,model
tetraethyl,9999.0,31,0,0.0084884994523548,0.0,tetraethyl,environmental,0.607,model
hydro-pow,9999.0,31,0,0.0084884994523548,0.0,"hydro-power, hydro-powers",environmental,0.674,model
cemetery,9999.0,31,0,0.0084884994523548,0.0,cemetery,environmental,0.923,model
niloticu,9999.0,31,0,0.0084884994523548,0.0,niloticus,environmental,0.661,model
inund,9999.0,31,0,0.0084884994523548,0.0,"inundation, inundations",environmental,0.877,model
eepr,9999.0,31,0,0.0084884994523548,0.0,eepr,environmental,0.588,model
dry-clean,9999.0,31,0,0.0084884994523548,0.0,"dry-cleaner, dry-cleaning",environmental,0.524,model
syenit,9999.0,31,0,0.0084884994523548,0.0,syenite,environmental,0.602,model
casket,9999.0,31,0,0.0084884994523548,0.0,caskets,environmental,0.506,model
rainforest,9999.0,31,0,0.0084884994523548,0.0,"rainforest, rainforests",environmental,0.959,model
thermoform,9999.0,30,0,0.0082146768893756,0.0,"thermoformed, thermoforming",environmental,0.635,model
gion,9999.0,30,0,0.0082146768893756,0.0,"gion, gions",environmental,0.702,model
headwat,9999.0,30,0,0.0082146768893756,0.0,"headwater, headwaters",environmental,0.957,model
polyamin,9999.0,30,0,0.0082146768893756,0.0,"polyamine, polyamines",environmental,0.677,model
greaseproof,9999.0,30,0,0.0082146768893756,0.0,greaseproof,environmental,0.958,model
hydantoin,9999.0,30,0,0.0082146768893756,0.0,hydantoin,environmental,0.651,model
oxometal,9999.0,30,0,0.0082146768893756,0.0,oxometallic,environmental,0.559,model
astrakhan,9999.0,30,0,0.0082146768893756,0.0,astrakhan,environmental,0.555,model
polychrom,9999.0,30,0,0.0082146768893756,0.0,"polychrome, polychromic",environmental,0.64,model
chlorosulphur,9999.0,30,0,0.0082146768893756,0.0,chlorosulphuric,environmental,0.744,model
oxbow,9999.0,30,0,0.0082146768893756,0.0,"oxbow, oxbows",environmental,0.638,model
grindston,9999.0,30,0,0.0082146768893756,0.0,grindstones,environmental,0.621,model
re-cultiv,9999.0,30,0,0.0082146768893756,0.0,re-cultivation,environmental,0.767,model
picket,9999.0,30,0,0.0082146768893756,0.0,pickets,environmental,0.579,model
energy-strategy,9999.0,30,0,0.0082146768893756,0.0,energy-strategy,environmental,0.703,model
plier,9999.0,30,0,0.0082146768893756,0.0,"plier, pliers",environmental,0.597,model
origjin,9999.0,30,0,0.0082146768893756,0.0,origjine,environmental,0.52,model
electrotherm,9999.0,30,0,0.0082146768893756,0.0,"electrothermal, electrothermic",environmental,0.548,model
opacifi,9999.0,30,0,0.0082146768893756,0.0,"opacified, opacifier, opacifiers",environmental,0.528,model
oreochromi,9999.0,30,0,0.0082146768893756,0.0,"oreochromi, oreochromis",environmental,0.724,model
rijkswaterstaat,9999.0,29,0,0.0079408543263964,0.0,rijkswaterstaat,environmental,0.684,model
sub-top,9999.0,29,0,0.0079408543263964,0.0,sub-topics,environmental,0.528,model
flood_risk,9999.0,29,0,0.0079408543263964,0.0,flood_risk,environmental,0.677,model
biorefineri,9999.0,29,0,0.0079408543263964,0.0,biorefineries,environmental,0.969,model
ferrugin,9999.0,29,0,0.0079408543263964,0.0,ferruginous,environmental,0.527,model
alewel,9999.0,29,0,0.0079408543263964,0.0,alewell,environmental,0.534,model
oxic,9999.0,29,0,0.0079408543263964,0.0,oxic,environmental,0.764,model
emission-reduct,9999.0,29,0,0.0079408543263964,0.0,emission-reduction,environmental,0.679,model
sillimanit,9999.0,29,0,0.0079408543263964,0.0,sillimanite,environmental,0.876,model
env_air_gg,9999.0,29,0,0.0079408543263964,0.0,env_air_gge,environmental,0.902,model
state-of-wat,9999.0,29,0,0.0079408543263964,0.0,state-of-water,environmental,0.796,model
waste-sort,9999.0,29,0,0.0079408543263964,0.0,waste-sorting,environmental,0.862,model
rhenium,9999.0,29,0,0.0079408543263964,0.0,rhenium,environmental,0.507,model
rewett,9999.0,29,0,0.0079408543263964,0.0,"rewetted, rewetting",environmental,0.574,model
anthropogenically,9999.0,29,0,0.0079408543263964,0.0,anthropogenically,environmental,0.739,model
turbopropel,9999.0,29,0,0.0079408543263964,0.0,"turbopropeller, turbopropellers",environmental,0.636,model
agriculture-nature-wat,9999.0,29,0,0.0079408543263964,0.0,agriculture-nature-water,environmental,0.926,model
land-degradation-neutr,9999.0,29,0,0.0079408543263964,0.0,land-degradation-neutral,environmental,0.66,model
ecaussin,9999.0,29,0,0.0079408543263964,0.0,ecaussine,environmental,0.775,model
semi-chem,9999.0,29,0,0.0079408543263964,0.0,semi-chemical,environmental,0.618,model
pre-demolit,9999.0,29,0,0.0079408543263964,0.0,pre-demolition,environmental,0.589,model
eucra,9999.0,29,0,0.0079408543263964,0.0,eucra,environmental,0.958,model
antiperspir,9999.0,29,0,0.0079408543263964,0.0,antiperspirants,environmental,0.535,model
espon,9999.0,29,0,0.0079408543263964,0.0,espon,environmental,0.696,model
environmentalprosecutor,9999.0,29,0,0.0079408543263964,0.0,environmentalprosecutors,environmental,0.826,model
andalusit,9999.0,28,0,0.0076670317634173,0.0,andalusite,environmental,0.662,model
sapelli,9999.0,28,0,0.0076670317634173,0.0,sapelli,environmental,0.535,model
wet-salt,9999.0,28,0,0.0076670317634173,0.0,wet-salted,environmental,0.531,model
unea,9999.0,28,0,0.0076670317634173,0.0,unea,environmental,0.598,model
ferrophosphoru,9999.0,28,0,0.0076670317634173,0.0,ferrophosphorus,environmental,0.812,model
peat-form,9999.0,28,0,0.0076670317634173,0.0,peat-forming,environmental,0.611,model
ef_m_farmang,9999.0,28,0,0.0076670317634173,0.0,ef_m_farmang,environmental,0.786,model
eudr,9999.0,28,0,0.0076670317634173,0.0,eudr,environmental,0.963,model
eu-et,9999.0,28,0,0.0076670317634173,0.0,eu-ets,environmental,0.503,model
carbon-fre,9999.0,28,0,0.0076670317634173,0.0,carbon-free,environmental,0.566,model
environmental-relat,9999.0,28,0,0.0076670317634173,0.0,environmental-related,environmental,0.985,model
sphagnum,9999.0,28,0,0.0076670317634173,0.0,sphagnum,environmental,0.822,model
laminatin,9999.0,28,0,0.0076670317634173,0.0,laminatin,environmental,0.504,model
environmental-implementation-review,9999.0,28,0,0.0076670317634173,0.0,environmental-implementation-review,environmental,0.892,model
ubam,9999.0,28,0,0.0076670317634173,0.0,ubam,environmental,0.505,model
diesel-electr,9999.0,28,0,0.0076670317634173,0.0,diesel-electric,environmental,0.639,model
spelter,9999.0,28,0,0.0076670317634173,0.0,spelter,environmental,0.535,model
zeylanicum,9999.0,28,0,0.0076670317634173,0.0,zeylanicum,environmental,0.574,model
h-transport,9999.0,28,0,0.0076670317634173,0.0,h-transportation,environmental,0.556,model
pumic,9999.0,28,0,0.0076670317634173,0.0,"pumice, pumicing",environmental,0.687,model
hoopwood,9999.0,28,0,0.0076670317634173,0.0,hoopwood,environmental,0.547,model
harm-to-human-health-from-air-pollut,9999.0,28,0,0.0076670317634173,0.0,harm-to-human-health-from-air-pollution,environmental,0.809,model
washbasin,9999.0,28,0,0.0076670317634173,0.0,"washbasin, washbasins",environmental,0.546,model
pre-renov,9999.0,28,0,0.0076670317634173,0.0,pre-renovation,environmental,0.547,model
decalcomania,9999.0,28,0,0.0076670317634173,0.0,decalcomanias,environmental,0.727,model
protection-sensit,9999.0,28,0,0.0076670317634173,0.0,protection-sensitive,environmental,0.624,model
cinnamomum,9999.0,28,0,0.0076670317634173,0.0,cinnamomum,environmental,0.522,model
dietician,9999.0,28,0,0.0076670317634173,0.0,dieticians,environmental,0.583,model
paraformaldehyd,9999.0,28,0,0.0076670317634173,0.0,paraformaldehyde,environmental,0.602,model
phosgen,9999.0,28,0,0.0076670317634173,0.0,phosgene,environmental,0.616,model
org_cropar,9999.0,28,0,0.0076670317634173,0.0,org_cropar,environmental,0.722,model
env_waspac,9999.0,28,0,0.0076670317634173,0.0,env_waspac,environmental,0.891,model
engob,9999.0,28,0,0.0076670317634173,0.0,engobes,environmental,0.769,model
chipwood,9999.0,28,0,0.0076670317634173,0.0,chipwood,environmental,0.587,model
diaminotoluen,9999.0,28,0,0.0076670317634173,0.0,"diaminotoluene, diaminotoluenes",environmental,0.623,model
natura-2000-baromet,9999.0,28,0,0.0076670317634173,0.0,natura-2000-barometer,environmental,0.912,model
kyanit,9999.0,28,0,0.0076670317634173,0.0,kyanite,environmental,0.528,model
seafloor,9999.0,28,0,0.0076670317634173,0.0,"seafloor, seafloors",environmental,0.847,model
nature-restoration-law_en,9999.0,27,0,0.0073932092004381,0.0,nature-restoration-law_en,environmental,0.676,model
rheostat,9999.0,27,0,0.0073932092004381,0.0,rheostats,environmental,0.705,model
climate-action-progress-report-2023-2023-10-24_en,9999.0,27,0,0.0073932092004381,0.0,climate-action-progress-report-2023-2023-10-24_en,environmental,0.826,model
poutass,9999.0,27,0,0.0073932092004381,0.0,poutassou,environmental,0.594,model
green-budgeting-eu_en,9999.0,27,0,0.0073932092004381,0.0,green-budgeting-eu_en,environmental,0.771,model
env_epi,9999.0,27,0,0.0073932092004381,0.0,env_epi,environmental,0.961,model
env_ac_epea,9999.0,27,0,0.0073932092004381,0.0,env_ac_epea,environmental,0.986,model
delivering-european-green-d,9999.0,27,0,0.0073932092004381,0.0,delivering-european-green-deal,environmental,0.703,model
climate-relev,9999.0,27,0,0.0073932092004381,0.0,climate-relevant,environmental,0.92,model
financing-water-supply-sanitation-and-flood-protection_6893cdac-en,9999.0,27,0,0.0073932092004381,0.0,financing-water-supply-sanitation-and-flood-protection_6893cdac-en,environmental,0.674,model
overview-vision-agriculture-food,9999.0,27,0,0.0073932092004381,0.0,overview-vision-agriculture-food,environmental,0.59,model
fluorosil,9999.0,27,0,0.0073932092004381,0.0,"fluorosilicate, fluorosilicates",environmental,0.684,model
biogas,9999.0,27,0,0.0073932092004381,0.0,biogases,environmental,0.908,model
eu-air-quality-standards_en,9999.0,27,0,0.0073932092004381,0.0,eu-air-quality-standards_en,environmental,0.723,model
vision-agriculture-and-food_en,9999.0,27,0,0.0073932092004381,0.0,vision-agriculture-and-food_en,environmental,0.633,model
waste-to-energy,9999.0,27,0,0.0073932092004381,0.0,waste-to-energy,environmental,0.68,model
camelid,9999.0,27,0,0.0073932092004381,0.0,camelids,environmental,0.755,model
turbelin,9999.0,27,0,0.0073932092004381,0.0,turbelin,environmental,0.548,model
arkshel,9999.0,27,0,0.0073932092004381,0.0,arkshells,environmental,0.797,model
env_ac_cur,9999.0,27,0,0.0073932092004381,0.0,env_ac_cur,environmental,0.911,model
laminaria,9999.0,27,0,0.0073932092004381,0.0,laminaria,environmental,0.704,model
ethylenediamin,9999.0,27,0,0.0073932092004381,0.0,ethylenediamine,environmental,0.531,model
proposal-directive-soil-monitoring-and-resilience_en,9999.0,27,0,0.0073932092004381,0.0,proposal-directive-soil-monitoring-and-resilience_en,environmental,0.745,model
benzaldehyd,9999.0,27,0,0.0073932092004381,0.0,benzaldehyde,environmental,0.507,model
geo-inform,9999.0,27,0,0.0073932092004381,0.0,geo-information,environmental,0.954,model
national-air-pollution-control-programmes-and-projections_en,9999.0,27,0,0.0073932092004381,0.0,national-air-pollution-control-programmes-and-projections_en,environmental,0.826,model
swale,9999.0,27,0,0.0073932092004381,0.0,"swale, swales",environmental,0.897,model
nreap,9999.0,27,0,0.0073932092004381,0.0,"nreap, nreaps",environmental,0.624,model
neobiota,9999.0,27,0,0.0073932092004381,0.0,neobiota,environmental,0.79,model
nspire,9999.0,27,0,0.0073932092004381,0.0,nspire,environmental,0.628,model
grime,9999.0,27,0,0.0073932092004381,0.0,grime,environmental,0.536,model
bioeconom,9999.0,27,0,0.0073932092004381,0.0,"bioeconom, bioeconomic, bioeconomics",environmental,0.813,model
reducing-emissions-air-pollutants_en,9999.0,27,0,0.0073932092004381,0.0,reducing-emissions-air-pollutants_en,environmental,0.863,model
bio-methan,9999.0,27,0,0.0073932092004381,0.0,bio-methane,environmental,0.801,model
fight-against-environmental-crime-at-a-strategic-level-through-the-strengthening-of-envicrimenet-network-of-experts-in-environmental-criminal-investig,9999.0,27,0,0.0073932092004381,0.0,fight-against-environmental-crime-at-a-strategic-level-through-the-strengthening-of-envicrimenet-network-of-experts-in-environmental-criminal-investigations,environmental,0.872,model
forest-relat,9999.0,27,0,0.0073932092004381,0.0,forest-related,environmental,0.96,model
pangasiu,9999.0,27,0,0.0073932092004381,0.0,pangasius,environmental,0.509,model
clean-air-outlook_en,9999.0,27,0,0.0073932092004381,0.0,clean-air-outlook_en,environmental,0.846,model
renewable-energy,9999.0,27,0,0.0073932092004381,0.0,renewable-energy,environmental,0.694,model
national-air-pollutant-emissions-data-view,9999.0,27,0,0.0073932092004381,0.0,national-air-pollutant-emissions-data-viewer,environmental,0.786,model
water-jet,9999.0,27,0,0.0073932092004381,0.0,water-jet,environmental,0.823,model
waste-early-warning-report_en,9999.0,27,0,0.0073932092004381,0.0,waste-early-warning-report_en,environmental,0.584,model
nutrient-sensit,9999.0,27,0,0.0073932092004381,0.0,nutrient-sensitive,environmental,0.565,model
lacton,9999.0,27,0,0.0073932092004381,0.0,"lactone, lactones",environmental,0.601,model
iroko,9999.0,27,0,0.0073932092004381,0.0,iroko,environmental,0.529,model
tripolit,9999.0,27,0,0.0073932092004381,0.0,tripolite,environmental,0.571,model
env_ac_rp,9999.0,27,0,0.0073932092004381,0.0,env_ac_rp,environmental,0.83,model
fastest-warm,9999.0,27,0,0.0073932092004381,0.0,fastest-warming,environmental,0.527,model
eper,9999.0,27,0,0.0073932092004381,0.0,eper,environmental,1.0,known_acronym
d-electricity,9999.0,27,0,0.0073932092004381,0.0,d-electricity,environmental,0.594,model
camelida,9999.0,27,0,0.0073932092004381,0.0,camelidae,environmental,0.683,model
agro-ecology,9999.0,27,0,0.0073932092004381,0.0,agro-ecology,environmental,0.997,model
organo-sulphur,9999.0,27,0,0.0073932092004381,0.0,organo-sulphur,environmental,0.886,model
dentifric,9999.0,27,0,0.0073932092004381,0.0,dentifrices,environmental,0.562,model
env_wasgen,9999.0,27,0,0.0073932092004381,0.0,env_wasgen,environmental,0.942,model
clofenotan,9999.0,27,0,0.0073932092004381,0.0,clofenotane,environmental,0.638,model
estimating-investment-needs-and-financing-capacities-water-related-investment-eu-member-states-2020-05-28_en,9999.0,27,0,0.0073932092004381,0.0,estimating-investment-needs-and-financing-capacities-water-related-investment-eu-member-states-2020-05-28_en,environmental,0.695,model
daptat,9999.0,27,0,0.0073932092004381,0.0,daptation,environmental,0.512,model
rhopilema,9999.0,27,0,0.0073932092004381,0.0,rhopilema,environmental,0.509,model
rena,9999.0,27,0,0.0073932092004381,0.0,rena,environmental,0.702,model
satec,9999.0,27,0,0.0073932092004381,0.0,satec,environmental,0.559,model
financing-natura-2000_en,9999.0,27,0,0.0073932092004381,0.0,financing-natura-2000_en,environmental,0.854,model
reducing-emissions-air-pollut,9999.0,27,0,0.0073932092004381,0.0,reducing-emissions-air-pollutants,environmental,0.866,model
eionet_rep_etcacm_2018_10_healthimplicationsnois,9999.0,26,0,0.0071193866374589,0.0,eionet_rep_etcacm_2018_10_healthimplicationsnoise,environmental,0.663,model
ethchlorvynol,9999.0,26,0,0.0071193866374589,0.0,ethchlorvynol,environmental,0.616,model
overgangsreglern,9999.0,26,0,0.0071193866374589,0.0,overgangsreglerne,environmental,0.585,model
alkuperäsääntöjen,9999.0,26,0,0.0071193866374589,0.0,alkuperäsääntöjen,environmental,0.516,model
business-and-biodiversity_en,9999.0,26,0,0.0071193866374589,0.0,business-and-biodiversity_en,environmental,0.953,model
siirtymäkauden,9999.0,26,0,0.0071193866374589,0.0,siirtymäkauden,environmental,0.532,model
squalu,9999.0,26,0,0.0071193866374589,0.0,squalus,environmental,0.77,model
e-seveso,9999.0,26,0,0.0071193866374589,0.0,e-seveso,environmental,0.734,model
cryolit,9999.0,26,0,0.0071193866374589,0.0,cryolite,environmental,0.648,model
leucit,9999.0,26,0,0.0071193866374589,0.0,leucite,environmental,0.62,model
hexafluoroalumin,9999.0,26,0,0.0071193866374589,0.0,hexafluoroaluminate,environmental,0.593,model
ciência,9999.0,26,0,0.0071193866374589,0.0,"ciência, ciências",environmental,0.64,model
geologist,9999.0,26,0,0.0071193866374589,0.0,"geologist, geologists",environmental,0.96,model
amino-resin,9999.0,26,0,0.0071193866374589,0.0,"amino-resin, amino-resins",environmental,0.51,model
water_en,9999.0,26,0,0.0071193866374589,0.0,water_en,environmental,0.813,model
dir200760ec,9999.0,26,0,0.0071193866374589,0.0,dir200760ec,environmental,0.696,model
para-med,9999.0,26,0,0.0071193866374589,0.0,para-medical,environmental,0.565,model
izcelsmi,9999.0,26,0,0.0071193866374589,0.0,izcelsmi,environmental,0.758,model
esdac,9999.0,26,0,0.0071193866374589,0.0,esdac,environmental,0.588,model
acanthia,9999.0,26,0,0.0071193866374589,0.0,acanthias,environmental,0.561,model
soakawai,9999.0,26,0,0.0071193866374589,0.0,soakaways,environmental,0.599,model
päritolureeglit,9999.0,26,0,0.0071193866374589,0.0,päritolureeglite,environmental,0.605,model
oprindels,9999.0,26,0,0.0071193866374589,0.0,oprindelse,environmental,0.505,model
fluoroalumin,9999.0,26,0,0.0071193866374589,0.0,fluoroaluminates,environmental,0.658,model
liquefy,9999.0,26,0,0.0071193866374589,0.0,"liquefy, liquefying",environmental,0.524,model
agement,9999.0,26,0,0.0071193866374589,0.0,agement,environmental,0.872,model
proximity-and-social-economy_en,9999.0,26,0,0.0071193866374589,0.0,proximity-and-social-economy_en,environmental,0.577,model
nephelin,9999.0,26,0,0.0071193866374589,0.0,nepheline,environmental,0.655,model
dibromoethan,9999.0,26,0,0.0071193866374589,0.0,dibromoethane,environmental,0.76,model
estuarin,9999.0,26,0,0.0071193866374589,0.0,estuarine,environmental,0.982,model
trans-caspian,9999.0,25,0,0.0068455640744797,0.0,trans-caspian,environmental,0.534,model
lactam,9999.0,25,0,0.0068455640744797,0.0,lactams,environmental,0.669,model
industrial-pollutant-releases-to-wat,9999.0,25,0,0.0068455640744797,0.0,industrial-pollutant-releases-to-water,environmental,0.802,model
goldbeat,9999.0,25,0,0.0068455640744797,0.0,goldbeater,environmental,0.615,model
desugar,9999.0,25,0,0.0068455640744797,0.0,desugared,environmental,0.513,model
opprinnels,9999.0,25,0,0.0068455640744797,0.0,opprinnelse,environmental,0.514,model
prelaznim,9999.0,25,0,0.0068455640744797,0.0,prelaznim,environmental,0.503,model
brackish-wat,9999.0,25,0,0.0068455640744797,0.0,brackish-water,environmental,0.615,model
national-energy-and-climate-plans-necps_en,9999.0,25,0,0.0068455640744797,0.0,national-energy-and-climate-plans-necps_en,environmental,0.893,model
hexabutadien,9999.0,25,0,0.0068455640744797,0.0,hexabutadiene,environmental,0.615,model
pentano,9999.0,25,0,0.0068455640744797,0.0,pentanoic,environmental,0.513,model
seima,9999.0,25,0,0.0068455640744797,0.0,seimas,environmental,0.598,model
hydroquinon,9999.0,25,0,0.0068455640744797,0.0,hydroquinone,environmental,0.53,model
hexabromocyclodecan,9999.0,25,0,0.0068455640744797,0.0,hexabromocyclodecane,environmental,0.605,model
novaehollandia,9999.0,25,0,0.0068455640744797,0.0,novaehollandiae,environmental,0.527,model
dinoseb,9999.0,25,0,0.0068455640744797,0.0,dinoseb,environmental,0.549,model
preflang,9999.0,25,0,0.0068455640744797,0.0,preflang,environmental,0.519,model
origjinë,9999.0,25,0,0.0068455640744797,0.0,origjinës,environmental,0.525,model
upprunareglum,9999.0,25,0,0.0068455640744797,0.0,upprunareglum,environmental,0.58,model
precious-met,9999.0,25,0,0.0068455640744797,0.0,"precious-metal, precious-metals",environmental,0.51,model
lactophosph,9999.0,25,0,0.0068455640744797,0.0,lactophosphates,environmental,0.71,model
uppruna,9999.0,25,0,0.0068455640744797,0.0,uppruna,environmental,0.52,model
eforestation-fre,9999.0,25,0,0.0068455640744797,0.0,eforestation-free,environmental,0.881,model
easme-web,9999.0,25,0,0.0068455640744797,0.0,easme-web,environmental,0.571,model
overgangsreglen,9999.0,25,0,0.0068455640744797,0.0,overgangsreglene,environmental,0.548,model
bakau,9999.0,25,0,0.0068455640744797,0.0,bakau,environmental,0.513,model
azela,9999.0,25,0,0.0068455640744797,0.0,azelaic,environmental,0.712,model
telemet,9999.0,25,0,0.0068455640744797,0.0,"telemetering, telemeters",environmental,0.586,model
polyterpen,9999.0,25,0,0.0068455640744797,0.0,polyterpenes,environmental,0.682,model
virola,9999.0,24,0,0.0065717415115005,0.0,virola,environmental,0.838,model
nitrates_en,9999.0,24,0,0.0065717415115005,0.0,nitrates_en,environmental,0.556,model
water-us,9999.0,24,0,0.0065717415115005,0.0,"water-use, water-using",environmental,0.745,model
ontwikkelingslanden,9999.0,24,0,0.0065717415115005,0.0,ontwikkelingslanden,environmental,0.562,model
visoko,9999.0,24,0,0.0065717415115005,0.0,visoko,environmental,0.503,model
spectrograph,9999.0,24,0,0.0065717415115005,0.0,spectrographs,environmental,0.682,model
bissel-bogi,9999.0,24,0,0.0065717415115005,0.0,bissel-bogies,environmental,0.522,model
methylcyclohexanon,9999.0,24,0,0.0065717415115005,0.0,methylcyclohexanones,environmental,0.601,model
phosphamidon,9999.0,24,0,0.0065717415115005,0.0,phosphamidon,environmental,0.569,model
env_ep,9999.0,24,0,0.0065717415115005,0.0,env_epe,environmental,0.952,model
azoxy-compound,9999.0,24,0,0.0065717415115005,0.0,azoxy-compounds,environmental,0.654,model
quill,9999.0,24,0,0.0065717415115005,0.0,"quill, quillings, quills",environmental,0.639,model
e-year,9999.0,24,0,0.0065717415115005,0.0,e-year,environmental,0.635,model
ontwikkel,9999.0,24,0,0.0065717415115005,0.0,ontwikkeling,environmental,0.741,model
nauk,9999.0,24,0,0.0065717415115005,0.0,"nauk, nauke",environmental,0.515,model
caracul,9999.0,24,0,0.0065717415115005,0.0,caracul,environmental,0.641,model
polyphenylen,9999.0,24,0,0.0065717415115005,0.0,polyphenylene,environmental,0.558,model
fender,9999.0,24,0,0.0065717415115005,0.0,"fendering, fenders",environmental,0.62,model
dithionit,9999.0,24,0,0.0065717415115005,0.0,"dithionite, dithionites",environmental,0.727,model
distemp,9999.0,24,0,0.0065717415115005,0.0,"distemper, distempers",environmental,0.645,model
factsheet-organic-farning_fr,9999.0,24,0,0.0065717415115005,0.0,factsheet-organic-farning_fr,environmental,0.587,model
moew,9999.0,24,0,0.0065717415115005,0.0,moew,environmental,0.506,model
monocrotopho,9999.0,24,0,0.0065717415115005,0.0,monocrotophos,environmental,0.72,model
geo-spati,9999.0,24,0,0.0065717415115005,0.0,geo-spatial,environmental,0.743,model
binapacryl,9999.0,24,0,0.0065717415115005,0.0,binapacryl,environmental,0.553,model
galloon,9999.0,24,0,0.0065717415115005,0.0,galloon,environmental,0.522,model
refueleu,9999.0,24,0,0.0065717415115005,0.0,refueleu,environmental,0.531,model
pecten,9999.0,24,0,0.0065717415115005,0.0,pecten,environmental,0.524,model
kieserit,9999.0,24,0,0.0065717415115005,0.0,kieserite,environmental,0.585,model
water-depend,9999.0,24,0,0.0065717415115005,0.0,"water-dependant, water-dependent",environmental,0.912,model
eco-driv,9999.0,24,0,0.0065717415115005,0.0,eco-driving,environmental,0.995,model
curtea,9999.0,24,0,0.0065717415115005,0.0,curtea,environmental,0.608,model
watertub,9999.0,24,0,0.0065717415115005,0.0,watertube,environmental,0.763,model
eiderdown,9999.0,24,0,0.0065717415115005,0.0,"eiderdown, eiderdowns",environmental,0.622,model
energinet,9999.0,24,0,0.0065717415115005,0.0,"energinet, energinets",environmental,0.97,model
antifoul,9999.0,24,0,0.0065717415115005,0.0,"antifoul, antifoulant, antifoulants, antifouling",environmental,0.51,model
hydrogen-bas,9999.0,24,0,0.0065717415115005,0.0,hydrogen-based,environmental,0.571,model
trisulphid,9999.0,23,0,0.0062979189485213,0.0,"trisulphide, trisulphides",environmental,0.639,model
curbston,9999.0,23,0,0.0062979189485213,0.0,curbstones,environmental,0.52,model
gutta-percha,9999.0,23,0,0.0062979189485213,0.0,gutta-percha,environmental,0.569,model
massicot,9999.0,23,0,0.0062979189485213,0.0,massicot,environmental,0.762,model
ensino,9999.0,23,0,0.0062979189485213,0.0,ensino,environmental,0.606,model
antipyrin,9999.0,23,0,0.0062979189485213,0.0,antipyrin,environmental,0.681,model
cropper,9999.0,23,0,0.0062979189485213,0.0,croppers,environmental,0.714,model
anti-oxidis,9999.0,23,0,0.0062979189485213,0.0,anti-oxidising,environmental,0.699,model
tuke,9999.0,23,0,0.0062979189485213,0.0,"tuke, tukes",environmental,0.52,model
collod,9999.0,23,0,0.0062979189485213,0.0,"collodion, collodions",environmental,0.739,model
phenazon,9999.0,23,0,0.0062979189485213,0.0,phenazone,environmental,0.548,model
infocentr,9999.0,23,0,0.0062979189485213,0.0,infocentre,environmental,0.699,model
arbet,9999.0,23,0,0.0062979189485213,0.0,"arbete, arbets",environmental,0.649,model
energy-consum,9999.0,23,0,0.0062979189485213,0.0,energy-consuming,environmental,0.555,model
drogowego,9999.0,23,0,0.0062979189485213,0.0,drogowego,environmental,0.544,model
geologiska,9999.0,23,0,0.0062979189485213,0.0,geologiska,environmental,0.964,model
dehydrocortison,9999.0,23,0,0.0062979189485213,0.0,dehydrocortisone,environmental,0.572,model
fluoroacetamid,9999.0,23,0,0.0062979189485213,0.0,fluoroacetamide,environmental,0.56,model
epsomit,9999.0,23,0,0.0062979189485213,0.0,epsomite,environmental,0.694,model
conservatoir,9999.0,23,0,0.0062979189485213,0.0,"conservatoire, conservatoires",environmental,0.658,model
waterbas,9999.0,23,0,0.0062979189485213,0.0,"waterbase, waterbased",environmental,0.953,model
esculentu,9999.0,23,0,0.0062979189485213,0.0,esculentus,environmental,0.745,model
metasil,9999.0,23,0,0.0062979189485213,0.0,metasilicates,environmental,0.605,model
conservarea,9999.0,23,0,0.0062979189485213,0.0,conservarea,environmental,0.874,model
chlorobenzil,9999.0,23,0,0.0062979189485213,0.0,chlorobenzilate,environmental,0.642,model
urfac,9999.0,23,0,0.0062979189485213,0.0,"urface, urfaces",environmental,0.602,model
self-discharg,9999.0,23,0,0.0062979189485213,0.0,"self-discharge, self-discharging",environmental,0.548,model
chionoecet,9999.0,23,0,0.0062979189485213,0.0,chionoecetes,environmental,0.935,model
groundwater-depend,9999.0,23,0,0.0062979189485213,0.0,groundwater-dependent,environmental,0.884,model
off-grid,9999.0,23,0,0.0062979189485213,0.0,off-grid,environmental,0.656,model
sailboat,9999.0,23,0,0.0062979189485213,0.0,"sailboat, sailboats",environmental,0.528,model
environmentally-relat,9999.0,23,0,0.0062979189485213,0.0,environmentally-related,environmental,0.982,model
carbon-rich,9999.0,23,0,0.0062979189485213,0.0,carbon-rich,environmental,0.609,model
sportu,9999.0,23,0,0.0062979189485213,0.0,sportu,environmental,0.577,model
sulphonyl,9999.0,23,0,0.0062979189485213,0.0,sulphonyl,environmental,0.623,model
roundwat,9999.0,23,0,0.0062979189485213,0.0,roundwater,environmental,0.774,model
grapnel,9999.0,23,0,0.0062979189485213,0.0,grapnels,environmental,0.584,model
agri-environmental-clim,9999.0,23,0,0.0062979189485213,0.0,agri-environmental-climate,environmental,0.983,model
biodiversity-rich,9999.0,23,0,0.0062979189485213,0.0,biodiversity-rich,environmental,0.952,model
inkomen,9999.0,23,0,0.0062979189485213,0.0,inkomen,environmental,0.594,model
fireclai,9999.0,23,0,0.0062979189485213,0.0,"fireclay, fireclays",environmental,0.815,model
ocuparea,9999.0,23,0,0.0062979189485213,0.0,ocuparea,environmental,0.762,model
transportairhealth,9999.0,23,0,0.0062979189485213,0.0,transportairhealth,environmental,0.523,model
heat-shrink,9999.0,23,0,0.0062979189485213,0.0,"heat-shrink, heat-shrinkable",environmental,0.507,model
pastoralist,9999.0,23,0,0.0062979189485213,0.0,"pastoralist, pastoralists",environmental,0.601,model
tweezer,9999.0,23,0,0.0062979189485213,0.0,tweezers,environmental,0.694,model
cupel,9999.0,23,0,0.0062979189485213,0.0,"cupellation, cupels",environmental,0.563,model
wateronlin,9999.0,23,0,0.0062979189485213,0.0,wateronline,environmental,0.814,model
eusdr,9999.0,23,0,0.0062979189485213,0.0,eusdr,environmental,0.865,model
energetski,9999.0,23,0,0.0062979189485213,0.0,energetski,environmental,0.919,model
dehydrohydrocortison,9999.0,23,0,0.0062979189485213,0.0,dehydrohydrocortisone,environmental,0.569,model
paralithod,9999.0,23,0,0.0062979189485213,0.0,paralithodes,environmental,0.672,model
roundwood,9999.0,23,0,0.0062979189485213,0.0,roundwood,environmental,0.522,model
overgraz,9999.0,23,0,0.0062979189485213,0.0,overgrazing,environmental,0.821,model
metodik,9999.0,22,0,0.0060240963855421,0.0,metodik,environmental,0.666,model
climate-sensit,9999.0,22,0,0.0060240963855421,0.0,climate-sensitive,environmental,0.894,model
coal-bas,9999.0,22,0,0.0060240963855421,0.0,coal-based,environmental,0.751,model
ecoreg,9999.0,22,0,0.0060240963855421,0.0,"ecoregion, ecoregions",environmental,0.991,model
land-degrad,9999.0,22,0,0.0060240963855421,0.0,land-degradation,environmental,0.737,model
phosphorothio,9999.0,22,0,0.0060240963855421,0.0,"phosphorothioate, phosphorothioates",environmental,0.723,model
oleohydraul,9999.0,22,0,0.0060240963855421,0.0,oleohydraulic,environmental,0.606,model
fiskeriverket,9999.0,22,0,0.0060240963855421,0.0,fiskeriverket,environmental,0.506,model
acetamidobenzo,9999.0,22,0,0.0060240963855421,0.0,acetamidobenzoic,environmental,0.516,model
eumetsat,9999.0,22,0,0.0060240963855421,0.0,eumetsat,environmental,0.959,model
meteorologiska,9999.0,22,0,0.0060240963855421,0.0,meteorologiska,environmental,0.935,model
palustri,9999.0,22,0,0.0060240963855421,0.0,palustris,environmental,0.582,model
urein,9999.0,22,0,0.0060240963855421,0.0,ureines,environmental,0.693,model
ferry-boat,9999.0,22,0,0.0060240963855421,0.0,ferry-boats,environmental,0.521,model
muséum,9999.0,22,0,0.0060240963855421,0.0,muséum,environmental,0.629,model
ibo,9999.0,22,0,0.0060240963855421,0.0,"ibo, iboe, ibos",environmental,0.532,model
de-carbonis,9999.0,22,0,0.0060240963855421,0.0,"de-carbonisation, de-carbonise, de-carbonised, de-carbonising",environmental,0.759,model
savi,9999.0,22,0,0.0060240963855421,0.0,savi,environmental,0.528,model
curler,9999.0,22,0,0.0060240963855421,0.0,curlers,environmental,0.699,model
inspektsioon,9999.0,22,0,0.0060240963855421,0.0,inspektsioon,environmental,0.517,model
arbetsliv,9999.0,22,0,0.0060240963855421,0.0,arbetsliv,environmental,0.818,model
statskontoret,9999.0,22,0,0.0060240963855421,0.0,statskontoret,environmental,0.595,model
co2e,9999.0,22,0,0.0060240963855421,0.0,co2e,environmental,0.852,model
vetenskapsrådet,9999.0,22,0,0.0060240963855421,0.0,vetenskapsrådet,environmental,0.514,model
usetox,9999.0,22,0,0.0060240963855421,0.0,usetox,environmental,0.639,model
physchem,9999.0,22,0,0.0060240963855421,0.0,physchem,environmental,0.85,model
heald-fram,9999.0,22,0,0.0060240963855421,0.0,heald-frames,environmental,0.527,model
enim,9999.0,22,0,0.0060240963855421,0.0,enim,environmental,0.653,model
estrangeiro,9999.0,22,0,0.0060240963855421,0.0,estrangeiros,environmental,0.885,model
sooduspäritolu,9999.0,22,0,0.0060240963855421,0.0,sooduspäritolu,environmental,0.564,model
domstolen,9999.0,22,0,0.0060240963855421,0.0,"domstolen, domstolene",environmental,0.521,model
alkaline-earth,9999.0,22,0,0.0060240963855421,0.0,alkaline-earth,environmental,0.92,model
kulturråd,9999.0,22,0,0.0060240963855421,0.0,kulturråd,environmental,0.672,model
die-stamp,9999.0,22,0,0.0060240963855421,0.0,die-stamping,environmental,0.54,model
kilpailuvirasto,9999.0,22,0,0.0060240963855421,0.0,kilpailuvirasto,environmental,0.564,model
hivatalo,9999.0,22,0,0.0060240963855421,0.0,hivatalos,environmental,0.623,model
chloroethylen,9999.0,22,0,0.0060240963855421,0.0,chloroethylene,environmental,0.709,model
sulpho,9999.0,22,0,0.0060240963855421,0.0,sulpho,environmental,0.871,model
tolliasutus,9999.0,22,0,0.0060240963855421,0.0,tolliasutuse,environmental,0.683,model
hypobromit,9999.0,22,0,0.0060240963855421,0.0,hypobromites,environmental,0.711,model
hydrologiska,9999.0,22,0,0.0060240963855421,0.0,hydrologiska,environmental,0.953,model
enveco,9999.0,22,0,0.0060240963855421,0.0,enveco,environmental,0.89,model
methylcyclohexanol,9999.0,22,0,0.0060240963855421,0.0,methylcyclohexanols,environmental,0.6,model
state-of-the-environ,9999.0,22,0,0.0060240963855421,0.0,state-of-the-environment,environmental,0.941,model
chloramphenicol,9999.0,22,0,0.0060240963855421,0.0,chloramphenicol,environmental,0.583,model
biura,9999.0,22,0,0.0060240963855421,0.0,"biura, biuras",environmental,0.727,model
socialvetenskap,9999.0,22,0,0.0060240963855421,0.0,socialvetenskap,environmental,0.641,model
adviesraad,9999.0,22,0,0.0060240963855421,0.0,adviesraad,environmental,0.525,model
esclusi,9999.0,22,0,0.0060240963855421,0.0,esclusi,environmental,0.546,model
educação,9999.0,22,0,0.0060240963855421,0.0,educação,environmental,0.584,model
existenti,9999.0,22,0,0.0060240963855421,0.0,existential,environmental,0.523,model
rock-dril,9999.0,22,0,0.0060240963855421,0.0,rock-drilling,environmental,0.726,model
hydrogencarbon,9999.0,22,0,0.0060240963855421,0.0,hydrogencarbonate,environmental,0.602,model
weterynarii,9999.0,22,0,0.0060240963855421,0.0,weterynarii,environmental,0.741,model
geotekniska,9999.0,22,0,0.0060240963855421,0.0,geotekniska,environmental,0.931,model
meteorologisch,9999.0,22,0,0.0060240963855421,0.0,meteorologisch,environmental,0.933,model
diehead,9999.0,22,0,0.0060240963855421,0.0,dieheads,environmental,0.548,model
sinker,9999.0,22,0,0.0060240963855421,0.0,"sinker, sinkers",environmental,0.512,model
stormwat,9999.0,22,0,0.0060240963855421,0.0,stormwater,environmental,0.935,model
kosgeb,9999.0,22,0,0.0060240963855421,0.0,kosgeb,environmental,0.795,model
asean-eu,9999.0,22,0,0.0060240963855421,0.0,asean-eu,environmental,0.508,model
näringar,9999.0,21,0,0.0057502738225629,0.0,näringar,environmental,0.612,model
museer,9999.0,21,0,0.0057502738225629,0.0,museer,environmental,0.724,model
bandsaw,9999.0,21,0,0.0057502738225629,0.0,"bandsaw, bandsaws",environmental,0.686,model
dramatiqu,9999.0,21,0,0.0057502738225629,0.0,dramatique,environmental,0.56,model
borax,9999.0,21,0,0.0057502738225629,0.0,borax,environmental,0.547,model
geodézi,9999.0,21,0,0.0057502738225629,0.0,geodézie,environmental,0.754,model
naturhistoriska,9999.0,21,0,0.0057502738225629,0.0,naturhistoriska,environmental,0.982,model
opleidingen,9999.0,21,0,0.0057502738225629,0.0,opleidingen,environmental,0.516,model
flounder,9999.0,21,0,0.0057502738225629,0.0,flounder,environmental,0.531,model
onisep,9999.0,21,0,0.0057502738225629,0.0,onisep,environmental,0.657,model
väestörekisterikesku,9999.0,21,0,0.0057502738225629,0.0,väestörekisterikeskus,environmental,0.589,model
alkoholio,9999.0,21,0,0.0057502738225629,0.0,alkoholio,environmental,0.969,model
décoratif,9999.0,21,0,0.0057502738225629,0.0,décoratifs,environmental,0.615,model
skoklost,9999.0,21,0,0.0057502738225629,0.0,skoklosters,environmental,0.593,model
lizard,9999.0,21,0,0.0057502738225629,0.0,"lizard, lizards",environmental,0.767,model
water-sav,9999.0,21,0,0.0057502738225629,0.0,water-saving,environmental,0.793,model
nistru,9999.0,21,0,0.0057502738225629,0.0,nistru,environmental,0.557,model
etiko,9999.0,21,0,0.0057502738225629,0.0,etikos,environmental,0.691,model
teknologija,9999.0,21,0,0.0057502738225629,0.0,teknologija,environmental,0.696,model
oikeu,9999.0,21,0,0.0057502738225629,0.0,oikeus,environmental,0.594,model
vaiko,9999.0,21,0,0.0057502738225629,0.0,vaiko,environmental,0.511,model
gebouwen,9999.0,21,0,0.0057502738225629,0.0,gebouwen,environmental,0.598,model
slag-wool,9999.0,21,0,0.0057502738225629,0.0,slag-wool,environmental,0.596,model
common-agricultural-policy,9999.0,21,0,0.0057502738225629,0.0,common-agricultural-policy,environmental,0.578,model
general-information-on-habitats-and-speci,9999.0,21,0,0.0057502738225629,0.0,general-information-on-habitats-and-species,environmental,0.885,model
okrožna,9999.0,21,0,0.0057502738225629,0.0,okrožna,environmental,0.541,model
tullilaito,9999.0,21,0,0.0057502738225629,0.0,tullilaitos,environmental,0.564,model
näringslivsutveckl,9999.0,21,0,0.0057502738225629,0.0,näringslivsutveckling,environmental,0.706,model
sotsiaalkindlustusamet,9999.0,21,0,0.0057502738225629,0.0,sotsiaalkindlustusamet,environmental,0.616,model
uddannelsesbygning,9999.0,21,0,0.0057502738225629,0.0,uddannelsesbygninger,environmental,0.572,model
satversm,9999.0,21,0,0.0057502738225629,0.0,satversmes,environmental,0.684,model
arbetsgivarverk,9999.0,21,0,0.0057502738225629,0.0,arbetsgivarverk,environmental,0.642,model
tarkastusvirasto,9999.0,21,0,0.0057502738225629,0.0,tarkastusvirasto,environmental,0.548,model
ipchem,9999.0,21,0,0.0057502738225629,0.0,ipchem,environmental,0.718,model
o-ethyl,9999.0,21,0,0.0057502738225629,0.0,o-ethyl,environmental,0.52,model
metrologijo,9999.0,21,0,0.0057502738225629,0.0,metrologijos,environmental,0.703,model
anklagemyndigheden,9999.0,21,0,0.0057502738225629,0.0,anklagemyndigheden,environmental,0.729,model
beaux-art,9999.0,21,0,0.0057502738225629,0.0,beaux-arts,environmental,0.704,model
migratsiooniamet,9999.0,21,0,0.0057502738225629,0.0,migratsiooniamet,environmental,0.804,model
ungdomsstyrelsen,9999.0,21,0,0.0057502738225629,0.0,ungdomsstyrelsen,environmental,0.506,model
pliktverk,9999.0,21,0,0.0057502738225629,0.0,pliktverk,environmental,0.516,model
rock-wool,9999.0,21,0,0.0057502738225629,0.0,rock-wool,environmental,0.603,model
hidrometeorologijo,9999.0,21,0,0.0057502738225629,0.0,hidrometeorologijos,environmental,0.964,model
okrajna,9999.0,21,0,0.0057502738225629,0.0,okrajna,environmental,0.528,model
ziekte-en,9999.0,21,0,0.0057502738225629,0.0,ziekte-en,environmental,0.563,model
at-risk-of-poverty,9999.0,21,0,0.0057502738225629,0.0,at-risk-of-poverty,environmental,0.59,model
livsmedelssäkerhetsverket,9999.0,21,0,0.0057502738225629,0.0,livsmedelssäkerhetsverket,environmental,0.597,model
mangan,9999.0,21,0,0.0057502738225629,0.0,"manganate, manganates, manganous",environmental,0.646,model
etnisk,9999.0,21,0,0.0057502738225629,0.0,etnisk,environmental,0.868,model
oxydi,9999.0,21,0,0.0057502738225629,0.0,oxydi,environmental,0.676,model
armoedsbestrijd,9999.0,21,0,0.0057502738225629,0.0,armoedsbestrijding,environmental,0.536,model
demark,9999.0,21,0,0.0057502738225629,0.0,"demark, demarked, demarks",environmental,0.504,model
riksgäldskontoret,9999.0,21,0,0.0057502738225629,0.0,riksgäldskontoret,environmental,0.503,model
genocido,9999.0,21,0,0.0057502738225629,0.0,genocido,environmental,0.774,model
singer-polignac,9999.0,21,0,0.0057502738225629,0.0,singer-polignac,environmental,0.503,model
regionálneho,9999.0,21,0,0.0057502738225629,0.0,regionálneho,environmental,0.637,model
leaf-spr,9999.0,21,0,0.0057502738225629,0.0,leaf-springs,environmental,0.896,model
regiobeleid,9999.0,21,0,0.0057502738225629,0.0,regiobeleid,environmental,0.553,model
communicatietechnologi,9999.0,21,0,0.0057502738225629,0.0,communicatietechnologie,environmental,0.506,model
arbetsförmedlingen,9999.0,21,0,0.0057502738225629,0.0,arbetsförmedlingen,environmental,0.725,model
sameskolor,9999.0,21,0,0.0057502738225629,0.0,sameskolor,environmental,0.556,model
umetnosti,9999.0,21,0,0.0057502738225629,0.0,umetnosti,environmental,0.535,model
arkitekturmuseet,9999.0,21,0,0.0057502738225629,0.0,arkitekturmuseet,environmental,0.737,model
hackathon,9999.0,21,0,0.0057502738225629,0.0,"hackathon, hackathons",environmental,0.515,model
jeugdbescherm,9999.0,21,0,0.0057502738225629,0.0,jeugdbescherming,environmental,0.551,model
musiksamlingar,9999.0,21,0,0.0057502738225629,0.0,musiksamlingar,environmental,0.58,model
aukščiausiasi,9999.0,21,0,0.0057502738225629,0.0,aukščiausiasis,environmental,0.547,model
poliisi,9999.0,21,0,0.0057502738225629,0.0,poliisi,environmental,0.516,model
tetrafluorid,9999.0,21,0,0.0057502738225629,0.0,tetrafluoride,environmental,0.635,model
tuomioistuimet,9999.0,21,0,0.0057502738225629,0.0,tuomioistuimet,environmental,0.743,model
naturalisatiedienst,9999.0,21,0,0.0057502738225629,0.0,naturalisatiedienst,environmental,0.918,model
planavimo,9999.0,21,0,0.0057502738225629,0.0,planavimo,environmental,0.525,model
anifom,9999.0,21,0,0.0057502738225629,0.0,anifom,environmental,0.622,model
sourd,9999.0,21,0,0.0057502738225629,0.0,sourds,environmental,0.65,model
trans-mediterranean,9999.0,21,0,0.0057502738225629,0.0,trans-mediterranean,environmental,0.689,model
piirivalveamet,9999.0,21,0,0.0057502738225629,0.0,piirivalveamet,environmental,0.698,model
socialn,9999.0,21,0,0.0057502738225629,0.0,socialne,environmental,0.516,model
lantmäteriverket,9999.0,21,0,0.0057502738225629,0.0,lantmäteriverket,environmental,0.509,model
manganit,9999.0,21,0,0.0057502738225629,0.0,"manganite, manganites",environmental,0.612,model
basin-wid,9999.0,21,0,0.0057502738225629,0.0,basin-wide,environmental,0.551,model
katastra,9999.0,21,0,0.0057502738225629,0.0,katastra,environmental,0.533,model
chloride-vinyl,9999.0,21,0,0.0057502738225629,0.0,chloride-vinyl,environmental,0.558,model
socialinio,9999.0,21,0,0.0057502738225629,0.0,socialinio,environmental,0.682,model
inconet,9999.0,21,0,0.0057502738225629,0.0,"inconet, inconets",environmental,0.526,model
immigrati,9999.0,21,0,0.0057502738225629,0.0,immigratie,environmental,0.665,model
arbetsdomstolen,9999.0,21,0,0.0057502738225629,0.0,arbetsdomstolen,environmental,0.708,model
camphechlor,9999.0,21,0,0.0057502738225629,0.0,camphechlor,environmental,0.574,model
bioetiko,9999.0,21,0,0.0057502738225629,0.0,bioetikos,environmental,0.943,model
technologiebeleid,9999.0,21,0,0.0057502738225629,0.0,technologiebeleid,environmental,0.522,model
psykosoci,9999.0,21,0,0.0057502738225629,0.0,psykosocial,environmental,0.724,model
agridata,9999.0,21,0,0.0057502738225629,0.0,agridata,environmental,0.563,model
työneuvosto,9999.0,21,0,0.0057502738225629,0.0,työneuvosto,environmental,0.546,model
nasa,9999.0,21,0,0.0057502738225629,0.0,"nasa, nasas",environmental,0.76,model
dimethylcyclohexanol,9999.0,21,0,0.0057502738225629,0.0,dimethylcyclohexanols,environmental,0.584,model
psykologiskt,9999.0,21,0,0.0057502738225629,0.0,psykologiskt,environmental,0.751,model
kartografii,9999.0,21,0,0.0057502738225629,0.0,kartografii,environmental,0.52,model
saicm,9999.0,21,0,0.0057502738225629,0.0,saicm,environmental,0.623,model
taimetoodangu,9999.0,21,0,0.0057502738225629,0.0,taimetoodangu,environmental,0.564,model
ebonit,9999.0,21,0,0.0057502738225629,0.0,ebonite,environmental,0.542,model
ressorterend,9999.0,21,0,0.0057502738225629,0.0,ressorterend,environmental,0.56,model
wetenschappen,9999.0,21,0,0.0057502738225629,0.0,wetenschappen,environmental,0.674,model
neįgalumo,9999.0,21,0,0.0057502738225629,0.0,neįgalumo,environmental,0.548,model
biografiskt,9999.0,21,0,0.0057502738225629,0.0,biografiskt,environmental,0.838,model
geologijo,9999.0,21,0,0.0057502738225629,0.0,geologijos,environmental,0.968,model
ketone-phenol,9999.0,21,0,0.0057502738225629,0.0,ketone-phenols,environmental,0.529,model
rezerv,9999.0,21,0,0.0057502738225629,0.0,rezerv,environmental,0.664,model
gezondheidsbescherm,9999.0,21,0,0.0057502738225629,0.0,gezondheidsbescherming,environmental,0.574,model
teisma,9999.0,21,0,0.0057502738225629,0.0,teismas,environmental,0.513,model
astrophys,9999.0,21,0,0.0057502738225629,0.0,"astrophysical, astrophysics",environmental,0.57,model
rolniczego,9999.0,21,0,0.0057502738225629,0.0,rolniczego,environmental,0.519,model
alpinism,9999.0,21,0,0.0057502738225629,0.0,alpinisme,environmental,0.663,model
lacustr,9999.0,21,0,0.0057502738225629,0.0,"lacustre, lacustres",environmental,0.668,model
metsauuenduskesku,9999.0,21,0,0.0057502738225629,0.0,metsauuenduskeskus,environmental,0.538,model
geodezji,9999.0,21,0,0.0057502738225629,0.0,geodezji,environmental,0.569,model
reklamutbildn,9999.0,21,0,0.0057502738225629,0.0,reklamutbildning,environmental,0.639,model
wetenschapsbeleid,9999.0,21,0,0.0057502738225629,0.0,wetenschapsbeleid,environmental,0.661,model
anticorupţi,9999.0,21,0,0.0057502738225629,0.0,anticorupţie,environmental,0.565,model
sporto,9999.0,21,0,0.0057502738225629,0.0,sporto,environmental,0.574,model
riksmuseet,9999.0,21,0,0.0057502738225629,0.0,riksmuseet,environmental,0.685,model
veeteed,9999.0,21,0,0.0057502738225629,0.0,veeteede,environmental,0.653,model
obrony,9999.0,21,0,0.0057502738225629,0.0,obrony,environmental,0.718,model
geo-informati,9999.0,21,0,0.0057502738225629,0.0,geo-informatie,environmental,0.749,model
sjukvården,9999.0,21,0,0.0057502738225629,0.0,sjukvårdens,environmental,0.615,model
kontrolieriau,9999.0,21,0,0.0057502738225629,0.0,kontrolieriaus,environmental,0.636,model
vinyltoluen,9999.0,21,0,0.0057502738225629,0.0,"vinyltoluene, vinyltoluenes",environmental,0.595,model
forensisch,9999.0,21,0,0.0057502738225629,0.0,forensisch,environmental,0.519,model
migrationsverket,9999.0,21,0,0.0057502738225629,0.0,migrationsverket,environmental,0.717,model
seimo,9999.0,21,0,0.0057502738225629,0.0,seimo,environmental,0.549,model
työtuomioistuin,9999.0,21,0,0.0057502738225629,0.0,työtuomioistuin,environmental,0.52,model
farm-to-fork,9999.0,21,0,0.0057502738225629,0.0,farm-to-fork,environmental,0.867,model
prezesa,9999.0,21,0,0.0057502738225629,0.0,prezesa,environmental,0.595,model
afvalwaterbehandel,9999.0,21,0,0.0057502738225629,0.0,afvalwaterbehandeling,environmental,0.88,model
neįgaliesiem,9999.0,21,0,0.0057502738225629,0.0,neįgaliesiems,environmental,0.642,model
kalbo,9999.0,21,0,0.0057502738225629,0.0,kalbos,environmental,0.584,model
hovioikeudet,9999.0,21,0,0.0057502738225629,0.0,hovioikeudet,environmental,0.51,model
oikeusturvakesku,9999.0,21,0,0.0057502738225629,0.0,oikeusturvakeskus,environmental,0.589,model
narkologijo,9999.0,21,0,0.0057502738225629,0.0,narkologijos,environmental,0.694,model
légion,9999.0,21,0,0.0057502738225629,0.0,légion,environmental,0.599,model
toroq,9999.0,21,0,0.0057502738225629,0.0,toroq,environmental,0.525,model
injection-mould,9999.0,21,0,0.0057502738225629,0.0,"injection-moulded, injection-moulding",environmental,0.503,model
aveugl,9999.0,21,0,0.0057502738225629,0.0,aveugles,environmental,0.7,model
cosystem,9999.0,21,0,0.0057502738225629,0.0,"cosystem, cosystems",environmental,0.962,model
ionon,9999.0,21,0,0.0057502738225629,0.0,"ionone, ionones",environmental,0.616,model
zoetwaterbeh,9999.0,21,0,0.0057502738225629,0.0,zoetwaterbeheer,environmental,0.831,model
arbetsrådet,9999.0,21,0,0.0057502738225629,0.0,arbetsrådet,environmental,0.618,model
medicininio,9999.0,21,0,0.0057502738225629,0.0,medicininio,environmental,0.568,model
octrooicentrum,9999.0,21,0,0.0057502738225629,0.0,octrooicentrum,environmental,0.605,model
céramiqu,9999.0,21,0,0.0057502738225629,0.0,céramique,environmental,0.755,model
apeliacini,9999.0,21,0,0.0057502738225629,0.0,apeliacinis,environmental,0.672,model
beroepsziekten,9999.0,21,0,0.0057502738225629,0.0,beroepsziekten,environmental,0.665,model
ochránc,9999.0,21,0,0.0057502738225629,0.0,ochránce,environmental,0.65,model
foxberri,9999.0,21,0,0.0057502738225629,0.0,foxberries,environmental,0.729,model
hairspr,9999.0,21,0,0.0057502738225629,0.0,"hairspring, hairsprings",environmental,0.76,model
kartografi,9999.0,21,0,0.0057502738225629,0.0,kartografie,environmental,0.519,model
glutethimid,9999.0,21,0,0.0057502738225629,0.0,glutethimide,environmental,0.509,model
sprängämnesinspektionen,9999.0,21,0,0.0057502738225629,0.0,sprängämnesinspektionen,environmental,0.516,model
psichiatrijo,9999.0,21,0,0.0057502738225629,0.0,psichiatrijos,environmental,0.614,model
ensea,9999.0,21,0,0.0057502738225629,0.0,ensea,environmental,0.756,model
archéologi,9999.0,21,0,0.0057502738225629,0.0,archéologie,environmental,0.922,model
rijksgebouwendienst,9999.0,21,0,0.0057502738225629,0.0,rijksgebouwendienst,environmental,0.608,model
pensioenen,9999.0,21,0,0.0057502738225629,0.0,pensioenen,environmental,0.573,model
saugumo,9999.0,21,0,0.0057502738225629,0.0,saugumo,environmental,0.583,model
methyprylon,9999.0,21,0,0.0057502738225629,0.0,methyprylon,environmental,0.518,model
paasch,9999.0,21,0,0.0057502738225629,0.0,paasche,environmental,0.608,model
hälsovården,9999.0,21,0,0.0057502738225629,0.0,"hälsovården, hälsovårdens",environmental,0.618,model
nuclear-bas,9999.0,20,0,0.0054764512595837,0.0,nuclear-based,environmental,0.522,model
hexanelactam,9999.0,20,0,0.0054764512595837,0.0,hexanelactam,environmental,0.673,model
trichlorophenoxyacet,9999.0,20,0,0.0054764512595837,0.0,trichlorophenoxyacetic,environmental,0.553,model
vinylbit,9999.0,20,0,0.0054764512595837,0.0,vinylbital,environmental,0.537,model
iluc,9999.0,20,0,0.0054764512595837,0.0,iluc,environmental,0.55,model
phenmetrazin,9999.0,20,0,0.0054764512595837,0.0,phenmetrazine,environmental,0.565,model
eera,9999.0,20,0,0.0054764512595837,0.0,eera,environmental,0.895,model
guitar,9999.0,20,0,0.0054764512595837,0.0,"guitar, guitars",environmental,0.538,model
clean-air,9999.0,20,0,0.0054764512595837,0.0,clean-air,environmental,0.783,model
deoxyribonucl,9999.0,20,0,0.0054764512595837,0.0,deoxyribonucleic,environmental,0.536,model
fenproporex,9999.0,20,0,0.0054764512595837,0.0,fenproporex,environmental,0.669,model
migracijo,9999.0,20,0,0.0054764512595837,0.0,migracijos,environmental,0.613,model
mefenorex,9999.0,20,0,0.0054764512595837,0.0,mefenorex,environmental,0.782,model
sea-relat,9999.0,20,0,0.0054764512595837,0.0,sea-related,environmental,0.835,model
aminohydroxynaphthalenesulphon,9999.0,20,0,0.0054764512595837,0.0,aminohydroxynaphthalenesulphonic,environmental,0.634,model
greenhouse-gases-view,9999.0,20,0,0.0054764512595837,0.0,greenhouse-gases-viewer,environmental,0.909,model
psophomet,9999.0,20,0,0.0054764512595837,0.0,psophometers,environmental,0.722,model
camazepam,9999.0,20,0,0.0054764512595837,0.0,camazepam,environmental,0.549,model
chinensi,9999.0,20,0,0.0054764512595837,0.0,chinensis,environmental,0.711,model
phentermin,9999.0,20,0,0.0054764512595837,0.0,phentermine,environmental,0.612,model
aei_hri,9999.0,20,0,0.0054764512595837,0.0,aei_hri,environmental,0.521,model
species-rich,9999.0,20,0,0.0054764512595837,0.0,species-rich,environmental,0.818,model
fencamfamin,9999.0,20,0,0.0054764512595837,0.0,"fencamfamin, fencamfamine",environmental,0.587,model
cupro-nickel,9999.0,20,0,0.0054764512595837,0.0,cupro-nickel,environmental,0.527,model
phenylaceton,9999.0,20,0,0.0054764512595837,0.0,phenylacetone,environmental,0.543,model
methaqualon,9999.0,20,0,0.0054764512595837,0.0,methaqualone,environmental,0.513,model
nemuna,9999.0,20,0,0.0054764512595837,0.0,"nemuna, nemunas",environmental,0.536,model
trimethylamin,9999.0,20,0,0.0054764512595837,0.0,trimethylamine,environmental,0.516,model
menageri,9999.0,20,0,0.0054764512595837,0.0,menageries,environmental,0.649,model
agro-chem,9999.0,20,0,0.0054764512595837,0.0,"agro-chemical, agro-chemicals",environmental,0.64,model
rutin,9999.0,20,0,0.0054764512595837,0.0,rutin,environmental,0.544,model
lefetamin,9999.0,20,0,0.0054764512595837,0.0,lefetamine,environmental,0.615,model
ethinam,9999.0,20,0,0.0054764512595837,0.0,ethinamate,environmental,0.698,model
methoxyethyl,9999.0,20,0,0.0054764512595837,0.0,methoxyethyl,environmental,0.549,model
windfarm,9999.0,20,0,0.0054764512595837,0.0,"windfarm, windfarms",environmental,0.835,model
tarnybo,9999.0,20,0,0.0054764512595837,0.0,tarnybos,environmental,0.531,model
difluoromethan,9999.0,20,0,0.0054764512595837,0.0,difluoromethane,environmental,0.686,model
soer,9999.0,20,0,0.0054764512595837,0.0,soer,environmental,1.0,known_acronym
metamfetamin,9999.0,20,0,0.0054764512595837,0.0,metamfetamine,environmental,0.558,model
estazolam,9999.0,20,0,0.0054764512595837,0.0,estazolam,environmental,0.524,model
ecgonin,9999.0,20,0,0.0054764512595837,0.0,ecgonine,environmental,0.979,model
rutosid,9999.0,20,0,0.0054764512595837,0.0,rutoside,environmental,0.679,model
ice-mak,9999.0,20,0,0.0054764512595837,0.0,"ice-makers, ice-making",environmental,0.612,model
granivor,9999.0,20,0,0.0054764512595837,0.0,"granivore, granivores",environmental,0.956,model
energy-pow,9999.0,20,0,0.0054764512595837,0.0,"energy-power, energy-powered",environmental,0.645,model
seagrass,9999.0,20,0,0.0054764512595837,0.0,"seagrass, seagrasses",environmental,0.982,model
pemolin,9999.0,20,0,0.0054764512595837,0.0,pemoline,environmental,0.509,model
epsilon-caprolactam,9999.0,20,0,0.0054764512595837,0.0,epsilon-caprolactam,environmental,0.721,model
levorphanol,9999.0,20,0,0.0054764512595837,0.0,levorphanol,environmental,0.588,model
micro-plast,9999.0,20,0,0.0054764512595837,0.0,"micro-plast, micro-plastic, micro-plastics",environmental,0.72,model
ferro-tungsten,9999.0,20,0,0.0054764512595837,0.0,ferro-tungsten,environmental,0.66,model
suntan,9999.0,20,0,0.0054764512595837,0.0,suntan,environmental,0.501,model
camchaticu,9999.0,20,0,0.0054764512595837,0.0,camchaticus,environmental,0.832,model
methylionon,9999.0,20,0,0.0054764512595837,0.0,methylionones,environmental,0.603,model
hectograph,9999.0,20,0,0.0054764512595837,0.0,"hectograph, hectographs",environmental,0.785,model
diphenoxyl,9999.0,20,0,0.0054764512595837,0.0,diphenoxylate,environmental,0.554,model
macaronesia,9999.0,20,0,0.0054764512595837,0.0,macaronesia,environmental,0.507,model
plume,9999.0,20,0,0.0054764512595837,0.0,"plume, plumes",environmental,0.722,model
nordic-balt,9999.0,20,0,0.0054764512595837,0.0,nordic-baltic,environmental,0.509,model
rbmp,980.6284227820372,215,1,0.0588718510405257,6.003482019571351e-05,"rbmp, rbmps",environmental,1.0,known_acronym
reforest,811.869112814896,178,1,0.0487404162102957,6.003482019571351e-05,"reforest, reforestation, reforested, reforesting",environmental,0.974,model
msfd,766.2584884994524,168,1,0.0460021905805038,6.003482019571351e-05,"msfd, msfds",environmental,1.0,known_acronym
water-relat,670.4761774370209,147,1,0.0402519167579408,6.003482019571351e-05,water-related,environmental,0.864,model
cropland,643.1098028477546,141,1,0.0386089813800657,6.003482019571351e-05,"cropland, croplands",environmental,0.81,model
peatland,643.1098028477546,141,1,0.0386089813800657,6.003482019571351e-05,"peatland, peatlands",environmental,0.963,model
pyrophor,592.9381161007667,130,1,0.0355969331872946,6.003482019571351e-05,pyrophoric,environmental,0.795,model
riding-crop,588.3770536692224,129,1,0.0353231106243154,6.003482019571351e-05,riding-crops,environmental,0.878,model
health-bas,588.3770536692224,129,1,0.0353231106243154,6.003482019571351e-05,health-based,environmental,0.593,model
runoff,515.4000547645127,113,1,0.0309419496166484,6.003482019571351e-05,"runoff, runoffs",environmental,0.84,model
inmat,478.9115553121577,105,1,0.0287513691128148,6.003482019571351e-05,"inmate, inmates",environmental,0.587,model
spectromet,451.5451807228916,99,1,0.0271084337349397,6.003482019571351e-05,"spectrometer, spectrometers",environmental,0.657,model
carbon-intens,442.4230558598029,97,1,0.0265607886089813,6.003482019571351e-05,"carbon-intense, carbon-intensive",environmental,0.514,model
floodplain,437.8619934282585,96,1,0.0262869660460021,6.003482019571351e-05,"floodplain, floodplains",environmental,0.926,model
nvironment,437.8619934282585,96,1,0.0262869660460021,6.003482019571351e-05,nvironmental,environmental,0.988,model
sub-basin,428.7398685651698,94,1,0.0257393209200438,6.003482019571351e-05,"sub-basin, sub-basins",environmental,0.632,model
check-rail,424.1788061336254,93,1,0.0254654983570646,6.003482019571351e-05,check-rails,environmental,0.51,model
cemeteri,419.61774370208104,92,1,0.0251916757940854,6.003482019571351e-05,cemeteries,environmental,0.953,model
climate-friendly,415.0566812705366,91,1,0.0249178532311062,6.003482019571351e-05,climate-friendly,environmental,0.922,model
stave,410.4956188389923,90,1,0.024644030668127,6.003482019571351e-05,"stave, staves",environmental,0.511,model
georeferenc,392.2513691128149,86,1,0.0235487404162102,6.003482019571351e-05,georeferenced,environmental,0.881,model
wildfir,369.4460569550931,81,1,0.0221796276013143,6.003482019571351e-05,"wildfire, wildfires",environmental,0.915,model
azulen,369.4460569550931,81,1,0.0221796276013143,6.003482019571351e-05,"azulene, azulenes",environmental,0.641,model
bio-fuel,346.6407447973713,76,1,0.0208105147864184,6.003482019571351e-05,"bio-fuel, bio-fuels",environmental,0.693,model
pluvial,342.07968236582695,75,1,0.0205366922234392,6.003482019571351e-05,"pluvial, pluviales",environmental,0.861,model
benthic,342.07968236582695,75,1,0.0205366922234392,6.003482019571351e-05,benthic,environmental,0.773,model
machine-tool,337.5186199342826,74,1,0.02026286966046,6.003482019571351e-05,"machine-tool, machine-tools",environmental,0.509,model
rotochut,332.9575575027382,73,1,0.0199890470974808,6.003482019571351e-05,rotochutes,environmental,0.858,model
co2eq,328.3964950711939,72,1,0.0197152245345016,6.003482019571351e-05,co2eq,environmental,0.883,model
bioeconomy,323.8354326396495,213,3,0.0583242059145673,0.0001801044605871,bioeconomy,environmental,0.923,model
microtom,323.8354326396495,71,1,0.0194414019715224,6.003482019571351e-05,microtomes,environmental,0.625,model
nviron,323.8354326396495,71,1,0.0194414019715224,6.003482019571351e-05,"nvironment, nvironments",environmental,0.979,model
monocular,323.8354326396495,71,1,0.0194414019715224,6.003482019571351e-05,"monocular, monoculars",environmental,0.557,model
climate-neutr,322.3150784958014,212,3,0.0580503833515881,0.0001801044605871,climate-neutral,environmental,0.823,model
zero-pollut,319.2743702081051,70,1,0.0191675794085432,6.003482019571351e-05,zero-pollution,environmental,0.706,model
terphenyl,319.2743702081051,70,1,0.0191675794085432,6.003482019571351e-05,"terphenyl, terphenyls",environmental,0.649,model
pyromet,319.2743702081051,70,1,0.0191675794085432,6.003482019571351e-05,"pyrometer, pyrometers",environmental,0.709,model
hydropow,311.97667031763416,342,5,0.0936473165388828,0.0003001741009785,"hydropow, hydropower",environmental,0.624,model
on-shor,310.1522453450164,68,1,0.0186199342825848,6.003482019571351e-05,"on-shore, on-shores",environmental,0.569,model
lulucf,308.6318912011683,203,3,0.0555859802847754,0.0001801044605871,lulucf,environmental,1.0,known_acronym
polycondens,305.5911829134721,67,1,0.0183461117196056,6.003482019571351e-05,"polycondensate, polycondensates, polycondensation",environmental,0.707,model
anti-freez,305.5911829134721,67,1,0.0183461117196056,6.003482019571351e-05,"anti-freeze, anti-freezing",environmental,0.73,model
gasif,301.0301204819277,66,1,0.0180722891566265,6.003482019571351e-05,"gasification, gasifications",environmental,0.7,model
althea,301.0301204819277,66,1,0.0180722891566265,6.003482019571351e-05,althea,environmental,0.521,model
photogrammetr,301.0301204819277,66,1,0.0180722891566265,6.003482019571351e-05,photogrammetrical,environmental,0.509,model
geoport,296.46905805038335,65,1,0.0177984665936473,6.003482019571351e-05,"geoportal, geoportals",environmental,0.9,model
phytoplankton,296.46905805038335,65,1,0.0177984665936473,6.003482019571351e-05,phytoplankton,environmental,0.979,model
co-gener,291.907995618839,64,1,0.0175246440306681,6.003482019571351e-05,"co-generation, co-generators",environmental,0.595,model
uaa,291.907995618839,64,1,0.0175246440306681,6.003482019571351e-05,uaa,environmental,0.514,model
reen,291.907995618839,64,1,0.0175246440306681,6.003482019571351e-05,"reen, reening",environmental,0.598,model
water-framework,287.34693318729467,63,1,0.0172508214676889,6.003482019571351e-05,water-framework,environmental,0.804,model
walking-stick,285.06640197152245,125,2,0.0342278203723986,0.0001200696403914,"walking-stick, walking-sticks",environmental,0.6,model
esparto,282.7858707557503,124,2,0.0339539978094194,0.0001200696403914,esparto,environmental,0.631,model
excavat,280.5053395399781,123,2,0.0336801752464403,0.0001200696403914,"excavated, excavating",environmental,0.826,model
bio-economy,278.22480832420587,122,2,0.0334063526834611,0.0001200696403914,bio-economy,environmental,0.924,model
resource-efficiency,278.22480832420587,61,1,0.0167031763417305,6.003482019571351e-05,resource-efficiency,environmental,0.611,model
reticl,278.22480832420587,61,1,0.0167031763417305,6.003482019571351e-05,reticles,environmental,0.511,model
agri-environment-clim,278.22480832420587,61,1,0.0167031763417305,6.003482019571351e-05,agri-environment-climate,environmental,0.979,model
geophys,275.94427710843377,121,2,0.0331325301204819,0.0001200696403914,"geophysical, geophysics",environmental,0.753,model
snowplough,273.66374589266155,60,1,0.0164293537787513,6.003482019571351e-05,snowploughs,environmental,0.794,model
electrolys,273.66374589266155,60,1,0.0164293537787513,6.003482019571351e-05,"electrolyser, electrolysers, electrolyses",environmental,0.573,model
shore-sid,269.1026834611172,59,1,0.0161555312157721,6.003482019571351e-05,"shore-side, shore-sided",environmental,0.519,model
pile-driv,264.54162102957287,58,1,0.0158817086527929,6.003482019571351e-05,"pile-drivers, pile-driving",environmental,0.522,model
ostomy,264.54162102957287,58,1,0.0158817086527929,6.003482019571351e-05,ostomy,environmental,0.527,model
needleloom,262.26108981380065,115,2,0.0314895947426067,0.0001200696403914,needleloom,environmental,0.547,model
diphenyleth,259.9805585980285,57,1,0.0156078860898138,6.003482019571351e-05,"diphenylether, diphenylethers",environmental,0.553,model
ameco,259.9805585980285,57,1,0.0156078860898138,6.003482019571351e-05,ameco,environmental,0.681,model
porpois,259.9805585980285,57,1,0.0156078860898138,6.003482019571351e-05,"porpoise, porpoises",environmental,0.781,model
iodiversity,255.41949616648412,56,1,0.0153340635268346,6.003482019571351e-05,iodiversity,environmental,0.981,model
turbo-jet,255.41949616648412,56,1,0.0153340635268346,6.003482019571351e-05,"turbo-jet, turbo-jets",environmental,0.519,model
telefer,255.41949616648412,56,1,0.0153340635268346,6.003482019571351e-05,teleferics,environmental,0.511,model
reprocessor,255.41949616648412,56,1,0.0153340635268346,6.003482019571351e-05,"reprocessor, reprocessors",environmental,0.62,model
photoresist,255.41949616648412,56,1,0.0153340635268346,6.003482019571351e-05,"photoresist, photoresists",environmental,0.821,model
wfd,250.85843373493975,275,5,0.0753012048192771,0.0003001741009785,"wfd, wfds",environmental,1.0,known_acronym
macro-region,250.85843373493975,110,2,0.0301204819277108,0.0001200696403914,macro-regional,environmental,0.598,model
pile-extractor,250.85843373493975,55,1,0.0150602409638554,6.003482019571351e-05,pile-extractors,environmental,0.758,model
riverb,250.85843373493975,55,1,0.0150602409638554,6.003482019571351e-05,"riverbed, riverbeds",environmental,0.864,model
ligneou,250.85843373493975,55,1,0.0150602409638554,6.003482019571351e-05,ligneous,environmental,0.527,model
quarri,250.85843373493975,55,1,0.0150602409638554,6.003482019571351e-05,"quarried, quarries",environmental,0.788,model
microcrystallin,246.2973713033954,108,2,0.0295728368017524,0.0001200696403914,microcrystalline,environmental,0.621,model
worship,246.2973713033954,54,1,0.0147864184008762,6.003482019571351e-05,worship,environmental,0.573,model
dropout,246.2973713033954,54,1,0.0147864184008762,6.003482019571351e-05,"dropout, dropouts",environmental,0.547,model
decarbon,246.2973713033954,54,1,0.0147864184008762,6.003482019571351e-05,"decarbonation, decarbonization, decarbonize",environmental,0.813,model
climate-relat,242.6485213581599,266,5,0.0728368017524644,0.0003001741009785,climate-related,environmental,0.965,model
climate-adapt,241.73630887185104,53,1,0.014512595837897,6.003482019571351e-05,"climate-adapt, climate-adaptable, climate-adaptation, climate-adapted, climate-adapting, climate-adaptive",environmental,0.862,model
globulin,241.73630887185104,53,1,0.014512595837897,6.003482019571351e-05,"globulin, globulins",environmental,0.559,model
bio-bas,238.6956005841548,157,3,0.0429901423877327,0.0001801044605871,bio-based,environmental,0.937,model
isic,237.1752464403067,52,1,0.0142387732749178,6.003482019571351e-05,isic,environmental,0.577,model
quintil,237.1752464403067,52,1,0.0142387732749178,6.003482019571351e-05,"quintile, quintiles, quintillion",environmental,0.548,model
birdlif,237.1752464403067,52,1,0.0142387732749178,6.003482019571351e-05,birdlife,environmental,0.924,model
snow-plough,237.1752464403067,52,1,0.0142387732749178,6.003482019571351e-05,snow-ploughs,environmental,0.782,model
cutlery,235.65489229645857,155,3,0.0424424972617743,0.0001801044605871,cutlery,environmental,0.537,model
fish-plat,232.61418400876235,102,2,0.0279299014238773,0.0001200696403914,fish-plates,environmental,0.71,model
overexploit,232.61418400876235,102,2,0.0279299014238773,0.0001200696403914,"overexploitation, overexploited, overexploiting",environmental,0.71,model
sandblast,232.61418400876235,102,2,0.0279299014238773,0.0001200696403914,"sandblasted, sandblasting",environmental,0.538,model
snow-blow,232.61418400876235,51,1,0.0139649507119386,6.003482019571351e-05,"snow-blower, snow-blowers",environmental,0.564,model
azid,232.61418400876235,51,1,0.0139649507119386,6.003482019571351e-05,"azide, azides",environmental,0.593,model
hydroelectr,228.05312157721795,100,2,0.0273822562979189,0.0001200696403914,"hydroelectric, hydroelectrical",environmental,0.601,model
octylphenol,228.05312157721795,50,1,0.0136911281489594,6.003482019571351e-05,"octylphenol, octylphenols",environmental,0.562,model
beetl,228.05312157721795,50,1,0.0136911281489594,6.003482019571351e-05,"beetle, beetles",environmental,0.848,model
fossil-bas,228.05312157721795,50,1,0.0136911281489594,6.003482019571351e-05,fossil-based,environmental,0.815,model
monofil,228.05312157721795,50,1,0.0136911281489594,6.003482019571351e-05,"monofil, monofills",environmental,0.753,model
semi-natur,225.7725903614458,99,2,0.0271084337349397,0.0001200696403914,semi-natural,environmental,0.738,model
macrophyt,223.4920591456736,49,1,0.0134173055859802,6.003482019571351e-05,"macrophyte, macrophytes, macrophytic",environmental,0.879,model
run-off,221.97170500182543,146,3,0.0399780941949616,0.0001801044605871,"run-off, run-offs",environmental,0.599,model
detaine,220.45135085797733,145,3,0.0397042716319824,0.0001801044605871,"detainee, detainees",environmental,0.525,model
pre-school,220.45135085797733,145,3,0.0397042716319824,0.0001801044605871,"pre-school, pre-schoolers, pre-schooling, pre-schools",environmental,0.613,model
trans-adriat,218.93099671412924,48,1,0.013143483023001,6.003482019571351e-05,trans-adriatic,environmental,0.633,model
rodenticid,216.65046549835708,95,2,0.026013143483023,0.0001200696403914,"rodenticide, rodenticides",environmental,0.801,model
remediat,216.65046549835708,95,2,0.026013143483023,0.0001200696403914,"remediat, remediated, remediating",environmental,0.665,model
odihr,215.890288426433,142,3,0.0388828039430449,0.0001801044605871,odihr,environmental,0.506,model
drop-out,214.3699342825849,94,2,0.0257393209200438,0.0001200696403914,"drop-out, drop-outs",environmental,0.513,model
weir,214.3699342825849,47,1,0.0128696604600219,6.003482019571351e-05,"weir, weirs",environmental,0.806,model
climate-chang,214.3699342825849,47,1,0.0128696604600219,6.003482019571351e-05,climate-change,environmental,0.905,model
riparian,214.3699342825849,141,3,0.0386089813800657,0.0001801044605871,"riparian, riparians",environmental,0.824,model
spittoon,209.80887185104052,46,1,0.0125958378970427,6.003482019571351e-05,"spittoon, spittoons",environmental,0.587,model
seab,208.89665936473168,229,5,0.0627053669222344,0.0003001741009785,"seabe, seabed, seabeds",environmental,0.915,model
pedicur,205.24780941949615,90,2,0.024644030668127,0.0001200696403914,"pedicure, pedicures, pedicuring",environmental,0.519,model
fossil-fuel,202.967278203724,89,2,0.0243702081051478,0.0001200696403914,"fossil-fuel, fossil-fueled, fossil-fuelled, fossil-fuels",environmental,0.699,model
orest,200.6867469879518,44,1,0.0120481927710843,6.003482019571351e-05,"orest, orestation, oreste, orests",environmental,0.708,model
albuminoid,200.68674698795175,132,3,0.036144578313253,0.0001801044605871,"albuminoid, albuminoidal",environmental,0.636,model
photochem,199.16639284410363,131,3,0.0358707557502738,0.0001801044605871,"photochem, photochemical, photochemicals",environmental,0.715,model
climate-proof,198.4062157721796,87,2,0.0238225629791894,0.0001200696403914,"climate-proof, climate-proofed, climate-proofing",environmental,0.845,model
biogeograph,198.4062157721796,87,2,0.0238225629791894,0.0001200696403914,"biogeographic, biogeographical",environmental,0.983,model
kurdish,196.12568455640744,43,1,0.0117743702081051,6.003482019571351e-05,kurdish,environmental,0.521,model
flywheel,196.12568455640744,43,1,0.0117743702081051,6.003482019571351e-05,"flywheel, flywheels",environmental,0.59,model
shorelin,196.12568455640744,43,1,0.0117743702081051,6.003482019571351e-05,"shoreline, shorelines",environmental,0.804,model
onnect,196.12568455640744,43,1,0.0117743702081051,6.003482019571351e-05,"onnect, onnected, onnecting, onnection, onnections",environmental,0.582,model
estuari,196.12568455640744,129,3,0.0353231106243154,0.0001801044605871,"estuarial, estuarie, estuaries, estuaris",environmental,0.941,model
planetary,193.84515334063528,85,2,0.0232749178532311,0.0001200696403914,planetary,environmental,0.608,model
lca,191.5646221248631,42,1,0.0115005476451259,6.003482019571351e-05,"lca, lcas",environmental,1.0,known_acronym
naphthylamin,191.5646221248631,42,1,0.0115005476451259,6.003482019571351e-05,"naphthylamine, naphthylamines",environmental,0.671,model
riverin,191.5646221248631,42,1,0.0115005476451259,6.003482019571351e-05,riverine,environmental,0.84,model
resistor,189.2840909090909,83,2,0.0227272727272727,0.0001200696403914,"resistor, resistors",environmental,0.688,model
bio-diversity,187.00355969331872,82,2,0.0224534501642935,0.0001200696403914,bio-diversity,environmental,0.956,model
magnetron,187.00355969331872,41,1,0.0112267250821467,6.003482019571351e-05,"magnetron, magnetrons",environmental,0.606,model
environm,187.00355969331872,41,1,0.0112267250821467,6.003482019571351e-05,"environm, environme",environmental,0.953,model
biota,185.48320554947057,122,3,0.0334063526834611,0.0001801044605871,biota,environmental,0.969,model
salinity,184.72302847754656,81,2,0.0221796276013143,0.0001200696403914,salinity,environmental,0.644,model
antisera,182.4424972617744,80,2,0.0219058050383351,0.0001200696403914,antisera,environmental,0.61,model
pentaoxid,182.4424972617744,40,1,0.0109529025191675,6.003482019571351e-05,pentaoxide,environmental,0.503,model
eurohpc,182.4424972617744,40,1,0.0109529025191675,6.003482019571351e-05,eurohpc,environmental,0.847,model
exhum,182.4424972617744,40,1,0.0109529025191675,6.003482019571351e-05,"exhumation, exhumations, exhume, exhumed, exhuming",environmental,0.542,model
argon,182.4424972617744,40,1,0.0109529025191675,6.003482019571351e-05,argon,environmental,0.708,model
hybridis,182.4424972617744,40,1,0.0109529025191675,6.003482019571351e-05,"hybridisation, hybridise, hybridised, hybridising",environmental,0.549,model
geotherm,182.44249726177435,200,5,0.0547645125958378,0.0003001741009785,"geotherm, geothermal, geothermic",environmental,0.801,model
astronom,177.88143483023,78,2,0.0213581599123767,0.0001200696403914,"astronomers, astronomical",environmental,0.564,model
reef,177.88143483023,78,2,0.0213581599123767,0.0001200696403914,"reef, reefs",environmental,0.921,model
urban-rur,177.88143483023,39,1,0.0106790799561883,6.003482019571351e-05,urban-rural,environmental,0.662,model
hydrolog,173.8905052026287,305,8,0.0835158817086527,0.0004802785615657,"hydrologic, hydrological",environmental,0.601,model
limat,173.32037239868566,76,2,0.0208105147864184,0.0001200696403914,"limate, limatic",environmental,0.763,model
tachomet,173.32037239868566,76,2,0.0208105147864184,0.0001200696403914,"tachometer, tachometers",environmental,0.524,model
coppic,173.32037239868566,38,1,0.0104052573932092,6.003482019571351e-05,"coppice, coppiced, coppices, coppicing",environmental,0.868,model
hydroelectricity,173.32037239868566,38,1,0.0104052573932092,6.003482019571351e-05,hydroelectricity,environmental,0.575,model
upholst,173.32037239868566,38,1,0.0104052573932092,6.003482019571351e-05,"upholstered, upholstering",environmental,0.503,model
polyacet,173.32037239868566,38,1,0.0104052573932092,6.003482019571351e-05,"polyacetal, polyacetals",environmental,0.71,model
ostrich,173.32037239868566,38,1,0.0104052573932092,6.003482019571351e-05,"ostrich, ostriches",environmental,0.695,model
chloroethan,173.32037239868566,38,1,0.0104052573932092,6.003482019571351e-05,chloroethane,environmental,0.768,model
opto-electron,173.32037239868566,38,1,0.0104052573932092,6.003482019571351e-05,"opto-electronic, opto-electronics",environmental,0.624,model
aquif,171.80001825483754,113,3,0.0309419496166484,0.0001801044605871,"aquifer, aquifers",environmental,0.827,model
eco-design,170.71405100923172,262,7,0.0717415115005476,0.0004202437413699,"eco-design, eco-designed, eco-designing, eco-designs",environmental,0.958,model
uwwtd,168.7593099671413,111,3,0.03039430449069,0.0001801044605871,uwwtd,environmental,1.0,known_acronym
scraper,168.7593099671413,111,3,0.03039430449069,0.0001801044605871,"scraper, scrapers",environmental,0.516,model
fluoranthen,168.7593099671413,74,2,0.02026286966046,0.0001200696403914,"fluoranthene, fluoranthener",environmental,0.696,model
eufor,168.7593099671413,74,2,0.02026286966046,0.0001200696403914,"eufor, euforic",environmental,0.574,model
gas-mantl,168.7593099671413,74,2,0.02026286966046,0.0001200696403914,gas-mantle,environmental,0.744,model
tetrahydrofurfuryl,168.7593099671413,37,1,0.01013143483023,6.003482019571351e-05,tetrahydrofurfuryl,environmental,0.555,model
gender-relat,168.7593099671413,37,1,0.01013143483023,6.003482019571351e-05,gender-related,environmental,0.534,model
horse-chestnut,168.7593099671413,37,1,0.01013143483023,6.003482019571351e-05,horse-chestnuts,environmental,0.71,model
emodnet,168.7593099671413,37,1,0.01013143483023,6.003482019571351e-05,emodnet,environmental,0.565,model
thiosulph,168.7593099671413,37,1,0.01013143483023,6.003482019571351e-05,"thiosulphate, thiosulphates",environmental,0.7,model
polyfluoroalkyl,168.7593099671413,37,1,0.01013143483023,6.003482019571351e-05,polyfluoroalkyl,environmental,0.624,model
sapwood,168.7593099671413,37,1,0.01013143483023,6.003482019571351e-05,sapwood,environmental,0.791,model
naphthol,168.7593099671413,37,1,0.01013143483023,6.003482019571351e-05,"naphthol, naphthols",environmental,0.647,model
aquarium,168.7593099671413,37,1,0.01013143483023,6.003482019571351e-05,"aquarium, aquariums",environmental,0.807,model
biotic,166.4787787513691,73,2,0.0199890470974808,0.0001200696403914,"biotic, biotics",environmental,0.969,model
hygromet,164.19824753559695,72,2,0.0197152245345016,0.0001200696403914,hygrometers,environmental,0.828,model
basalt,164.19824753559695,72,2,0.0197152245345016,0.0001200696403914,"basalt, basaltic, basalts",environmental,0.775,model
wale-yarn,164.19824753559695,72,2,0.0197152245345016,0.0001200696403914,wale-yarn,environmental,0.547,model
greenwash,164.19824753559695,36,1,0.0098576122672508,6.003482019571351e-05,"greenwash, greenwashing",environmental,0.514,model
quilt,164.19824753559695,36,1,0.0098576122672508,6.003482019571351e-05,"quilt, quilted, quilts",environmental,0.517,model
polder,164.19824753559695,36,1,0.0098576122672508,6.003482019571351e-05,"polder, polders",environmental,0.861,model
euramet,164.19824753559695,36,1,0.0098576122672508,6.003482019571351e-05,euramet,environmental,0.857,model
leaver,161.91771631982476,142,4,0.0388828039430449,0.0002401392807828,leavers,environmental,0.501,model
abiot,161.91771631982476,71,2,0.0194414019715224,0.0001200696403914,abiotic,environmental,0.569,model
salinis,161.91771631982476,71,2,0.0194414019715224,0.0001200696403914,"salinisation, salinised",environmental,0.568,model
toxic-fre,161.1575392479007,106,3,0.029025191675794,0.0001801044605871,toxic-free,environmental,0.574,model
phial,159.63718510405255,105,3,0.0287513691128148,0.0001801044605871,phials,environmental,0.534,model
polycycl,159.63718510405255,105,3,0.0287513691128148,0.0001801044605871,polycyclic,environmental,0.502,model
f-gase,159.63718510405255,70,2,0.0191675794085432,0.0001200696403914,f-gases,environmental,0.687,model
lavatory,159.63718510405255,35,1,0.0095837897042716,6.003482019571351e-05,lavatory,environmental,0.528,model
cajanu,159.63718510405255,35,1,0.0095837897042716,6.003482019571351e-05,cajanus,environmental,0.673,model
acidify,159.63718510405255,35,1,0.0095837897042716,6.003482019571351e-05,"acidify, acidifying",environmental,0.739,model
ustainability,159.63718510405255,35,1,0.0095837897042716,6.003482019571351e-05,ustainability,environmental,0.678,model
cresol,159.63718510405255,35,1,0.0095837897042716,6.003482019571351e-05,"cresol, cresols",environmental,0.643,model
epoxypropan,159.63718510405255,35,1,0.0095837897042716,6.003482019571351e-05,epoxypropane,environmental,0.516,model
diphosphoru,159.63718510405255,35,1,0.0095837897042716,6.003482019571351e-05,diphosphorus,environmental,0.741,model
suburb,159.63718510405255,35,1,0.0095837897042716,6.003482019571351e-05,"suburb, suburbs",environmental,0.692,model
igur,157.3566538882804,69,2,0.018893756845564,0.0001200696403914,"igure, igures",environmental,0.59,model
ecolabel,155.83629974443227,205,6,0.0561336254107338,0.0003602089211742,"ecolabel, ecolabelled, ecolabelling, ecolabels",environmental,0.754,model
eurobserv,155.0761226725082,68,2,0.0186199342825848,0.0001200696403914,"eurobserv, eurobserver",environmental,0.574,model
remelt,155.0761226725082,68,2,0.0186199342825848,0.0001200696403914,"remelt, remelted, remelters, remelting",environmental,0.503,model
anthracen,155.0761226725082,68,2,0.0186199342825848,0.0001200696403914,anthracene,environmental,0.612,model
enemalta,155.0761226725082,34,1,0.0093099671412924,6.003482019571351e-05,enemalta,environmental,0.677,model
wet-blu,155.0761226725082,34,1,0.0093099671412924,6.003482019571351e-05,wet-blue,environmental,0.534,model
emfaf,152.79559145673605,67,2,0.0183461117196056,0.0001200696403914,emfaf,environmental,0.615,model
fish-kniv,152.79559145673605,67,2,0.0183461117196056,0.0001200696403914,fish-knives,environmental,0.797,model
fire-extinguish,152.79559145673605,67,2,0.0183461117196056,0.0001200696403914,"fire-extinguisher, fire-extinguishers, fire-extinguishing",environmental,0.683,model
deforest,150.51506024096386,363,11,0.0993975903614457,0.0006603830221528,"deforest, deforestation, deforestations, deforested, deforesting",environmental,0.913,model
photovolta,150.51506024096386,297,9,0.0813253012048192,0.0005403133817614,"photovoltaic, photovoltaics",environmental,0.542,model
precipitat,150.51506024096386,99,3,0.0271084337349397,0.0001801044605871,"precipitat, precipitated, precipitating",environmental,0.651,model
esteri,150.51506024096386,33,1,0.0090361445783132,6.003482019571351e-05,esteri,environmental,0.505,model
illio,150.51506024096386,33,1,0.0090361445783132,6.003482019571351e-05,illio,environmental,0.548,model
lood,150.51506024096386,33,1,0.0090361445783132,6.003482019571351e-05,"lood, loods",environmental,0.622,model
mytilu,150.51506024096386,33,1,0.0090361445783132,6.003482019571351e-05,mytilus,environmental,0.526,model
agrari,150.51506024096386,33,1,0.0090361445783132,6.003482019571351e-05,agrari,environmental,0.574,model
crangon,150.51506024096386,33,1,0.0090361445783132,6.003482019571351e-05,crangon,environmental,0.56,model
wiod,150.51506024096386,33,1,0.0090361445783132,6.003482019571351e-05,wiod,environmental,0.686,model
abitat,150.51506024096386,33,1,0.0090361445783132,6.003482019571351e-05,"abitat, abitats",environmental,0.743,model
isopropylidenediphenol,150.51506024096386,33,1,0.0090361445783132,6.003482019571351e-05,isopropylidenediphenol,environmental,0.58,model
carbonis,150.51506024096386,33,1,0.0090361445783132,6.003482019571351e-05,"carbonisation, carbonise, carbonised, carbonising",environmental,0.768,model
australasicu,150.51506024096386,33,1,0.0090361445783132,6.003482019571351e-05,australasicus,environmental,0.572,model
homestead,150.51506024096386,33,1,0.0090361445783132,6.003482019571351e-05,"homestead, homesteads",environmental,0.699,model
eucalyptu,150.51506024096386,33,1,0.0090361445783132,6.003482019571351e-05,eucalyptus,environmental,0.962,model
multiflorum,150.51506024096386,33,1,0.0090361445783132,6.003482019571351e-05,multiflorum,environmental,0.574,model
recyclability,149.60284775465496,164,5,0.044906900328587,0.0003001741009785,recyclability,environmental,0.674,model
clipper,148.9947060971157,98,3,0.0268346111719605,0.0001801044605871,"clipper, clippers",environmental,0.595,model
preschool,148.23452902519168,65,2,0.0177984665936473,0.0001200696403914,"preschool, preschools",environmental,0.683,model
n2o,148.23452902519168,65,2,0.0177984665936473,0.0001200696403914,n2o,environmental,1.0,known_acronym
gini,147.4743519532676,97,3,0.0265607886089813,0.0001801044605871,"gini, ginis",environmental,0.504,model
seveso,146.71417488134355,193,6,0.0528477546549835,0.0003602089211742,seveso,environmental,1.0,known_acronym
biodiversity-relat,145.9539978094195,64,2,0.0175246440306681,0.0001200696403914,biodiversity-related,environmental,0.991,model
jellyfish,145.9539978094195,32,1,0.008762322015334,6.003482019571351e-05,jellyfish,environmental,0.853,model
prostaglandin,145.9539978094195,32,1,0.008762322015334,6.003482019571351e-05,"prostaglandin, prostaglandins",environmental,0.515,model
triphosph,145.9539978094195,32,1,0.008762322015334,6.003482019571351e-05,"triphosphate, triphosphates",environmental,0.716,model
srebrenica,145.9539978094195,32,1,0.008762322015334,6.003482019571351e-05,srebrenica,environmental,0.552,model
maricultur,145.9539978094195,32,1,0.008762322015334,6.003482019571351e-05,"mariculture, maricultures",environmental,0.952,model
convalesc,145.9539978094195,32,1,0.008762322015334,6.003482019571351e-05,"convalescence, convalescent",environmental,0.519,model
ceacr,145.9539978094195,32,1,0.008762322015334,6.003482019571351e-05,ceacr,environmental,0.862,model
anhydrit,145.9539978094195,32,1,0.008762322015334,6.003482019571351e-05,anhydrite,environmental,0.536,model
zero-energy,145.9539978094195,32,1,0.008762322015334,6.003482019571351e-05,zero-energy,environmental,0.568,model
cbd,144.65083711469254,222,7,0.06078860898138,0.0004202437413699,cbd,environmental,1.0,known_acronym
afforest,143.92685895095534,284,9,0.0777656078860898,0.0005403133817614,"afforest, afforestation, afforestations, afforested, afforesting",environmental,0.969,model
scarifi,141.39293537787515,31,1,0.0084884994523548,6.003482019571351e-05,"scarified, scarifier, scarifiers",environmental,0.513,model
buralist,141.39293537787515,31,1,0.0084884994523548,6.003482019571351e-05,"buraliste, buralistes",environmental,0.527,model
cucurbita,141.39293537787515,31,1,0.0084884994523548,6.003482019571351e-05,cucurbita,environmental,0.534,model
glycosid,141.39293537787515,31,1,0.0084884994523548,6.003482019571351e-05,"glycoside, glycosides",environmental,0.545,model
fraxinu,141.39293537787515,31,1,0.0084884994523548,6.003482019571351e-05,fraxinus,environmental,0.536,model
pruner,141.39293537787515,31,1,0.0084884994523548,6.003482019571351e-05,"pruner, pruners",environmental,0.672,model
organo-inorgan,141.39293537787515,31,1,0.0084884994523548,6.003482019571351e-05,organo-inorganic,environmental,0.588,model
vector-born,141.39293537787515,31,1,0.0084884994523548,6.003482019571351e-05,"vector-born, vector-borne",environmental,0.708,model
tibetan,141.39293537787515,31,1,0.0084884994523548,6.003482019571351e-05,tibetan,environmental,0.543,model
travertin,141.39293537787515,31,1,0.0084884994523548,6.003482019571351e-05,travertine,environmental,0.536,model
herbivor,141.39293537787515,31,1,0.0084884994523548,6.003482019571351e-05,"herbivore, herbivores, herbivorous",environmental,0.962,model
heatwav,139.11240416210293,61,2,0.0167031763417305,0.0001200696403914,"heatwave, heatwaves",environmental,0.525,model
heterocycl,136.83187294633078,90,3,0.024644030668127,0.0001801044605871,heterocyclic,environmental,0.594,model
anti-sprout,136.83187294633078,60,2,0.0164293537787513,0.0001200696403914,anti-sprouting,environmental,0.816,model
agrifood,136.83187294633078,60,2,0.0164293537787513,0.0001200696403914,agrifood,environmental,0.965,model
regasif,136.83187294633078,60,2,0.0164293537787513,0.0001200696403914,regasification,environmental,0.769,model
isoproturon,136.83187294633078,30,1,0.0082146768893756,6.003482019571351e-05,isoproturon,environmental,0.637,model
pollachiu,136.83187294633078,30,1,0.0082146768893756,6.003482019571351e-05,pollachius,environmental,0.846,model
plant-bas,136.83187294633078,30,1,0.0082146768893756,6.003482019571351e-05,plant-based,environmental,0.943,model
evro,136.83187294633078,30,1,0.0082146768893756,6.003482019571351e-05,evros,environmental,0.801,model
digitaria,136.83187294633078,30,1,0.0082146768893756,6.003482019571351e-05,digitaria,environmental,0.586,model
boreal,136.83187294633078,30,1,0.0082146768893756,6.003482019571351e-05,boreal,environmental,0.659,model
e-vehicl,136.83187294633078,30,1,0.0082146768893756,6.003482019571351e-05,"e-vehicle, e-vehicles",environmental,0.539,model
piezoelectr,136.83187294633078,30,1,0.0082146768893756,6.003482019571351e-05,piezoelectric,environmental,0.594,model
biobas,136.83187294633078,30,1,0.0082146768893756,6.003482019571351e-05,"biobase, biobased",environmental,0.785,model
dike,136.83187294633078,30,1,0.0082146768893756,6.003482019571351e-05,"dike, dikes",environmental,0.747,model
ecofy,136.83187294633078,30,1,0.0082146768893756,6.003482019571351e-05,ecofys,environmental,0.982,model
chanterel,136.83187294633078,30,1,0.0082146768893756,6.003482019571351e-05,"chanterelle, chanterelles",environmental,0.565,model
viren,136.83187294633078,30,1,0.0082146768893756,6.003482019571351e-05,virens,environmental,0.583,model
electrolysi,135.31151880248265,89,3,0.0243702081051478,0.0001801044605871,electrolysis,environmental,0.697,model
phosphin,134.5513417305586,59,2,0.0161555312157721,0.0001200696403914,"phosphinate, phosphinates, phosphine, phosphinic",environmental,0.71,model
helcom,133.79116465863453,88,3,0.0240963855421686,0.0001801044605871,helcom,environmental,0.555,model
hydrofluorocarbon,133.79116465863453,88,3,0.0240963855421686,0.0001801044605871,"hydrofluorocarbon, hydrofluorocarbons",environmental,0.679,model
carpentry,133.18302300109528,146,5,0.0399780941949616,0.0003001741009785,carpentry,environmental,0.559,model
grader,132.27081051478643,116,4,0.0317634173055859,0.0002401392807828,"grader, graders",environmental,0.675,model
eco-efficiency,132.27081051478643,58,2,0.0158817086527929,0.0001200696403914,eco-efficiency,environmental,0.991,model
leachat,132.27081051478643,29,1,0.0079408543263964,6.003482019571351e-05,"leachate, leachates",environmental,0.772,model
cassette-play,132.27081051478643,29,1,0.0079408543263964,6.003482019571351e-05,cassette-players,environmental,0.507,model
cotter,132.27081051478643,29,1,0.0079408543263964,6.003482019571351e-05,"cotter, cotters",environmental,0.648,model
silvicultur,132.27081051478643,29,1,0.0079408543263964,6.003482019571351e-05,"silvicultural, silviculture",environmental,0.887,model
walrus,132.27081051478643,29,1,0.0079408543263964,6.003482019571351e-05,walruses,environmental,0.783,model
anthracit,132.27081051478643,29,1,0.0079408543263964,6.003482019571351e-05,"anthracite, anthracites",environmental,0.789,model
sockey,132.27081051478643,29,1,0.0079408543263964,6.003482019571351e-05,sockeye,environmental,0.641,model
karamani,132.27081051478643,29,1,0.0079408543263964,6.003482019571351e-05,karamanie,environmental,0.602,model
canalis,132.27081051478643,29,1,0.0079408543263964,6.003482019571351e-05,"canalisation, canalisations, canalise",environmental,0.678,model
kindergarten,132.2708105147864,87,3,0.0238225629791894,0.0001801044605871,"kindergarten, kindergartens",environmental,0.744,model
hexachlorobenzen,130.7504563709383,86,3,0.0235487404162102,0.0001801044605871,hexachlorobenzene,environmental,0.664,model
eco-effici,129.99027929901425,57,2,0.0156078860898138,0.0001200696403914,"eco-efficiant, eco-efficiencies, eco-efficient",environmental,0.917,model
tellurium,129.99027929901425,57,2,0.0156078860898138,0.0001200696403914,tellurium,environmental,0.569,model
sulphon,127.70974808324206,112,4,0.0306681270536692,0.0002401392807828,"sulphonate, sulphonates, sulphonation, sulphone, sulphonic",environmental,0.689,model
decompos,127.70974808324206,56,2,0.0153340635268346,0.0001200696403914,"decompose, decomposed, decomposers, decomposes, decomposing",environmental,0.862,model
nipac,127.70974808324206,28,1,0.0076670317634173,6.003482019571351e-05,"nipac, nipacs",environmental,0.625,model
dechloran,127.70974808324206,28,1,0.0076670317634173,6.003482019571351e-05,dechlorane,environmental,0.748,model
bromotrifluoromethan,127.70974808324206,28,1,0.0076670317634173,6.003482019571351e-05,bromotrifluoromethane,environmental,0.722,model
pentachlorid,127.70974808324206,28,1,0.0076670317634173,6.003482019571351e-05,pentachloride,environmental,0.599,model
rioritis,127.70974808324206,28,1,0.0076670317634173,6.003482019571351e-05,"rioritisation, rioritise, rioritised, rioritising",environmental,0.565,model
arcadia,127.70974808324206,28,1,0.0076670317634173,6.003482019571351e-05,arcadia,environmental,0.794,model
air_en,127.70974808324206,28,1,0.0076670317634173,6.003482019571351e-05,air_en,environmental,0.575,model
okolj,127.70974808324206,28,1,0.0076670317634173,6.003482019571351e-05,okolje,environmental,0.655,model
energiei,127.70974808324206,28,1,0.0076670317634173,6.003482019571351e-05,energiei,environmental,0.729,model
scourer,127.70974808324206,28,1,0.0076670317634173,6.003482019571351e-05,scourers,environmental,0.656,model
hydroxybenzen,127.70974808324206,28,1,0.0076670317634173,6.003482019571351e-05,hydroxybenzene,environmental,0.543,model
chlorobenzen,127.70974808324206,28,1,0.0076670317634173,6.003482019571351e-05,"chlorobenzene, chlorobenzenes",environmental,0.658,model
hosepip,127.70974808324206,28,1,0.0076670317634173,6.003482019571351e-05,hosepiping,environmental,0.67,model
end-of-pip,127.70974808324206,28,1,0.0076670317634173,6.003482019571351e-05,end-of-pipe,environmental,0.519,model
byproduct,127.70974808324206,28,1,0.0076670317634173,6.003482019571351e-05,"byproduct, byproducts",environmental,0.756,model
swietenia,127.70974808324206,28,1,0.0076670317634173,6.003482019571351e-05,swietenia,environmental,0.507,model
bromochlorodifluoromethan,127.70974808324206,28,1,0.0076670317634173,6.003482019571351e-05,bromochlorodifluoromethane,environmental,0.688,model
polyphosphor,127.70974808324206,28,1,0.0076670317634173,6.003482019571351e-05,polyphosphoric,environmental,0.752,model
polyeth,127.70974808324203,140,5,0.0383351588170865,0.0003001741009785,"polyether, polyethers",environmental,0.676,model
tributyltin,127.70974808324203,84,3,0.0230010952902519,0.0001801044605871,tributyltin,environmental,0.518,model
paper-mak,126.7975355969332,139,5,0.0380613362541073,0.0003001741009785,paper-making,environmental,0.563,model
pentachlorobenzen,125.42921686746988,55,2,0.0150602409638554,0.0001200696403914,pentachlorobenzene,environmental,0.673,model
asbestos-c,125.42921686746988,55,2,0.0150602409638554,0.0001200696403914,asbestos-cement,environmental,0.59,model
fertiliz,125.42921686746988,55,2,0.0150602409638554,0.0001200696403914,"fertilized, fertilizing",environmental,0.85,model
papermak,124.6690397955458,82,3,0.0224534501642935,0.0001801044605871,papermaking,environmental,0.568,model
shovel,123.1486856516977,108,4,0.0295728368017524,0.0002401392807828,"shovel, shoveller, shovels",environmental,0.6,model
skimmer,123.1486856516977,81,3,0.0221796276013143,0.0001801044605871,"skimmer, skimmers",environmental,0.705,model
hetero-atom,123.1486856516977,81,3,0.0221796276013143,0.0001801044605871,"hetero-atom, hetero-atoms",environmental,0.673,model
kaolin,123.1486856516977,54,2,0.0147864184008762,0.0001200696403914,"kaolin, kaolinic",environmental,0.71,model
microassembli,123.1486856516977,54,2,0.0147864184008762,0.0001200696403914,microassemblies,environmental,0.6,model
eulex,123.1486856516977,54,2,0.0147864184008762,0.0001200696403914,eulex,environmental,0.711,model
pyrolysi,123.1486856516977,54,2,0.0147864184008762,0.0001200696403914,pyrolysis,environmental,0.773,model
hand-decor,123.1486856516977,54,2,0.0147864184008762,0.0001200696403914,hand-decoration,environmental,0.535,model
tungstat,123.1486856516977,27,1,0.0073932092004381,6.003482019571351e-05,"tungstate, tungstates",environmental,0.778,model
glazier,123.1486856516977,27,1,0.0073932092004381,6.003482019571351e-05,glaziers,environmental,0.63,model
penicillan,123.1486856516977,27,1,0.0073932092004381,6.003482019571351e-05,penicillanic,environmental,0.664,model
weaponry,123.1486856516977,27,1,0.0073932092004381,6.003482019571351e-05,weaponry,environmental,0.533,model
undernourish,123.1486856516977,27,1,0.0073932092004381,6.003482019571351e-05,"undernourished, undernourishment",environmental,0.68,model
micromesistiu,123.1486856516977,27,1,0.0073932092004381,6.003482019571351e-05,micromesistius,environmental,0.544,model
súlade,123.1486856516977,27,1,0.0073932092004381,6.003482019571351e-05,súlade,environmental,0.623,model
surtax,123.1486856516977,27,1,0.0073932092004381,6.003482019571351e-05,surtax,environmental,0.548,model
overeenstemm,123.1486856516977,27,1,0.0073932092004381,6.003482019571351e-05,overeenstemming,environmental,0.931,model
trichloronitromethan,123.1486856516977,27,1,0.0073932092004381,6.003482019571351e-05,trichloronitromethane,environmental,0.637,model
fusel,120.86815443592552,53,2,0.014512595837897,0.0001200696403914,fusel,environmental,0.642,model
rainwat,119.72788882803944,105,4,0.0287513691128148,0.0002401392807828,rainwater,environmental,0.791,model
bromomethan,118.58762322015336,26,1,0.0071193866374589,6.003482019571351e-05,bromomethane,environmental,0.659,model
sparida,118.58762322015336,26,1,0.0071193866374589,6.003482019571351e-05,sparidae,environmental,0.82,model
atlas,118.58762322015336,26,1,0.0071193866374589,6.003482019571351e-05,"atlase, atlases",environmental,0.541,model
deep-tech,118.58762322015336,26,1,0.0071193866374589,6.003482019571351e-05,deep-tech,environmental,0.565,model
agronomiqu,118.58762322015336,26,1,0.0071193866374589,6.003482019571351e-05,"agronomique, agronomiques",environmental,0.923,model
adduct,118.58762322015336,26,1,0.0071193866374589,6.003482019571351e-05,"adduct, adducted, adduction, adducts",environmental,0.511,model
chloromethan,118.58762322015336,26,1,0.0071193866374589,6.003482019571351e-05,chloromethane,environmental,0.726,model
wind-pow,118.58762322015336,26,1,0.0071193866374589,6.003482019571351e-05,"wind-power, wind-powered",environmental,0.824,model
landslid,117.44735761226724,103,4,0.0282037239868565,0.0002401392807828,"landslide, landslides",environmental,0.823,model
groundwat,117.44735761226724,515,20,0.1410186199342825,0.0012006964039142,"groundwat, groundwater, groundwaters",environmental,0.857,model
decatis,116.30709200438118,102,4,0.0279299014238773,0.0002401392807828,decatising,environmental,0.58,model
bioliquid,116.30709200438118,51,2,0.0139649507119386,0.0001200696403914,"bioliquid, bioliquids",environmental,0.716,model
pentachlorophenol,116.30709200438118,51,2,0.0139649507119386,0.0001200696403914,pentachlorophenol,environmental,0.549,model
electro-med,116.30709200438118,51,2,0.0139649507119386,0.0001200696403914,electro-medical,environmental,0.601,model
freshwat,114.59669359255204,402,16,0.1100766703176341,0.0009605571231314,"freshwater, freshwaters",environmental,0.926,model
ecology,114.02656078860898,150,6,0.0410733844468784,0.0003602089211742,ecology,environmental,0.993,model
taxa,114.02656078860898,75,3,0.0205366922234392,0.0001801044605871,"taxa, taxas",environmental,0.532,model
flashlight,114.02656078860898,75,3,0.0205366922234392,0.0001801044605871,"flashlight, flashlights",environmental,0.529,model
shaver,114.02656078860898,50,2,0.0136911281489594,0.0001200696403914,"shaver, shavers",environmental,0.542,model
spermicid,114.02656078860898,25,1,0.0068455640744797,6.003482019571351e-05,"spermicide, spermicides",environmental,0.666,model
emep,114.02656078860898,25,1,0.0068455640744797,6.003482019571351e-05,emep,environmental,0.601,model
veterinarijo,114.02656078860898,25,1,0.0068455640744797,6.003482019571351e-05,"veterinarijo, veterinarijos",environmental,0.613,model
epoxyphenol,114.02656078860898,25,1,0.0068455640744797,6.003482019571351e-05,epoxyphenols,environmental,0.553,model
porbeagl,114.02656078860898,25,1,0.0068455640744797,6.003482019571351e-05,porbeagle,environmental,0.592,model
nitroso,114.02656078860898,25,1,0.0068455640744797,6.003482019571351e-05,nitroso,environmental,0.735,model
billiard,114.02656078860898,25,1,0.0068455640744797,6.003482019571351e-05,"billiard, billiards",environmental,0.522,model
chloropicrin,114.02656078860898,25,1,0.0068455640744797,6.003482019571351e-05,"chloropicrin, chloropicrine",environmental,0.681,model
ferro-nickel,114.02656078860898,25,1,0.0068455640744797,6.003482019571351e-05,ferro-nickel,environmental,0.584,model
oxygen-funct,114.02656078860898,25,1,0.0068455640744797,6.003482019571351e-05,oxygen-function,environmental,0.558,model
barber,114.02656078860898,25,1,0.0068455640744797,6.003482019571351e-05,"barber, barbers",environmental,0.517,model
tetracyclin,114.02656078860898,25,1,0.0068455640744797,6.003482019571351e-05,"tetracycline, tetracyclines",environmental,0.646,model
driverless,114.02656078860898,25,1,0.0068455640744797,6.003482019571351e-05,driverless,environmental,0.508,model
magneto-dynamo,114.02656078860898,25,1,0.0068455640744797,6.003482019571351e-05,magneto-dynamos,environmental,0.514,model
deterpenat,114.02656078860898,25,1,0.0068455640744797,6.003482019571351e-05,deterpenated,environmental,0.518,model
gaec,112.50620664476088,74,3,0.02026286966046,0.0001801044605871,"gaec, gaecs",environmental,0.726,model
bref,111.7460295728368,98,4,0.0268346111719605,0.0002401392807828,"bref, brefs",environmental,1.0,known_acronym
ellen,111.7460295728368,49,2,0.0134173055859802,0.0001200696403914,"ellen, ellenic",environmental,0.509,model
snake,111.7460295728368,49,2,0.0134173055859802,0.0001200696403914,"snake, snakes",environmental,0.732,model
co2-eq,111.7460295728368,49,2,0.0134173055859802,0.0001200696403914,co2-eq,environmental,0.701,model
furskin,110.98585250091271,146,6,0.0399780941949616,0.0003602089211742,"furskin, furskins",environmental,0.629,model
hemiacet,110.98585250091271,73,3,0.0199890470974808,0.0001801044605871,"hemiacetal, hemiacetals",environmental,0.743,model
ethnically,109.46549835706462,48,2,0.013143483023001,0.0001200696403914,ethnically,environmental,0.887,model
hexachlorobutadien,109.46549835706462,48,2,0.013143483023001,0.0001200696403914,"hexachlorobutadien, hexachlorobutadiene",environmental,0.59,model
draudimo,109.46549835706462,24,1,0.0065717415115005,6.003482019571351e-05,draudimo,environmental,0.549,model
isobenzofuran,109.46549835706462,24,1,0.0065717415115005,6.003482019571351e-05,isobenzofuran,environmental,0.557,model
faun,109.46549835706462,24,1,0.0065717415115005,6.003482019571351e-05,"faune, fauns",environmental,0.587,model
climate-induc,109.46549835706462,24,1,0.0065717415115005,6.003482019571351e-05,climate-induced,environmental,0.891,model
sulfid,109.46549835706462,24,1,0.0065717415115005,6.003482019571351e-05,"sulfide, sulfides",environmental,0.641,model
scape,109.46549835706462,24,1,0.0065717415115005,6.003482019571351e-05,"scape, scapes",environmental,0.776,model
e-flow,109.46549835706462,24,1,0.0065717415115005,6.003482019571351e-05,"e-flow, e-flows",environmental,0.602,model
biodiv,109.46549835706462,24,1,0.0065717415115005,6.003482019571351e-05,"biodiv, biodive, biodiver, biodivers",environmental,0.993,model
skagerrak,109.46549835706462,24,1,0.0065717415115005,6.003482019571351e-05,skagerrak,environmental,0.561,model
xylenol,109.46549835706462,24,1,0.0065717415115005,6.003482019571351e-05,"xylenol, xylenols",environmental,0.552,model
chloroethyl,109.46549835706462,24,1,0.0065717415115005,6.003482019571351e-05,chloroethyl,environmental,0.645,model
record-play,109.46549835706462,24,1,0.0065717415115005,6.003482019571351e-05,record-players,environmental,0.555,model
démographiqu,109.46549835706462,24,1,0.0065717415115005,6.003482019571351e-05,"démographique, démographiques",environmental,0.79,model
safem,109.46549835706462,24,1,0.0065717415115005,6.003482019571351e-05,safemed,environmental,0.612,model
hydrogenorthophosph,109.46549835706462,24,1,0.0065717415115005,6.003482019571351e-05,hydrogenorthophosphate,environmental,0.656,model
venerida,109.46549835706462,24,1,0.0065717415115005,6.003482019571351e-05,veneridae,environmental,0.727,model
heparin,109.46549835706462,24,1,0.0065717415115005,6.003482019571351e-05,heparin,environmental,0.52,model
engi,109.46549835706462,24,1,0.0065717415115005,6.003482019571351e-05,"engie, engis",environmental,0.531,model
haemostat,109.46549835706462,24,1,0.0065717415115005,6.003482019571351e-05,"haemostatic, haemostatics",environmental,0.749,model
trinom,109.46549835706462,24,1,0.0065717415115005,6.003482019571351e-05,"trinomic, trinomics",environmental,0.5,model
hydromet,107.9451442132165,71,3,0.0194414019715224,0.0001801044605871,"hydrometal, hydrometer, hydrometers",environmental,0.709,model
underwat,107.5107573149742,165,7,0.0451807228915662,0.0004202437413699,"underwat, underwater",environmental,0.861,model
hazemet,107.18496714129245,47,2,0.0128696604600219,0.0001200696403914,hazemeter,environmental,0.717,model
eco-industri,107.18496714129245,47,2,0.0128696604600219,0.0001200696403914,"eco-industrial, eco-industries",environmental,0.874,model
envir,107.18496714129245,47,2,0.0128696604600219,0.0001200696403914,envir,environmental,0.901,model
cogener,106.6148343373494,187,8,0.0512048192771084,0.0004802785615657,"cogenerate, cogeneration, cogenerations, cogenerators",environmental,0.608,model
afco,104.90443592552026,92,4,0.0251916757940854,0.0002401392807828,"afco, afcos",environmental,0.566,model
eco-friendly,104.90443592552026,69,3,0.018893756845564,0.0001801044605871,eco-friendly,environmental,0.99,model
bagass,104.90443592552026,69,3,0.018893756845564,0.0001801044605871,bagasse,environmental,0.567,model
agriculture-relat,104.90443592552026,46,2,0.0125958378970427,0.0001200696403914,agriculture-related,environmental,0.666,model
bidet,104.90443592552026,46,2,0.0125958378970427,0.0001200696403914,"bidet, bidets",environmental,0.753,model
energetyki,104.90443592552026,23,1,0.0062979189485213,6.003482019571351e-05,energetyki,environmental,0.971,model
theodolit,104.90443592552026,23,1,0.0062979189485213,6.003482019571351e-05,"theodolite, theodolites",environmental,0.671,model
fluroxypyr,104.90443592552026,23,1,0.0062979189485213,6.003482019571351e-05,fluroxypyr,environmental,0.667,model
ical,104.90443592552026,23,1,0.0062979189485213,6.003482019571351e-05,ical,environmental,0.507,model
car-shar,104.90443592552026,23,1,0.0062979189485213,6.003482019571351e-05,car-sharing,environmental,0.508,model
teismai,104.90443592552026,23,1,0.0062979189485213,6.003482019571351e-05,teismai,environmental,0.618,model
tehnologiei,104.90443592552026,23,1,0.0062979189485213,6.003482019571351e-05,tehnologiei,environmental,0.665,model
hospitali,104.90443592552026,23,1,0.0062979189485213,6.003482019571351e-05,"hospitalier, hospitaliers",environmental,0.552,model
plankton,104.90443592552026,23,1,0.0062979189485213,6.003482019571351e-05,"plankton, planktonic",environmental,0.931,model
thiocarbam,104.90443592552026,23,1,0.0062979189485213,6.003482019571351e-05,"thiocarbamate, thiocarbamates",environmental,0.725,model
glycerin,104.90443592552026,23,1,0.0062979189485213,6.003482019571351e-05,"glycerin, glycerine",environmental,0.51,model
battlefield,104.90443592552026,23,1,0.0062979189485213,6.003482019571351e-05,"battlefield, battlefields",environmental,0.534,model
hydrometeorolog,104.90443592552026,23,1,0.0062979189485213,6.003482019571351e-05,hydrometeorological,environmental,0.947,model
dengu,104.90443592552026,23,1,0.0062979189485213,6.003482019571351e-05,dengue,environmental,0.581,model
gebi,104.90443592552026,23,1,0.0062979189485213,6.003482019571351e-05,gebied,environmental,0.774,model
resurs,104.90443592552026,23,1,0.0062979189485213,6.003482019571351e-05,"resurse, resurser",environmental,0.619,model
ephedra,104.90443592552026,23,1,0.0062979189485213,6.003482019571351e-05,ephedra,environmental,0.54,model
expériment,104.90443592552026,23,1,0.0062979189485213,6.003482019571351e-05,"expérimental, expérimentation",environmental,0.502,model
anvil,104.90443592552026,23,1,0.0062979189485213,6.003482019571351e-05,"anvil, anvils",environmental,0.512,model
aritim,104.90443592552026,23,1,0.0062979189485213,6.003482019571351e-05,aritime,environmental,0.662,model
energetiko,104.90443592552026,23,1,0.0062979189485213,6.003482019571351e-05,"energetiko, energetikos",environmental,0.923,model
tetrasodium,104.90443592552026,23,1,0.0062979189485213,6.003482019571351e-05,tetrasodium,environmental,0.652,model
ecologically,104.1442588535962,137,6,0.0375136911281489,0.0003602089211742,ecologically,environmental,0.992,model
bauxit,104.1442588535962,137,6,0.0375136911281489,0.0003602089211742,bauxite,environmental,0.564,model
anti-corros,103.9922234392114,114,5,0.0312157721796276,0.0003001741009785,"anti-corrosion, anti-corrosive",environmental,0.689,model
leach,103.9922234392114,114,5,0.0312157721796276,0.0003001741009785,"leach, leache, leached, leaching",environmental,0.702,model
waste-wat,103.9922234392114,114,5,0.0312157721796276,0.0003001741009785,waste-water,environmental,0.79,model
polyacrylonitril,103.9922234392114,114,5,0.0312157721796276,0.0003001741009785,polyacrylonitrile,environmental,0.536,model
ionom,103.38408178167214,68,3,0.0186199342825848,0.0001801044605871,"ionomer, ionomers",environmental,0.575,model
ecosystem-bas,102.62390470974807,90,4,0.024644030668127,0.0002401392807828,ecosystem-based,environmental,0.994,model
alkylnaphthalen,102.62390470974807,45,2,0.0123220153340635,0.0001200696403914,"alkylnaphthalene, alkylnaphthalenes",environmental,0.548,model
quercu,102.62390470974807,45,2,0.0123220153340635,0.0001200696403914,quercus,environmental,0.636,model
alachlor,102.62390470974807,45,2,0.0123220153340635,0.0001200696403914,alachlor,environmental,0.745,model
irena,102.62390470974807,45,2,0.0123220153340635,0.0001200696403914,irena,environmental,0.593,model
biotechn,102.62390470974807,45,2,0.0123220153340635,0.0001200696403914,biotechnical,environmental,0.663,model
iiasa,102.62390470974807,45,2,0.0123220153340635,0.0001200696403914,iiasa,environmental,0.508,model
fluorin,101.86372763782404,67,3,0.0183461117196056,0.0001801044605871,"fluorinates, fluorine",environmental,0.649,model
biospher,101.86372763782404,67,3,0.0183461117196056,0.0001801044605871,"biosphere, biospheric",environmental,0.989,model
hexachlorocyclohexan,100.3433734939759,88,4,0.0240963855421686,0.0002401392807828,"hexachlorocyclohexane, hexachlorocyclohexanes",environmental,0.584,model
indeno,100.3433734939759,44,2,0.0120481927710843,0.0001200696403914,indeno,environmental,0.536,model
transesterif,100.3433734939759,44,2,0.0120481927710843,0.0001200696403914,transesterification,environmental,0.645,model
multi-dwel,100.3433734939759,22,1,0.0060240963855421,6.003482019571351e-05,"multi-dwelling, multi-dwellings",environmental,0.679,model
stratospher,100.3433734939759,22,1,0.0060240963855421,6.003482019571351e-05,"stratosphere, stratospheric",environmental,0.819,model
afir,100.3433734939759,22,1,0.0060240963855421,6.003482019571351e-05,afir,environmental,0.593,model
säteilyturvakesku,100.3433734939759,22,1,0.0060240963855421,6.003482019571351e-05,säteilyturvakeskus,environmental,0.617,model
trichlorobenzen,100.3433734939759,22,1,0.0060240963855421,6.003482019571351e-05,"trichlorobenzene, trichlorobenzenes",environmental,0.636,model
ruthenium,100.3433734939759,22,1,0.0060240963855421,6.003482019571351e-05,ruthenium,environmental,0.54,model
research-driven,100.3433734939759,22,1,0.0060240963855421,6.003482019571351e-05,research-driven,environmental,0.64,model
darbo,100.3433734939759,22,1,0.0060240963855421,6.003482019571351e-05,"darbo, darbos",environmental,0.522,model
phenol-alcohol,100.3433734939759,22,1,0.0060240963855421,6.003482019571351e-05,"phenol-alcohol, phenol-alcohols",environmental,0.535,model
fish-hook,100.3433734939759,22,1,0.0060240963855421,6.003482019571351e-05,"fish-hook, fish-hooks",environmental,0.7,model
oxyethylen,100.3433734939759,22,1,0.0060240963855421,6.003482019571351e-05,oxyethylene,environmental,0.571,model
hedgerow,100.3433734939759,22,1,0.0060240963855421,6.003482019571351e-05,"hedgerow, hedgerows",environmental,0.826,model
brooder,100.3433734939759,22,1,0.0060240963855421,6.003482019571351e-05,brooders,environmental,0.618,model
difluoroethan,100.3433734939759,22,1,0.0060240963855421,6.003482019571351e-05,difluoroethane,environmental,0.657,model
collet,100.3433734939759,22,1,0.0060240963855421,6.003482019571351e-05,"collet, colletion, collets",environmental,0.568,model
radio-astronomy,100.3433734939759,22,1,0.0060240963855421,6.003482019571351e-05,radio-astronomy,environmental,0.581,model
lielup,100.3433734939759,22,1,0.0060240963855421,6.003482019571351e-05,"lielupe, lielupes",environmental,0.513,model
post-consum,100.3433734939759,22,1,0.0060240963855421,6.003482019571351e-05,post-consumer,environmental,0.605,model
agrosti,100.3433734939759,22,1,0.0060240963855421,6.003482019571351e-05,agrostis,environmental,0.723,model
post-kyoto,100.3433734939759,22,1,0.0060240963855421,6.003482019571351e-05,post-kyoto,environmental,0.594,model
ympäristökesku,100.3433734939759,22,1,0.0060240963855421,6.003482019571351e-05,ympäristökeskus,environmental,0.542,model
dodecan-1-ol,100.3433734939759,22,1,0.0060240963855421,6.003482019571351e-05,dodecan-1-ol,environmental,0.509,model
cemagref,100.3433734939759,22,1,0.0060240963855421,6.003482019571351e-05,cemagref,environmental,0.788,model
rao,100.3433734939759,22,1,0.0060240963855421,6.003482019571351e-05,rao,environmental,0.521,model
rinko,100.3433734939759,22,1,0.0060240963855421,6.003482019571351e-05,rinkos,environmental,0.573,model
organohalogen,100.3433734939759,22,1,0.0060240963855421,6.003482019571351e-05,"organohalogen, organohalogens",environmental,0.772,model
olkiluoto,100.3433734939759,22,1,0.0060240963855421,6.003482019571351e-05,olkiluoto,environmental,0.626,model
kultura,100.3433734939759,22,1,0.0060240963855421,6.003482019571351e-05,kultura,environmental,0.771,model
epoxyeth,100.3433734939759,22,1,0.0060240963855421,6.003482019571351e-05,epoxyethers,environmental,0.684,model
terbutryn,100.3433734939759,22,1,0.0060240963855421,6.003482019571351e-05,terbutryn,environmental,0.576,model
hydrazid,100.3433734939759,22,1,0.0060240963855421,6.003482019571351e-05,"hydrazide, hydrazides",environmental,0.601,model
plantenziektenkundig,100.3433734939759,22,1,0.0060240963855421,6.003482019571351e-05,plantenziektenkundige,environmental,0.734,model
monoalkyleth,100.3433734939759,22,1,0.0060240963855421,6.003482019571351e-05,monoalkylethers,environmental,0.728,model
elsäkerhetsverket,100.3433734939759,22,1,0.0060240963855421,6.003482019571351e-05,"elsäkerhetsverket, elsäkerhetsverkets",environmental,0.528,model
cracker,100.3433734939759,22,1,0.0060240963855421,6.003482019571351e-05,"cracker, crackers",environmental,0.564,model
bio-ethanol,100.3433734939759,22,1,0.0060240963855421,6.003482019571351e-05,bio-ethanol,environmental,0.693,model
cannula,100.3433734939759,22,1,0.0060240963855421,6.003482019571351e-05,"cannula, cannulae, cannulas",environmental,0.662,model
histoir,100.3433734939759,22,1,0.0060240963855421,6.003482019571351e-05,histoire,environmental,0.513,model
semi-preci,100.34337349397588,132,6,0.036144578313253,0.0003602089211742,semi-precious,environmental,0.502,model
manomet,100.34337349397588,66,3,0.0180722891566265,0.0001801044605871,"manometer, manometers",environmental,0.65,model
isophthal,100.34337349397588,66,3,0.0180722891566265,0.0001801044605871,"isophthalate, isophthalic",environmental,0.622,model
sailboard,99.43116100766704,109,5,0.0298466593647316,0.0003001741009785,"sailboarding, sailboards",environmental,0.539,model
desalin,99.2031078860898,87,4,0.0238225629791894,0.0002401392807828,"desalinates, desalination, desalinator, desalinators, desalinization",environmental,0.666,model
seawat,98.06284227820372,86,4,0.0235487404162102,0.0002401392807828,"seawater, seawaters",environmental,0.887,model
heptachlor,98.06284227820372,86,4,0.0235487404162102,0.0002401392807828,"heptachlor, heptachlore",environmental,0.58,model
plaic,98.06284227820372,43,2,0.0117743702081051,0.0001200696403914,plaice,environmental,0.604,model
sulphonamid,98.06284227820372,43,2,0.0117743702081051,0.0001200696403914,"sulphonamide, sulphonamides",environmental,0.618,model
farmland,97.49270947426068,171,8,0.0468236582694414,0.0004802785615657,"farmland, farmlands",environmental,0.771,model
chopper,97.30266520627966,64,3,0.0175246440306681,0.0001801044605871,"chopper, choppers",environmental,0.626,model
esmeralda,97.30266520627966,64,3,0.0175246440306681,0.0001801044605871,"esmeralda, esmeraldas",environmental,0.526,model
cedaw,96.92257667031764,85,4,0.0232749178532311,0.0002401392807828,cedaw,environmental,0.614,model
polybrominat,96.92257667031764,85,4,0.0232749178532311,0.0002401392807828,polybrominated,environmental,0.573,model
toe,95.78231106243156,189,9,0.0517524644030668,0.0005403133817614,"toe, toes",environmental,0.513,model
mercury-contain,95.78231106243156,42,2,0.0115005476451259,0.0001200696403914,mercury-containing,environmental,0.518,model
air-condition,95.78231106243156,42,2,0.0115005476451259,0.0001200696403914,"air-conditioner, air-conditioners",environmental,0.566,model
epichlorohydrin,95.78231106243156,42,2,0.0115005476451259,0.0001200696403914,epichlorohydrin,environmental,0.782,model
vlora,95.78231106243156,21,1,0.0057502738225629,6.003482019571351e-05,vlora,environmental,0.542,model
climate-smart,95.78231106243156,21,1,0.0057502738225629,6.003482019571351e-05,climate-smart,environmental,0.941,model
angustifolium,95.78231106243156,21,1,0.0057502738225629,6.003482019571351e-05,angustifolium,environmental,0.752,model
extrême-ori,95.78231106243156,21,1,0.0057502738225629,6.003482019571351e-05,extrême-orient,environmental,0.553,model
educaţiei,95.78231106243156,21,1,0.0057502738225629,6.003482019571351e-05,educaţiei,environmental,0.632,model
sveikatai,95.78231106243156,21,1,0.0057502738225629,6.003482019571351e-05,sveikatai,environmental,0.547,model
soud,95.78231106243156,21,1,0.0057502738225629,6.003482019571351e-05,soud,environmental,0.504,model
xylophon,95.78231106243156,21,1,0.0057502738225629,6.003482019571351e-05,xylophones,environmental,0.61,model
predsednik,95.78231106243156,21,1,0.0057502738225629,6.003482019571351e-05,predsednik,environmental,0.617,model
acetamiprid,95.78231106243156,21,1,0.0057502738225629,6.003482019571351e-05,acetamiprid,environmental,0.637,model
regionalnego,95.78231106243156,21,1,0.0057502738225629,6.003482019571351e-05,regionalnego,environmental,0.814,model
rural-urban,95.78231106243156,21,1,0.0057502738225629,6.003482019571351e-05,rural-urban,environmental,0.606,model
saddlebag,95.78231106243156,21,1,0.0057502738225629,6.003482019571351e-05,saddlebags,environmental,0.538,model
ethylene-propylen,95.78231106243156,21,1,0.0057502738225629,6.003482019571351e-05,ethylene-propylene,environmental,0.559,model
turizmo,95.78231106243156,21,1,0.0057502738225629,6.003482019571351e-05,turizmo,environmental,0.507,model
haymak,95.78231106243156,21,1,0.0057502738225629,6.003482019571351e-05,haymaking,environmental,0.533,model
clrtap,95.78231106243156,21,1,0.0057502738225629,6.003482019571351e-05,clrtap,environmental,1.0,known_acronym
toothless,95.78231106243156,21,1,0.0057502738225629,6.003482019571351e-05,toothless,environmental,0.515,model
quebec,95.78231106243156,21,1,0.0057502738225629,6.003482019571351e-05,quebec,environmental,0.649,model
cinématographi,95.78231106243156,21,1,0.0057502738225629,6.003482019571351e-05,cinématographie,environmental,0.775,model
nauki,95.78231106243156,21,1,0.0057502738225629,6.003482019571351e-05,nauki,environmental,0.52,model
geotechn,95.78231106243156,21,1,0.0057502738225629,6.003482019571351e-05,geotechnical,environmental,0.689,model
hydroxy-3-methoxybenzaldehyd,95.78231106243156,21,1,0.0057502738225629,6.003482019571351e-05,hydroxy-3-methoxybenzaldehyde,environmental,0.503,model
gigawatt,95.78231106243156,21,1,0.0057502738225629,6.003482019571351e-05,"gigawatt, gigawatts",environmental,0.54,model
dextropropoxyphen,95.78231106243156,21,1,0.0057502738225629,6.003482019571351e-05,dextropropoxyphene,environmental,0.524,model
veiklai,95.78231106243156,21,1,0.0057502738225629,6.003482019571351e-05,veiklai,environmental,0.506,model
tribromophenoxy,95.78231106243156,21,1,0.0057502738225629,6.003482019571351e-05,tribromophenoxy,environmental,0.502,model
organotin,95.78231106243156,21,1,0.0057502738225629,6.003482019571351e-05,"organotin, organotins",environmental,0.76,model
ugap,95.78231106243156,21,1,0.0057502738225629,6.003482019571351e-05,ugap,environmental,0.562,model
välisministeerium,95.78231106243156,21,1,0.0057502738225629,6.003482019571351e-05,välisministeerium,environmental,0.611,model
fédéraux,95.78231106243156,21,1,0.0057502738225629,6.003482019571351e-05,fédéraux,environmental,0.735,model
ngeu,95.78231106243156,21,1,0.0057502738225629,6.003482019571351e-05,ngeu,environmental,0.689,model
evapotranspir,95.78231106243156,21,1,0.0057502738225629,6.003482019571351e-05,evapotranspiration,environmental,0.839,model
wilder,95.78231106243156,21,1,0.0057502738225629,6.003482019571351e-05,"wilder, wilderness",environmental,0.932,model
hara,95.78231106243156,21,1,0.0057502738225629,6.003482019571351e-05,haras,environmental,0.578,model
haridu,95.78231106243156,21,1,0.0057502738225629,6.003482019571351e-05,haridus,environmental,0.587,model
food-relat,95.78231106243156,21,1,0.0057502738225629,6.003482019571351e-05,food-related,environmental,0.563,model
tetraethylammonium,95.78231106243156,21,1,0.0057502738225629,6.003482019571351e-05,tetraethylammonium,environmental,0.56,model
environment-relat,95.3262048192771,209,10,0.0572289156626506,0.0006003482019571,environment-related,environmental,0.987,model
eia,95.2121782584885,334,16,0.0914567360350493,0.0009605571231314,"eia, eias",environmental,1.0,known_acronym
hand-woven,94.87009857612269,104,5,0.0284775465498357,0.0003001741009785,hand-woven,environmental,0.505,model
landcraft,94.87009857612269,104,5,0.0284775465498357,0.0003001741009785,landcraft,environmental,0.625,model
bat,94.53838494473764,228,11,0.0624315443592552,0.0006603830221528,"bat, bating, bats",environmental,1.0,known_acronym
isinglass,93.50177984665936,41,2,0.0112267250821467,0.0001200696403914,isinglass,environmental,0.655,model
ashkali,93.50177984665936,41,2,0.0112267250821467,0.0001200696403914,"ashkali, ashkalis",environmental,0.599,model
micro-electron,93.50177984665936,41,2,0.0112267250821467,0.0001200696403914,micro-electronics,environmental,0.61,model
mangold,93.50177984665936,41,2,0.0112267250821467,0.0001200696403914,"mangold, mangolds",environmental,0.802,model
metallurgy,93.17598967297764,143,7,0.0391566265060241,0.0004202437413699,metallurgy,environmental,0.574,model
dolphin,92.74160277473528,61,3,0.0167031763417305,0.0001801044605871,"dolphin, dolphins",environmental,0.809,model
coal-fir,92.36151423877328,81,4,0.0221796276013143,0.0002401392807828,"coal-fire, coal-fired, coal-firing",environmental,0.673,model
micromet,92.36151423877328,81,4,0.0221796276013143,0.0002401392807828,"micrometer, micrometers",environmental,0.573,model
tillag,92.13346111719603,101,5,0.0276560788608981,0.0003001741009785,tillage,environmental,0.599,model
iucn,91.2212486308872,80,4,0.0219058050383351,0.0002401392807828,iucn,environmental,1.0,known_acronym
deforestation-fre,91.2212486308872,40,2,0.0109529025191675,0.0001200696403914,deforestation-free,environmental,0.919,model
polycarboxyl,91.2212486308872,40,2,0.0109529025191675,0.0001200696403914,"polycarboxylate, polycarboxylates, polycarboxylic",environmental,0.555,model
aluminium-zinc,91.2212486308872,20,1,0.0054764512595837,6.003482019571351e-05,aluminium-zinc,environmental,0.531,model
chlorodifluoroethan,91.2212486308872,20,1,0.0054764512595837,6.003482019571351e-05,"chlorodifluoroethane, chlorodifluoroethanes",environmental,0.553,model
gas-operat,91.2212486308872,20,1,0.0054764512595837,6.003482019571351e-05,gas-operated,environmental,0.591,model
dichloropentafluoropropan,91.2212486308872,20,1,0.0054764512595837,6.003482019571351e-05,"dichloropentafluoropropane, dichloropentafluoropropanes",environmental,0.592,model
amino-acid-phenol,91.2212486308872,20,1,0.0054764512595837,6.003482019571351e-05,amino-acid-phenols,environmental,0.617,model
ferro-niobium,91.2212486308872,20,1,0.0054764512595837,6.003482019571351e-05,ferro-niobium,environmental,0.655,model
landless,91.2212486308872,20,1,0.0054764512595837,6.003482019571351e-05,"landless, landlessness",environmental,0.794,model
decoi,91.2212486308872,20,1,0.0054764512595837,6.003482019571351e-05,"decoy, decoying, decoys",environmental,0.659,model
toegang,91.2212486308872,20,1,0.0054764512595837,6.003482019571351e-05,toegang,environmental,0.551,model
water-pip,91.2212486308872,20,1,0.0054764512595837,6.003482019571351e-05,water-pipe,environmental,0.844,model
fossil-fre,91.2212486308872,20,1,0.0054764512595837,6.003482019571351e-05,fossil-free,environmental,0.841,model
transpor,91.2212486308872,20,1,0.0054764512595837,6.003482019571351e-05,transpor,environmental,0.554,model
harvester-thresh,91.2212486308872,20,1,0.0054764512595837,6.003482019571351e-05,harvester-threshers,environmental,0.885,model
dichlorofluoroethan,91.2212486308872,20,1,0.0054764512595837,6.003482019571351e-05,"dichlorofluoroethane, dichlorofluoroethanes",environmental,0.641,model
turto,91.2212486308872,20,1,0.0054764512595837,6.003482019571351e-05,turto,environmental,0.531,model
octa,91.2212486308872,20,1,0.0054764512595837,6.003482019571351e-05,octa,environmental,0.539,model
waste-manag,91.2212486308872,20,1,0.0054764512595837,6.003482019571351e-05,waste-management,environmental,0.755,model
dichlorotrifluoroethan,91.2212486308872,20,1,0.0054764512595837,6.003482019571351e-05,"dichlorotrifluoroethane, dichlorotrifluoroethanes",environmental,0.625,model
energijo,91.2212486308872,20,1,0.0054764512595837,6.003482019571351e-05,"energijo, energijos",environmental,0.737,model
inositol,91.2212486308872,20,1,0.0054764512595837,6.003482019571351e-05,"inositol, inositols",environmental,0.561,model
dihydrogenorthophosph,91.2212486308872,20,1,0.0054764512595837,6.003482019571351e-05,dihydrogenorthophosphate,environmental,0.647,model
hotspot,90.71446391627116,179,9,0.0490142387732749,0.0005403133817614,"hotspot, hotspots",environmental,0.809,model
rare-earth,88.940717415115,156,8,0.0427163198247535,0.0004802785615657,"rare-earth, rare-earths",environmental,0.843,model
re-tann,88.940717415115,39,2,0.0106790799561883,0.0001200696403914,re-tanning,environmental,0.535,model
brownfield,88.940717415115,39,2,0.0106790799561883,0.0001200696403914,"brownfield, brownfields",environmental,0.9,model
flood-pron,88.940717415115,39,2,0.0106790799561883,0.0001200696403914,flood-prone,environmental,0.779,model
pulveris,88.940717415115,39,2,0.0106790799561883,0.0001200696403914,"pulverisation, pulverise, pulverised, pulverising",environmental,0.529,model
ndc,88.94071741511499,117,6,0.0320372398685651,0.0003602089211742,"ndc, ndcs",environmental,1.0,known_acronym
multi-st,88.18054034319094,58,3,0.0158817086527929,0.0001801044605871,"multi-st, multi-state, multi-station",environmental,0.637,model
mastic,87.23031900328587,153,8,0.0418948521358159,0.0004802785615657,"mastic, masticables, mastics",environmental,0.57,model
geospati,86.66018619934283,95,5,0.026013143483023,0.0003001741009785,geospatial,environmental,0.678,model
incinerat,86.66018619934283,95,5,0.026013143483023,0.0003001741009785,"incinerat, incinerated, incinerating",environmental,0.611,model
demist,86.66018619934283,38,2,0.0104052573932092,0.0001200696403914,"demist, demisters, demisting",environmental,0.526,model
agronomist,86.66018619934283,38,2,0.0104052573932092,0.0001200696403914,"agronomist, agronomists",environmental,0.867,model
bedroom,86.66018619934283,38,2,0.0104052573932092,0.0001200696403914,"bedroom, bedrooms",environmental,0.594,model
hoop,86.66018619934283,38,2,0.0104052573932092,0.0001200696403914,"hoop, hooping, hoops",environmental,0.506,model
vulcanis,86.66018619934282,57,3,0.0156078860898138,0.0001801044605871,"vulcanisation, vulcanised, vulcanising",environmental,0.753,model
biomass,85.87828978250666,659,35,0.1804490690032858,0.0021012187068499,"biomass, biomasse, biomasses",environmental,0.939,model
cermet,85.51992059145674,150,8,0.0410733844468784,0.0004802785615657,"cermet, cermets",environmental,0.627,model
squeege,85.51992059145674,75,4,0.0205366922234392,0.0002401392807828,squeegees,environmental,0.576,model
demolit,85.41626008164891,206,11,0.056407447973713,0.0006603830221528,"demolition, demolitions",environmental,0.584,model
land-us,84.9497877875137,298,16,0.0815991237677984,0.0009605571231314,"land-use, land-used",environmental,0.799,model
psychologist,84.37965498357065,74,4,0.02026286966046,0.0002401392807828,"psychologist, psychologists",environmental,0.59,model
change-relat,84.37965498357065,37,2,0.01013143483023,0.0001200696403914,change-related,environmental,0.643,model
biodegradability,84.37965498357065,37,2,0.01013143483023,0.0001200696403914,biodegradability,environmental,0.926,model
faeroes,84.37965498357065,37,2,0.01013143483023,0.0001200696403914,faeroese,environmental,0.506,model
methionin,84.37965498357065,37,2,0.01013143483023,0.0001200696403914,methionine,environmental,0.513,model
turbot,84.37965498357065,37,2,0.01013143483023,0.0001200696403914,"turbot, turbots",environmental,0.759,model
polyester-foil,84.37965498357065,37,2,0.01013143483023,0.0001200696403914,polyester-foils,environmental,0.555,model
eu-nato,84.37965498357065,37,2,0.01013143483023,0.0001200696403914,eu-nato,environmental,0.514,model
indurata,83.61947791164658,55,3,0.0150602409638554,0.0001801044605871,indurata,environmental,0.515,model
energy-us,83.23938937568455,73,4,0.0199890470974808,0.0002401392807828,"energy-use, energy-using",environmental,0.557,model
ospar,82.85930083972252,109,6,0.0298466593647316,0.0003602089211742,ospar,environmental,0.631,model
garbag,82.09912376779847,72,4,0.0197152245345016,0.0002401392807828,garbage,environmental,0.521,model
lecithin,82.09912376779847,36,2,0.0098576122672508,0.0001200696403914,"lecithin, lecithins",environmental,0.723,model
dioscorea,82.09912376779847,36,2,0.0098576122672508,0.0001200696403914,dioscorea,environmental,0.725,model
painter,82.09912376779847,36,2,0.0098576122672508,0.0001200696403914,"painter, painters",environmental,0.56,model
community-l,82.09912376779847,36,2,0.0098576122672508,0.0001200696403914,community-led,environmental,0.605,model
sea-basin,82.09912376779847,36,2,0.0098576122672508,0.0001200696403914,"sea-basin, sea-basins",environmental,0.912,model
unguiculata,82.09912376779847,36,2,0.0098576122672508,0.0001200696403914,unguiculata,environmental,0.697,model
turntabl,82.09912376779846,54,3,0.0147864184008762,0.0001801044605871,"turntable, turntables",environmental,0.556,model
ischaem,82.09912376779846,54,3,0.0147864184008762,0.0001801044605871,ischaemic,environmental,0.603,model
baromet,81.26983968933585,196,11,0.0536692223439211,0.0006603830221528,"baromete, barometer, barometers",environmental,0.6,model
overfish,81.18691128148959,89,5,0.0243702081051478,0.0003001741009785,"overfished, overfishing",environmental,0.907,model
hypochlorit,80.57876962395035,53,3,0.014512595837897,0.0001801044605871,"hypochlorite, hypochlorites",environmental,0.709,model
creosot,80.57876962395035,53,3,0.014512595837897,0.0001801044605871,"creosote, creosotes",environmental,0.867,model
calcin,80.14438272570803,123,7,0.0336801752464403,0.0004202437413699,"calcination, calcinations, calcine, calcined, calciners, calcining",environmental,0.636,model
alkali,79.81859255202627,105,6,0.0287513691128148,0.0003602089211742,"alkali, alkalis",environmental,0.746,model
power-operat,79.81859255202627,70,4,0.0191675794085432,0.0002401392807828,"power-operated, power-operating",environmental,0.519,model
anti-foul,79.81859255202627,35,2,0.0095837897042716,0.0001200696403914,anti-fouling,environmental,0.533,model
agro-ecolog,79.81859255202627,35,2,0.0095837897042716,0.0001200696403914,agro-ecological,environmental,0.997,model
whale,79.49280237834455,122,7,0.0334063526834611,0.0004202437413699,"whale, whales",environmental,0.777,model
shale,79.36248630887185,174,10,0.0476451259583789,0.0006003482019571,"shale, shales",environmental,0.827,model
bioaccumul,79.24845974808325,139,8,0.0380613362541073,0.0004802785615657,"bioaccumulable, bioaccumulate, bioaccumulates, bioaccumulation, bioaccumulative, bioaccumulive",environmental,0.664,model
pollin,79.05841548010224,156,9,0.0427163198247535,0.0005403133817614,"pollin, pollinate, pollination, pollinator, pollinators, pollinizers",environmental,0.955,model
illiteracy,79.05841548010223,52,3,0.0142387732749178,0.0001801044605871,illiteracy,environmental,0.594,model
seabird,79.05841548010223,52,3,0.0142387732749178,0.0001801044605871,"seabird, seabirds",environmental,0.864,model
spool,78.45027382256298,86,5,0.0235487404162102,0.0003001741009785,"spool, spools",environmental,0.545,model
lignit,77.74538235586976,375,22,0.102683461117196,0.0013207660443056,"lignit, lignite, lignites",environmental,0.831,model
cartography,77.5380613362541,68,4,0.0186199342825848,0.0002401392807828,cartography,environmental,0.575,model
kelvin,77.5380613362541,34,2,0.0093099671412924,0.0001200696403914,"kelvin, kelvins",environmental,0.515,model
trifluorid,77.5380613362541,34,2,0.0093099671412924,0.0001200696403914,trifluoride,environmental,0.649,model
ejustic,77.5380613362541,34,2,0.0093099671412924,0.0001200696403914,ejustice,environmental,0.506,model
biscai,77.5380613362541,34,2,0.0093099671412924,0.0001200696403914,biscay,environmental,0.562,model
sustainably,76.58783999634903,403,24,0.1103504928806133,0.0014408356846971,sustainably,environmental,0.669,model
photon,76.52449190702204,151,9,0.0413472070098576,0.0005403133817614,"photon, photonic, photonics, photons",environmental,0.566,model
pentahydr,76.39779572836802,67,4,0.0183461117196056,0.0002401392807828,pentahydrate,environmental,0.536,model
tetrabromo,76.39779572836802,67,4,0.0183461117196056,0.0002401392807828,tetrabromo,environmental,0.564,model
bioenergy,76.017707192406,150,9,0.0410733844468784,0.0005403133817614,bioenergy,environmental,0.725,model
poach,76.01770719240598,50,3,0.0136911281489594,0.0001801044605871,"poach, poached, poaching",environmental,0.704,model
clp,75.87949317932889,183,11,0.0501095290251916,0.0006603830221528,clp,environmental,1.0,known_acronym
energy-relat,75.25753012048193,297,18,0.0813253012048192,0.0010806267635228,energy-related,environmental,0.651,model
side-car,75.25753012048193,99,6,0.0271084337349397,0.0003602089211742,"side-car, side-cars",environmental,0.526,model
eksportuesi,75.25753012048193,33,2,0.0090361445783132,0.0001200696403914,eksportuesi,environmental,0.612,model
rastev,75.25753012048193,33,2,0.0090361445783132,0.0001200696403914,rasteve,environmental,0.541,model
dumper,75.25753012048193,33,2,0.0090361445783132,0.0001200696403914,"dumper, dumpers",environmental,0.605,model
oil-cak,75.25753012048193,33,2,0.0090361445783132,0.0001200696403914,"oil-cake, oil-cakes",environmental,0.531,model
chlorit,75.25753012048193,33,2,0.0090361445783132,0.0001200696403914,"chlorite, chlorites",environmental,0.707,model
colocasia,75.25753012048193,33,2,0.0090361445783132,0.0001200696403914,colocasia,environmental,0.943,model
abalon,75.25753012048193,33,2,0.0090361445783132,0.0001200696403914,"abalon, abalone, abalones",environmental,0.807,model
colloid,74.49735304855786,98,6,0.0268346111719605,0.0003602089211742,"colloid, colloidal, colloids",environmental,0.792,model
micrometr,74.49735304855786,98,6,0.0268346111719605,0.0003602089211742,"micrometre, micrometres, micrometric",environmental,0.576,model
naphthalen,74.49735304855786,98,6,0.0268346111719605,0.0003602089211742,"naphthalene, naphthalenes",environmental,0.612,model
undersea,74.49735304855786,49,3,0.0134173055859802,0.0001801044605871,undersea,environmental,0.692,model
onshor,74.34531763417304,163,10,0.0446330777656078,0.0006003482019571,"onshore, onshoring",environmental,0.581,model
agroforestry,74.11726451259584,65,4,0.0177984665936473,0.0002401392807828,agroforestry,environmental,0.978,model
hydrofinish,73.73717597663381,97,6,0.0265607886089813,0.0003602089211742,hydrofinishing,environmental,0.679,model
bisphenol,72.97699890470975,112,7,0.0306681270536692,0.0004202437413699,"bisphenol, bisphenols",environmental,0.567,model
biophys,72.97699890470975,48,3,0.013143483023001,0.0001801044605871,"biophysical, biophysics",environmental,0.965,model
sprattu,72.97699890470975,32,2,0.008762322015334,0.0001200696403914,sprattus,environmental,0.666,model
greinilega,72.97699890470975,32,2,0.008762322015334,0.0001200696403914,greinilega,environmental,0.787,model
sauna,72.97699890470975,32,2,0.008762322015334,0.0001200696403914,"sauna, saunas",environmental,0.545,model
sesamum,72.97699890470975,32,2,0.008762322015334,0.0001200696403914,sesamum,environmental,0.707,model
sub-object,72.97699890470975,32,2,0.008762322015334,0.0001200696403914,"sub-objective, sub-objectives",environmental,0.508,model
cbam,72.97699890470975,32,2,0.008762322015334,0.0001200696403914,cbam,environmental,1.0,known_acronym
opcat,72.97699890470975,32,2,0.008762322015334,0.0001200696403914,opcat,environmental,0.524,model
wmd-relat,72.97699890470975,32,2,0.008762322015334,0.0001200696403914,wmd-related,environmental,0.623,model
tekur,72.97699890470975,32,2,0.008762322015334,0.0001200696403914,tekur,environmental,0.546,model
topsoil,72.97699890470975,32,2,0.008762322015334,0.0001200696403914,"topsoil, topsoils",environmental,0.718,model
bio-accumul,71.83673329682367,63,4,0.0172508214676889,0.0002401392807828,"bio-accumulate, bio-accumulation, bio-accumulative, bio-accumulators",environmental,0.764,model
cetacean,71.45664476086162,47,3,0.0128696604600219,0.0001801044605871,"cetacean, cetaceans",environmental,0.788,model
rogress,71.45664476086162,47,3,0.0128696604600219,0.0001801044605871,rogress,environmental,0.516,model
hazefactor,71.45664476086162,47,3,0.0128696604600219,0.0001801044605871,hazefactor,environmental,0.676,model
chromat,71.45664476086162,47,3,0.0128696604600219,0.0001801044605871,"chromate, chromated, chromates, chromatic",environmental,0.58,model
trichloro,71.45664476086162,47,3,0.0128696604600219,0.0001801044605871,trichloro,environmental,0.621,model
desert,71.45664476086162,47,3,0.0128696604600219,0.0001801044605871,"desert, deserted, deserting, desertion, deserts",environmental,0.776,model
eco-manag,71.07655622489959,187,12,0.0512048192771084,0.0007204178423485,"eco-management, eco-managers",environmental,0.994,model
scenery,71.02225786261931,109,7,0.0298466593647316,0.0004202437413699,scenery,environmental,0.874,model
binocular,71.02225786261931,109,7,0.0298466593647316,0.0004202437413699,"binocular, binoculares, binoculars",environmental,0.705,model
methoxychlor,70.69646768893757,31,2,0.0084884994523548,0.0001200696403914,methoxychlor,environmental,0.577,model
esri,70.69646768893757,31,2,0.0084884994523548,0.0001200696403914,esri,environmental,0.669,model
dibromotetrafluoroethan,70.69646768893757,31,2,0.0084884994523548,0.0001200696403914,"dibromotetrafluoroethane, dibromotetrafluoroethanes",environmental,0.61,model
re-gasif,70.69646768893757,31,2,0.0084884994523548,0.0001200696403914,re-gasification,environmental,0.752,model
crocidolit,70.69646768893757,31,2,0.0084884994523548,0.0001200696403914,crocidolite,environmental,0.717,model
soleida,70.69646768893757,31,2,0.0084884994523548,0.0001200696403914,soleidae,environmental,0.698,model
state-fund,70.69646768893757,31,2,0.0084884994523548,0.0001200696403914,"state-funded, state-funding",environmental,0.529,model
hesar,70.69646768893757,31,2,0.0084884994523548,0.0001200696403914,hesar,environmental,0.715,model
allei,70.69646768893757,31,2,0.0084884994523548,0.0001200696403914,"alley, alleys",environmental,0.671,model
fevnir,70.69646768893757,31,2,0.0084884994523548,0.0001200696403914,fevnir,environmental,0.613,model
first-ev,70.69646768893756,93,6,0.0254654983570646,0.0003602089211742,first-ever,environmental,0.518,model
agri-environment,70.48914666932193,170,11,0.0465498357064622,0.0006603830221528,agri-environmental,environmental,0.992,model
atalanta,69.93629061701351,46,3,0.0125958378970427,0.0001801044605871,atalanta,environmental,0.552,model
hydrogeolog,69.93629061701351,46,3,0.0125958378970427,0.0001801044605871,hydrogeological,environmental,0.978,model
forest-bas,69.55620208105147,61,4,0.0167031763417305,0.0002401392807828,forest-based,environmental,0.948,model
vacuum-distil,69.32814895947426,76,5,0.0208105147864184,0.0003001741009785,vacuum-distillation,environmental,0.677,model
mussel,69.32814895947426,76,5,0.0208105147864184,0.0003001741009785,"mussel, mussels",environmental,0.904,model
overflow,69.32814895947426,76,5,0.0208105147864184,0.0003001741009785,"overflow, overflowed, overflowing, overflows",environmental,0.542,model
orthopaed,69.32814895947426,76,5,0.0208105147864184,0.0003001741009785,"orthopaedic, orthopaedical, orthopaedics",environmental,0.558,model
eionet,69.1361042255145,288,19,0.0788608981380065,0.0011406615837185,eionet,environmental,1.0,known_acronym
spatial,68.84622538180164,800,53,0.2190580503833515,0.0031818454703728,"spatial, spatiale, spatiales",environmental,0.665,model
eel,68.41593647316539,90,6,0.024644030668127,0.0003602089211742,"eel, eels",environmental,0.885,model
geodesy,68.41593647316539,45,3,0.0123220153340635,0.0001801044605871,geodesy,environmental,0.954,model
air-quality,68.41593647316539,45,3,0.0123220153340635,0.0001801044605871,air-quality,environmental,0.937,model
sardina,68.41593647316539,45,3,0.0123220153340635,0.0001801044605871,sardina,environmental,0.59,model
geodet,68.41593647316539,45,3,0.0123220153340635,0.0001801044605871,geodetic,environmental,0.981,model
hot-spot,68.41593647316539,30,2,0.0082146768893756,0.0001200696403914,"hot-spot, hot-spots",environmental,0.563,model
amino-compound,68.41593647316539,30,2,0.0082146768893756,0.0001200696403914,amino-compounds,environmental,0.55,model
sardinop,68.41593647316539,30,2,0.0082146768893756,0.0001200696403914,sardinops,environmental,0.75,model
on-road,68.41593647316539,30,2,0.0082146768893756,0.0001200696403914,on-road,environmental,0.53,model
environmen,68.41593647316539,30,2,0.0082146768893756,0.0001200696403914,environmen,environmental,0.954,model
gutter,68.41593647316539,30,2,0.0082146768893756,0.0001200696403914,"gutter, guttering, gutters",environmental,0.794,model
chlorodifluoromethan,68.41593647316539,30,2,0.0082146768893756,0.0001200696403914,chlorodifluoromethane,environmental,0.676,model
scophthalmida,68.41593647316539,30,2,0.0082146768893756,0.0001200696403914,scophthalmidae,environmental,0.72,model
undevelop,68.41593647316539,30,2,0.0082146768893756,0.0001200696403914,undeveloped,environmental,0.512,model
cypermethrin,68.41593647316539,30,2,0.0082146768893756,0.0001200696403914,"cypermethrin, cypermethrine",environmental,0.859,model
gadida,68.41593647316539,30,2,0.0082146768893756,0.0001200696403914,gadidae,environmental,0.771,model
citharida,68.41593647316539,30,2,0.0082146768893756,0.0001200696403914,citharidae,environmental,0.737,model
excav,68.03584793720336,179,12,0.0490142387732749,0.0007204178423485,"excavates, excavation, excavations, excavator, excavators",environmental,0.749,model
caspian,67.76435612580191,104,7,0.0284775465498357,0.0004202437413699,caspian,environmental,0.622,model
farmyard,67.50372398685651,74,5,0.02026286966046,0.0003001741009785,"farmyard, farmyards",environmental,0.752,model
urbanis,67.07444752271117,250,17,0.0684556407447973,0.0010205919433271,"urbanisation, urbanised, urbanising",environmental,0.681,model
manur,66.89558232931728,264,18,0.072289156626506,0.0010806267635228,"manure, manured, manures, manuring",environmental,0.889,model
ethan,66.89558232931726,88,6,0.0240963855421686,0.0003602089211742,"ethanal, ethane",environmental,0.776,model
alkylbenzen,66.89558232931726,44,3,0.0120481927710843,0.0001801044605871,"alkylbenzene, alkylbenzenes",environmental,0.606,model
garnet,66.89558232931726,44,3,0.0120481927710843,0.0001801044605871,"garnet, garneted",environmental,0.54,model
sediment,66.64218997200926,263,18,0.0720153340635268,0.0010806267635228,"sediment, sedimentation, sediments",environmental,0.947,model
psychiatr,66.46119543107496,102,7,0.0279299014238773,0.0004202437413699,"psychiatric, psychiatrics",environmental,0.555,model
catid,66.13540525739322,58,4,0.0158817086527929,0.0002401392807828,catid,environmental,0.503,model
diatomit,66.13540525739322,29,2,0.0079408543263964,0.0001200696403914,diatomite,environmental,0.676,model
peppermint,66.13540525739322,29,2,0.0079408543263964,0.0001200696403914,peppermint,environmental,0.547,model
urchin,66.13540525739322,29,2,0.0079408543263964,0.0001200696403914,"urchin, urchins",environmental,0.636,model
seap,66.13540525739322,29,2,0.0079408543263964,0.0001200696403914,"seap, seaps",environmental,0.735,model
protecti,66.13540525739322,29,2,0.0079408543263964,0.0001200696403914,"protecti, protectie",environmental,0.543,model
resource-bas,66.13540525739322,29,2,0.0079408543263964,0.0001200696403914,"resource-base, resource-based, resource-bases",environmental,0.517,model
extractor,66.1354052573932,87,6,0.0238225629791894,0.0003602089211742,"extractor, extractors",environmental,0.837,model
oscilloscop,65.67929901423878,72,5,0.0197152245345016,0.0003001741009785,"oscilloscope, oscilloscopes",environmental,0.655,model
satchel,65.37522818546915,43,3,0.0117743702081051,0.0001801044605871,satchels,environmental,0.809,model
eubam,65.37522818546915,43,3,0.0117743702081051,0.0001801044605871,eubam,environmental,0.638,model
mitrovica,65.37522818546915,43,3,0.0117743702081051,0.0001801044605871,mitrovica,environmental,0.542,model
emerald,64.99513964950712,57,4,0.0156078860898138,0.0002401392807828,"emerald, emeralds",environmental,0.544,model
sewer,64.61505111354509,85,6,0.0232749178532311,0.0003602089211742,"sewer, sewers",environmental,0.549,model
alkaloid,64.61505111354509,85,6,0.0232749178532311,0.0003602089211742,"alkaloid, alkaloids",environmental,0.664,model
anod,64.42500684556408,113,8,0.0309419496166484,0.0004802785615657,"anod, anode, anodes, anodic",environmental,0.556,model
trengthen,63.85487404162103,56,4,0.0153340635268346,0.0002401392807828,"trengthen, trengthened, trengthening",environmental,0.611,model
phosphon,63.85487404162103,56,4,0.0153340635268346,0.0002401392807828,"phosphonate, phosphonates, phosphonic",environmental,0.694,model
lagoon,63.85487404162103,56,4,0.0153340635268346,0.0002401392807828,"lagoon, lagoonal, lagooning, lagoons",environmental,0.917,model
xanthosoma,63.85487404162103,28,2,0.0076670317634173,0.0001200696403914,xanthosoma,environmental,0.605,model
nasu,63.85487404162103,28,2,0.0076670317634173,0.0001200696403914,"nasu, nasus",environmental,0.542,model
mother-of-pearl,63.85487404162103,28,2,0.0076670317634173,0.0001200696403914,mother-of-pearl,environmental,0.571,model
yautia,63.85487404162103,28,2,0.0076670317634173,0.0001200696403914,yautia,environmental,0.545,model
hydrodynam,63.85487404162103,28,2,0.0076670317634173,0.0001200696403914,"hydrodynamic, hydrodynamics",environmental,0.568,model
ether-phenol,63.85487404162103,28,2,0.0076670317634173,0.0001200696403914,ether-phenols,environmental,0.688,model
monochlorid,63.85487404162103,28,2,0.0076670317634173,0.0001200696403914,monochloride,environmental,0.525,model
ofgem,63.85487404162103,28,2,0.0076670317634173,0.0001200696403914,ofgem,environmental,0.602,model
embroidery,63.854874041621024,140,10,0.0383351588170865,0.0006003482019571,embroidery,environmental,0.688,model
research-and-innov,63.854874041621024,84,6,0.0230010952902519,0.0003602089211742,research-and-innovation,environmental,0.57,model
gricultur,63.854874041621024,42,3,0.0115005476451259,0.0001801044605871,"gricultur, gricultural, griculture",environmental,0.766,model
sutur,63.854874041621024,42,3,0.0115005476451259,0.0001801044605871,"suture, sutures, suturing",environmental,0.545,model
react-eu,63.854874041621024,42,3,0.0115005476451259,0.0001801044605871,react-eu,environmental,0.514,model
acetylen,63.854874041621024,42,3,0.0115005476451259,0.0001801044605871,"acetylene, acetylenic",environmental,0.601,model
pepton,63.854874041621024,42,3,0.0115005476451259,0.0001801044605871,"peptone, peptones",environmental,0.558,model
biofuel,62.91583177630307,469,34,0.1284227820372398,0.0020411838866542,"biofuel, biofuels",environmental,0.715,model
chp,62.84130461238895,124,9,0.0339539978094194,0.0005403133817614,"chp, chps",environmental,1.0,known_acronym
voc,62.71460843373494,110,8,0.0301204819277108,0.0004802785615657,"voc, vocs",environmental,1.0,known_acronym
isocyan,62.71460843373494,55,4,0.0150602409638554,0.0002401392807828,"isocyanate, isocyanates",environmental,0.649,model
primat,62.71460843373494,55,4,0.0150602409638554,0.0002401392807828,"primate, primates",environmental,0.658,model
dieldrin,62.71460843373494,55,4,0.0150602409638554,0.0002401392807828,"dieldrin, dieldrine",environmental,0.647,model
shellfish,62.610947923927114,151,11,0.0413472070098576,0.0006603830221528,shellfish,environmental,0.896,model
polychlorinat,62.48655531215772,137,10,0.0375136911281489,0.0006003482019571,polychlorinated,environmental,0.639,model
sac,62.45147021653045,178,13,0.0487404162102957,0.0007804526625442,"sac, sacs",environmental,1.0,known_acronym
ozokerit,62.334519897772914,123,9,0.0336801752464403,0.0005403133817614,"ozokerit, ozokerite",environmental,0.794,model
larva,62.33451989777291,82,6,0.0224534501642935,0.0003602089211742,"larva, larvae",environmental,0.816,model
agribusi,62.33451989777291,41,3,0.0112267250821467,0.0001801044605871,"agribusiness, agribusinesses",environmental,0.507,model
degreas,62.33451989777291,41,3,0.0112267250821467,0.0001801044605871,"degrease, degreased, degreasers, degreasing",environmental,0.718,model
dichrom,62.33451989777291,41,3,0.0112267250821467,0.0001801044605871,"dichromate, dichromates",environmental,0.596,model
nox,62.25850219058051,273,20,0.0747535596933187,0.0012006964039142,nox,environmental,1.0,known_acronym
pfc,61.57434282584885,81,6,0.0221796276013143,0.0003602089211742,"pfc, pfcs",environmental,1.0,known_acronym
arc-weld,61.57434282584885,27,2,0.0073932092004381,0.0001200696403914,"arc-welded, arc-welding",environmental,0.592,model
dibromid,61.57434282584885,27,2,0.0073932092004381,0.0001200696403914,dibromide,environmental,0.53,model
sugarcan,61.57434282584885,27,2,0.0073932092004381,0.0001200696403914,sugarcane,environmental,0.692,model
vinifera,61.57434282584885,27,2,0.0073932092004381,0.0001200696403914,vinifera,environmental,0.806,model
multi-hazard,61.57434282584885,27,2,0.0073932092004381,0.0001200696403914,multi-hazard,environmental,0.58,model
macrourida,61.57434282584885,27,2,0.0073932092004381,0.0001200696403914,macrouridae,environmental,0.713,model
morida,61.57434282584885,27,2,0.0073932092004381,0.0001200696403914,moridae,environmental,0.648,model
ifad,61.57434282584885,27,2,0.0073932092004381,0.0001200696403914,ifad,environmental,0.546,model
hydrotreat,61.57434282584885,27,2,0.0073932092004381,0.0001200696403914,"hydrotreated, hydrotreater, hydrotreating, hydrotreatment",environmental,0.73,model
halogen-fre,61.57434282584885,27,2,0.0073932092004381,0.0001200696403914,halogen-free,environmental,0.576,model
halid,61.118236582694415,134,10,0.0366922234392113,0.0006003482019571,"halide, halides",environmental,0.559,model
loader,60.8141657539248,120,9,0.0328587075575027,0.0005403133817614,"loader, loaders",environmental,0.634,model
e-wast,60.81416575392478,40,3,0.0109529025191675,0.0001801044605871,"e-waste, e-waster, e-wastes",environmental,0.691,model
air-pollut,60.81416575392478,40,3,0.0109529025191675,0.0001801044605871,"air-pollutant, air-polluting, air-pollution",environmental,0.754,model
fluorinat,59.80059632469271,236,18,0.0646221248630887,0.0010806267635228,"fluorinated, fluorinating",environmental,0.639,model
coir,59.80059632469271,118,9,0.0323110624315443,0.0005403133817614,coir,environmental,0.773,model
hydrograph,59.6739001460387,157,12,0.0429901423877327,0.0007204178423485,"hydrograph, hydrographer, hydrographers, hydrographic, hydrographical, hydrographs",environmental,0.69,model
biotechnolog,59.29381161007667,221,17,0.0605147864184008,0.0010205919433271,"biotechnolog, biotechnological",environmental,0.693,model
fruit-peel,59.29381161007667,104,8,0.0284775465498357,0.0004802785615657,fruit-peel,environmental,0.702,model
auxiliair,59.29381161007667,26,2,0.0071193866374589,0.0001200696403914,"auxiliaire, auxiliaires",environmental,0.522,model
muraenolepidida,59.29381161007667,26,2,0.0071193866374589,0.0001200696403914,muraenolepididae,environmental,0.654,model
agriculturii,59.29381161007667,26,2,0.0071193866374589,0.0001200696403914,agriculturii,environmental,0.635,model
cold-reduc,59.29381161007667,26,2,0.0071193866374589,0.0001200696403914,cold-reduced,environmental,0.503,model
senternovem,59.29381161007667,26,2,0.0071193866374589,0.0001200696403914,senternovem,environmental,0.678,model
rhodium,59.29381161007667,26,2,0.0071193866374589,0.0001200696403914,rhodium,environmental,0.565,model
wetenschappelijk,59.29381161007667,26,2,0.0071193866374589,0.0001200696403914,"wetenschappelijk, wetenschappelijke",environmental,0.826,model
jacquard,59.29381161007667,26,2,0.0071193866374589,0.0001200696403914,"jacquard, jacquards",environmental,0.516,model
fish-liv,59.29381161007667,26,2,0.0071193866374589,0.0001200696403914,fish-liver,environmental,0.763,model
sepia,59.29381161007667,26,2,0.0071193866374589,0.0001200696403914,sepia,environmental,0.575,model
merlucciida,59.29381161007667,26,2,0.0071193866374589,0.0001200696403914,merlucciidae,environmental,0.674,model
thyroid,59.29381161007667,26,2,0.0071193866374589,0.0001200696403914,"thyroid, thyroidal",environmental,0.658,model
ir-regoli,59.29381161007667,26,2,0.0071193866374589,0.0001200696403914,ir-regoli,environmental,0.53,model
bregmacerotida,59.29381161007667,26,2,0.0071193866374589,0.0001200696403914,bregmacerotidae,environmental,0.669,model
melanonida,59.29381161007667,26,2,0.0071193866374589,0.0001200696403914,melanonidae,environmental,0.646,model
euclichthyida,59.29381161007667,26,2,0.0071193866374589,0.0001200696403914,euclichthyidae,environmental,0.855,model
polyisobutylen,59.293811610076666,39,3,0.0106790799561883,0.0001801044605871,polyisobutylene,environmental,0.61,model
salin,58.83770536692224,129,10,0.0353231106243154,0.0006003482019571,"salination, saline, salinities, salinization, salins",environmental,0.568,model
veteran,58.53363453815261,77,6,0.0210843373493975,0.0003602089211742,"veteran, veteraner, veterans",environmental,0.504,model
juvenil,58.38159912376779,256,20,0.0700985761226725,0.0012006964039142,"juvenile, juveniles, juvenils",environmental,0.744,model
liquefact,58.38159912376779,64,5,0.0175246440306681,0.0003001741009785,liquefaction,environmental,0.635,model
sava,58.38159912376779,64,5,0.0175246440306681,0.0003001741009785,"sava, savas",environmental,0.619,model
de-ic,58.15354600219059,102,8,0.0279299014238773,0.0004802785615657,"de-ice, de-icers, de-icing",environmental,0.683,model
sox,57.99065091534971,89,7,0.0243702081051478,0.0004202437413699,sox,environmental,1.0,known_acronym
charcoal,57.95232265962245,216,17,0.0591456736035049,0.0010205919433271,"charcoal, charcoals",environmental,0.583,model
nec,57.890407784986095,165,13,0.0451807228915662,0.0007804526625442,"nec, necs",environmental,1.0,known_acronym
hinterland,57.77345746622855,76,6,0.0208105147864184,0.0003602089211742,"hinterland, hinterlands",environmental,0.843,model
de-oil,57.77345746622855,76,6,0.0208105147864184,0.0003602089211742,de-oiling,environmental,0.858,model
physiotherapist,57.77345746622855,38,3,0.0104052573932092,0.0001801044605871,"physiotherapist, physiotherapists",environmental,0.553,model
resorcinol,57.77345746622855,38,3,0.0104052573932092,0.0001801044605871,resorcinol,environmental,0.559,model
ecovery,57.77345746622855,38,3,0.0104052573932092,0.0001801044605871,ecovery,environmental,0.905,model
post-disast,57.77345746622855,38,3,0.0104052573932092,0.0001801044605871,post-disaster,environmental,0.638,model
dweller,57.77345746622855,38,3,0.0104052573932092,0.0001801044605871,dwellers,environmental,0.651,model
kilomet,57.77345746622855,38,3,0.0104052573932092,0.0001801044605871,"kilomet, kilometer, kilometers",environmental,0.517,model
cafe,57.46938663745893,63,5,0.0172508214676889,0.0003001741009785,"cafe, cafes",environmental,0.555,model
smallhold,57.46938663745893,63,5,0.0172508214676889,0.0003001741009785,"smallholder, smallholders, smallholding, smallholdings",environmental,0.698,model
tetramethyldec-5-yn,57.01328039430449,25,2,0.0068455640744797,0.0001200696403914,tetramethyldec-5-yne,environmental,0.577,model
bio-geograph,57.01328039430449,25,2,0.0068455640744797,0.0001200696403914,"bio-geographic, bio-geographical",environmental,0.972,model
piezo-electr,57.01328039430449,25,2,0.0068455640744797,0.0001200696403914,piezo-electric,environmental,0.55,model
ether-alcohol-phenol,57.01328039430449,25,2,0.0068455640744797,0.0001200696403914,ether-alcohol-phenols,environmental,0.547,model
criminolog,57.01328039430449,25,2,0.0068455640744797,0.0001200696403914,criminological,environmental,0.577,model
cumen,57.01328039430449,25,2,0.0068455640744797,0.0001200696403914,cumene,environmental,0.579,model
visa-requir,57.01328039430449,25,2,0.0068455640744797,0.0001200696403914,visa-required,environmental,0.531,model
multicellular,57.01328039430449,25,2,0.0068455640744797,0.0001200696403914,multicellular,environmental,0.536,model
odra,57.01328039430449,25,2,0.0068455640744797,0.0001200696403914,odra,environmental,0.538,model
plasticis,56.75988803699647,112,9,0.0306681270536692,0.0005403133817614,"plasticise, plasticised, plasticiser, plasticisers",environmental,0.61,model
biodiesel,56.68749022062275,174,14,0.0476451259583789,0.0008404874827399,"biodiesel, biodiesels",environmental,0.844,model
walkwai,56.55717415115005,62,5,0.0169769989047097,0.0003001741009785,walkways,environmental,0.552,model
desalt,56.44314759036145,99,8,0.0271084337349397,0.0004802785615657,"desalter, desalting",environmental,0.73,model
cistern,56.25310332238043,37,3,0.01013143483023,0.0001801044605871,"cistern, cisterns",environmental,0.809,model
dogfish,56.25310332238043,37,3,0.01013143483023,0.0001801044605871,dogfish,environmental,0.797,model
biomateri,56.25310332238043,37,3,0.01013143483023,0.0001801044605871,"biomaterial, biomaterials",environmental,0.813,model
trichlorid,56.25310332238043,37,3,0.01013143483023,0.0001801044605871,trichloride,environmental,0.557,model
biomonitor,56.25310332238043,37,3,0.01013143483023,0.0001801044605871,"biomonitor, biomonitoring, biomonitors",environmental,0.706,model
ourc,55.8730147864184,49,4,0.0134173055859802,0.0002401392807828,"ource, ources, ourcing",environmental,0.58,model
sea-level,55.8730147864184,49,4,0.0134173055859802,0.0002401392807828,"sea-level, sea-levels",environmental,0.766,model
hfc,55.644961664841176,122,10,0.0334063526834611,0.0006003482019571,"hfc, hfcs",environmental,1.0,known_acronym
ceer,55.644961664841176,61,5,0.0167031763417305,0.0003001741009785,ceer,environmental,0.554,model
anti-microbi,55.644961664841176,61,5,0.0167031763417305,0.0003001741009785,"anti-microbial, anti-microbials",environmental,0.807,model
roduct,55.239533893148355,109,9,0.0298466593647316,0.0005403133817614,"roduct, roduction, roductions, roducts",environmental,0.501,model
carboi,55.239533893148355,109,9,0.0298466593647316,0.0005403133817614,"carboy, carboys",environmental,0.628,model
cefta,55.11283771449433,145,12,0.0397042716319824,0.0007204178423485,cefta,environmental,0.702,model
fluxe,54.73274917853231,120,10,0.0328587075575027,0.0006003482019571,fluxes,environmental,0.592,model
lead-acid,54.73274917853231,48,4,0.013143483023001,0.0002401392807828,lead-acid,environmental,0.514,model
vermiculit,54.73274917853231,48,4,0.013143483023001,0.0002401392807828,vermiculite,environmental,0.749,model
sulphit,54.73274917853231,48,4,0.013143483023001,0.0002401392807828,"sulphite, sulphited, sulphites, sulphitic",environmental,0.75,model
oecd-ilibrary,54.73274917853231,48,4,0.013143483023001,0.0002401392807828,oecd-ilibrary,environmental,0.833,model
cullet,54.73274917853231,36,3,0.0098576122672508,0.0001801044605871,"cullet, cullets",environmental,0.565,model
aquatiqu,54.73274917853231,24,2,0.0065717415115005,0.0001200696403914,"aquatique, aquatiques",environmental,0.817,model
racem,54.73274917853231,24,2,0.0065717415115005,0.0001200696403914,"racemate, racemic",environmental,0.608,model
spectrophotomet,54.73274917853231,24,2,0.0065717415115005,0.0001200696403914,"spectrophotometer, spectrophotometers",environmental,0.784,model
externality,54.73274917853231,24,2,0.0065717415115005,0.0001200696403914,externality,environmental,0.556,model
sander,54.73274917853231,24,2,0.0065717415115005,0.0001200696403914,"sander, sanders",environmental,0.603,model
trimmer,54.73274917853231,24,2,0.0065717415115005,0.0001200696403914,"trimmer, trimmers",environmental,0.61,model
cadastr,54.44768277656079,191,16,0.0523001095290251,0.0009605571231314,"cadastral, cadastre, cadastres",environmental,0.726,model
drought,54.29836228028999,500,42,0.1369112814895947,0.0025214624482199,"drought, droughts",environmental,0.828,model
energy-efficiency,54.16261637458927,95,8,0.026013143483023,0.0004802785615657,energy-efficiency,environmental,0.601,model
footprint,53.93456325301205,473,40,0.1295180722891566,0.0024013928078285,"footprint, footprinting, footprints",environmental,0.712,model
polyimid,53.9034651000697,130,11,0.0355969331872946,0.0006603830221528,"polyimide, polyimides",environmental,0.657,model
cleavag,53.9034651000697,130,11,0.0355969331872946,0.0006603830221528,"cleavage, cleavages",environmental,0.523,model
pre-industri,53.820536692223435,118,10,0.0323110624315443,0.0006003482019571,pre-industrial,environmental,0.589,model
catchment,53.71917974930024,212,18,0.0580503833515881,0.0010806267635228,"catchment, catchments",environmental,0.916,model
fallow,53.71917974930024,106,9,0.029025191675794,0.0005403133817614,"fallow, fallowed, fallowing, fallows",environmental,0.789,model
malnutrit,53.59248357064622,94,8,0.0257393209200438,0.0004802785615657,malnutrition,environmental,0.56,model
aluminosil,53.59248357064622,47,4,0.0128696604600219,0.0002401392807828,"aluminosilicate, aluminosilicates",environmental,0.624,model
naturschutz,53.59248357064622,47,4,0.0128696604600219,0.0002401392807828,naturschutz,environmental,0.788,model
aftercar,53.59248357064622,47,4,0.0128696604600219,0.0002401392807828,aftercare,environmental,0.504,model
sweeper,53.429588483805354,82,7,0.0224534501642935,0.0004202437413699,"sweeper, sweepers",environmental,0.689,model
dithiocarbam,53.212395034684185,35,3,0.0095837897042716,0.0001801044605871,"dithiocarbamate, dithiocarbamates",environmental,0.712,model
food-process,53.212395034684185,35,3,0.0095837897042716,0.0001801044605871,food-processing,environmental,0.575,model
cargo-handl,53.212395034684185,35,3,0.0095837897042716,0.0001801044605871,"cargo-handl, cargo-handling",environmental,0.52,model
multi-apart,53.212395034684185,35,3,0.0095837897042716,0.0001801044605871,"multi-apartment, multi-apartments",environmental,0.542,model
acrylamid,53.212395034684185,35,3,0.0095837897042716,0.0001801044605871,acrylamide,environmental,0.582,model
silk-worm,53.212395034684185,35,3,0.0095837897042716,0.0001801044605871,"silk-worm, silk-worms",environmental,0.777,model
giga,53.212395034684185,35,3,0.0095837897042716,0.0001801044605871,"giga, gigas",environmental,0.507,model
decolouris,52.77800813644187,81,7,0.0221796276013143,0.0004202437413699,decolourisation,environmental,0.507,model
eco-label,52.62764344089645,150,13,0.0410733844468784,0.0007804526625442,"eco-label, eco-labeled, eco-labeling, eco-labelled, eco-labelling, eco-labels",environmental,0.916,model
hypophosphit,52.45221796276013,46,4,0.0125958378970427,0.0002401392807828,"hypophosphite, hypophosphites",environmental,0.707,model
egmont,52.45221796276013,46,4,0.0125958378970427,0.0002401392807828,egmont,environmental,0.663,model
welmec,52.45221796276013,23,2,0.0062979189485213,0.0001200696403914,welmec,environmental,0.869,model
tripolyphosph,52.45221796276013,23,2,0.0062979189485213,0.0001200696403914,"tripolyphosphate, tripolyphosphates",environmental,0.697,model
carcharhinu,52.45221796276013,23,2,0.0062979189485213,0.0001200696403914,carcharhinus,environmental,0.575,model
refrigerator-freez,52.45221796276013,23,2,0.0062979189485213,0.0001200696403914,"refrigerator-freezer, refrigerator-freezers",environmental,0.608,model
proteas,52.45221796276013,23,2,0.0062979189485213,0.0001200696403914,"protease, proteases",environmental,0.66,model
copper-zinc,52.45221796276013,23,2,0.0062979189485213,0.0001200696403914,copper-zinc,environmental,0.54,model
cultelor,52.45221796276013,23,2,0.0062979189485213,0.0001200696403914,cultelor,environmental,0.927,model
hydrogen-pow,52.45221796276013,23,2,0.0062979189485213,0.0001200696403914,"hydrogen-power, hydrogen-powered",environmental,0.616,model
cercetar,52.45221796276013,23,2,0.0062979189485213,0.0001200696403914,cercetare,environmental,0.833,model
iodat,52.45221796276013,23,2,0.0062979189485213,0.0001200696403914,"iodate, iodates",environmental,0.651,model
boa,52.45221796276013,23,2,0.0062979189485213,0.0001200696403914,"boa, boas",environmental,0.552,model
diarrhoea,52.45221796276013,23,2,0.0062979189485213,0.0001200696403914,diarrhoea,environmental,0.561,model
bio-safety,52.45221796276013,23,2,0.0062979189485213,0.0001200696403914,bio-safety,environmental,0.842,model
tropospher,52.45221796276013,23,2,0.0062979189485213,0.0001200696403914,"troposphere, tropospheric",environmental,0.885,model
oreign,52.45221796276013,23,2,0.0062979189485213,0.0001200696403914,"oreign, oreigners",environmental,0.758,model
off-farm,52.45221796276013,23,2,0.0062979189485213,0.0001200696403914,"off-farm, off-farms",environmental,0.721,model
environmentally-friendly,51.99611171960569,171,15,0.0468236582694414,0.0009005223029357,environmentally-friendly,environmental,0.913,model
haemoglobin,51.99611171960569,57,5,0.0156078860898138,0.0003001741009785,haemoglobin,environmental,0.574,model
uriserv,51.69204089083607,68,6,0.0186199342825848,0.0003602089211742,uriserv,environmental,0.505,model
beauty,51.69204089083607,68,6,0.0186199342825848,0.0003602089211742,beauty,environmental,0.564,model
areca,51.69204089083607,34,3,0.0093099671412924,0.0001801044605871,areca,environmental,0.64,model
psittaciform,51.69204089083607,34,3,0.0093099671412924,0.0001801044605871,psittaciformes,environmental,0.736,model
artillery,51.69204089083607,34,3,0.0093099671412924,0.0001801044605871,artillery,environmental,0.548,model
leftov,51.69204089083607,34,3,0.0093099671412924,0.0001801044605871,"leftover, leftovers",environmental,0.515,model
diffract,51.69204089083607,34,3,0.0093099671412924,0.0001801044605871,"diffraction, diffractive",environmental,0.608,model
enew,51.69204089083607,34,3,0.0093099671412924,0.0001801044605871,"enew, enewable, enewables, enewal, enewals, enewed, enews",environmental,0.578,model
panuliru,51.69204089083607,34,3,0.0093099671412924,0.0001801044605871,panulirus,environmental,0.607,model
watercours,51.57509057207852,147,13,0.0402519167579408,0.0007804526625442,"watercourse, watercourses",environmental,0.843,model
exfoliat,51.311952354874045,45,4,0.0123220153340635,0.0002401392807828,"exfoliated, exfoliating",environmental,0.545,model
camel,51.311952354874045,45,4,0.0123220153340635,0.0002401392807828,"camel, camels",environmental,0.652,model
cross-region,51.311952354874045,45,4,0.0123220153340635,0.0002401392807828,cross-regional,environmental,0.548,model
estuary,51.311952354874045,45,4,0.0123220153340635,0.0002401392807828,estuary,environmental,0.977,model
megawatt,51.311952354874045,45,4,0.0123220153340635,0.0002401392807828,"megawatt, megawatts",environmental,0.56,model
in-situ,51.18525617622004,101,9,0.0276560788608981,0.0005403133817614,in-situ,environmental,0.508,model
climate-neutrality,50.931863818912014,67,6,0.0183461117196056,0.0003602089211742,climate-neutrality,environmental,0.858,model
cowi,50.82326709435144,78,7,0.0213581599123767,0.0004202437413699,cowi,environmental,0.62,model
imagery,50.82326709435144,78,7,0.0213581599123767,0.0004202437413699,imagery,environmental,0.517,model
desulphuris,50.62779299014239,111,10,0.03039430449069,0.0006003482019571,"desulphurisation, desulphurise, desulphurising",environmental,0.669,model
copernicu,50.45675314895947,177,16,0.0484665936473165,0.0009605571231314,copernicus,environmental,0.605,model
anti-terror,50.17168674698796,99,9,0.0271084337349397,0.0005403133817614,"anti-terror, anti-terrorism",environmental,0.517,model
beet-pulp,50.17168674698795,44,4,0.0120481927710843,0.0002401392807828,beet-pulp,environmental,0.677,model
eutm,50.17168674698795,44,4,0.0120481927710843,0.0002401392807828,"eutm, eutms",environmental,0.546,model
esterif,50.17168674698795,44,4,0.0120481927710843,0.0002401392807828,esterification,environmental,0.636,model
oxydiethanol,50.17168674698795,22,2,0.0060240963855421,0.0001200696403914,oxydiethanol,environmental,0.521,model
cupboard,50.17168674698795,22,2,0.0060240963855421,0.0001200696403914,"cupboard, cupboards",environmental,0.516,model
rurali,50.17168674698795,22,2,0.0060240963855421,0.0001200696403914,rurali,environmental,0.703,model
antalya,50.17168674698795,22,2,0.0060240963855421,0.0001200696403914,antalya,environmental,0.609,model
aub,50.17168674698795,22,2,0.0060240963855421,0.0001200696403914,"aub, aube",environmental,0.522,model
ethylene-vinyl,50.17168674698795,22,2,0.0060240963855421,0.0001200696403914,ethylene-vinyl,environmental,0.594,model
ecent,50.17168674698795,22,2,0.0060240963855421,0.0001200696403914,ecent,environmental,0.814,model
trichlorotrifluoroethan,50.17168674698795,22,2,0.0060240963855421,0.0001200696403914,"trichlorotrifluoroethane, trichlorotrifluoroethanes",environmental,0.587,model
elbasan,50.17168674698795,22,2,0.0060240963855421,0.0001200696403914,elbasan,environmental,0.583,model
tyndp,50.17168674698795,22,2,0.0060240963855421,0.0001200696403914,"tyndp, tyndps",environmental,1.0,known_acronym
honeybe,50.17168674698795,22,2,0.0060240963855421,0.0001200696403914,"honeybee, honeybees",environmental,0.774,model
pocket-watch,50.17168674698795,22,2,0.0060240963855421,0.0001200696403914,"pocket-watch, pocket-watches",environmental,0.525,model
styrene-butadien,50.17168674698795,22,2,0.0060240963855421,0.0001200696403914,styrene-butadiene,environmental,0.599,model
quipment,50.17168674698795,22,2,0.0060240963855421,0.0001200696403914,quipment,environmental,0.552,model
digol,50.17168674698795,22,2,0.0060240963855421,0.0001200696403914,digol,environmental,0.59,model
pentafluoroethan,50.17168674698795,22,2,0.0060240963855421,0.0001200696403914,pentafluoroethane,environmental,0.667,model
sjöfartsverket,50.17168674698795,22,2,0.0060240963855421,0.0001200696403914,sjöfartsverket,environmental,0.558,model
trisodium,50.17168674698795,22,2,0.0060240963855421,0.0001200696403914,trisodium,environmental,0.502,model
cultureel,50.17168674698795,22,2,0.0060240963855421,0.0001200696403914,cultureel,environmental,0.955,model
dysprosium,50.17168674698795,22,2,0.0060240963855421,0.0001200696403914,dysprosium,environmental,0.62,model
kontroli,50.17168674698795,22,2,0.0060240963855421,0.0001200696403914,kontroli,environmental,0.517,model
oxycocco,50.17168674698795,22,2,0.0060240963855421,0.0001200696403914,oxycoccos,environmental,0.541,model
ute,50.171686746987945,66,6,0.0180722891566265,0.0003602089211742,"ute, utes",environmental,0.506,model
refractomet,50.171686746987945,66,6,0.0180722891566265,0.0003602089211742,"refractometer, refractometers",environmental,0.635,model
hippoglossoid,50.171686746987945,33,3,0.0090361445783132,0.0001801044605871,hippoglossoides,environmental,0.638,model
episouth,50.171686746987945,33,3,0.0090361445783132,0.0001801044605871,episouth,environmental,0.743,model
rake,50.171686746987945,33,3,0.0090361445783132,0.0001801044605871,"rake, rakes",environmental,0.713,model
natuur,50.171686746987945,33,3,0.0090361445783132,0.0001801044605871,natuur,environmental,0.614,model
resource-rich,50.171686746987945,33,3,0.0090361445783132,0.0001801044605871,resource-rich,environmental,0.614,model
mycotoxin,50.171686746987945,33,3,0.0090361445783132,0.0001801044605871,"mycotoxin, mycotoxins",environmental,0.558,model
mosqu,50.171686746987945,33,3,0.0090361445783132,0.0001801044605871,"mosque, mosques",environmental,0.611,model
esif,49.84589657330622,153,14,0.0418948521358159,0.0008404874827399,"esif, esifs",environmental,0.581,model
photography,49.791598211025914,131,12,0.0358707557502738,0.0007204178423485,photography,environmental,0.578,model
regener,49.57676556026478,250,23,0.0684556407447973,0.0013808008645014,"regenerate, regenerates, regeneration, regenerations, regenerators",environmental,0.694,model
gum-resin,49.41150967506389,65,6,0.0177984665936473,0.0003602089211742,gum-resins,environmental,0.524,model
gasolin,49.37845849802371,249,23,0.0681818181818181,0.0013808008645014,"gasolin, gasoline, gasolines",environmental,0.57,model
gardner,49.25947426067908,54,5,0.0147864184008762,0.0003001741009785,gardner,environmental,0.632,model
deuterium,49.25947426067908,54,5,0.0147864184008762,0.0003001741009785,deuterium,environmental,0.518,model
aldehyd,49.25947426067908,54,5,0.0147864184008762,0.0003001741009785,"aldehyde, aldehydes",environmental,0.597,model
enviro,49.031421139101866,43,4,0.0117743702081051,0.0002401392807828,"enviro, enviroment, enviros",environmental,0.981,model
solder,48.80336801752464,107,10,0.0292990142387732,0.0006003482019571,"solder, soldered, soldering, solders",environmental,0.508,model
capex,48.65133260313983,64,6,0.0175246440306681,0.0003602089211742,capex,environmental,0.788,model
teat,48.65133260313983,32,3,0.008762322015334,0.0001801044605871,"teat, teats",environmental,0.504,model
velvet,48.65133260313983,32,3,0.008762322015334,0.0001801044605871,velvet,environmental,0.518,model
semi-arid,48.65133260313983,32,3,0.008762322015334,0.0001801044605871,semi-arid,environmental,0.521,model
sleeper,48.54273587857926,149,14,0.0407995618838992,0.0008404874827399,"sleeper, sleepers",environmental,0.569,model
sewerag,48.491295324840024,202,19,0.0553121577217962,0.0011406615837185,"sewerage, sewerages",environmental,0.514,model
brush-discharg,48.34726177437021,53,5,0.014512595837897,0.0003001741009785,brush-discharge,environmental,0.832,model
agav,48.2712440671778,127,12,0.034775465498357,0.0007204178423485,"agave, agaves",environmental,0.613,model
endrin,47.89115553121577,42,4,0.0115005476451259,0.0002401392807828,"endrin, endrine",environmental,0.545,model
genci,47.89115553121577,21,2,0.0057502738225629,0.0001200696403914,"genci, gencies",environmental,0.633,model
nationalmuseum,47.89115553121577,21,2,0.0057502738225629,0.0001200696403914,nationalmuseum,environmental,0.626,model
elettrica,47.89115553121577,21,2,0.0057502738225629,0.0001200696403914,elettrica,environmental,0.956,model
strålsäkerhetsmyndigheten,47.89115553121577,21,2,0.0057502738225629,0.0001200696403914,strålsäkerhetsmyndigheten,environmental,0.544,model
castanet,47.89115553121577,21,2,0.0057502738225629,0.0001200696403914,"castanet, castanets",environmental,0.598,model
skatteförvaltningen,47.89115553121577,21,2,0.0057502738225629,0.0001200696403914,skatteförvaltningen,environmental,0.571,model
ipr-relat,47.89115553121577,21,2,0.0057502738225629,0.0001200696403914,ipr-related,environmental,0.534,model
ecsel,47.89115553121577,21,2,0.0057502738225629,0.0001200696403914,ecsel,environmental,0.912,model
verteidigung,47.89115553121577,21,2,0.0057502738225629,0.0001200696403914,"verteidigung, verteidigungs",environmental,0.549,model
stereoscop,47.89115553121577,21,2,0.0057502738225629,0.0001200696403914,"stereoscopes, stereoscopic",environmental,0.572,model
arachidon,47.89115553121577,21,2,0.0057502738225629,0.0001200696403914,arachidonic,environmental,0.572,model
luchthaven,47.89115553121577,21,2,0.0057502738225629,0.0001200696403914,"luchthaven, luchthavens",environmental,0.574,model
mokymo,47.89115553121577,21,2,0.0057502738225629,0.0001200696403914,mokymo,environmental,0.578,model
cowberri,47.89115553121577,21,2,0.0057502738225629,0.0001200696403914,cowberries,environmental,0.734,model
dichlorvo,47.89115553121577,21,2,0.0057502738225629,0.0001200696403914,dichlorvos,environmental,0.523,model
alopia,47.89115553121577,21,2,0.0057502738225629,0.0001200696403914,alopias,environmental,0.718,model
museet,47.89115553121577,21,2,0.0057502738225629,0.0001200696403914,museet,environmental,0.694,model
pfo,47.565365357534034,73,7,0.0199890470974808,0.0004202437413699,"pfo, pfos",environmental,1.0,known_acronym
unskil,47.565365357534034,73,7,0.0199890470974808,0.0004202437413699,unskilled,environmental,0.528,model
scandium,47.435049288061336,52,5,0.0142387732749178,0.0003001741009785,scandium,environmental,0.515,model
acrylonitrile-butadien,47.13097845929171,31,3,0.0084884994523548,0.0001801044605871,acrylonitrile-butadiene,environmental,0.548,model
cold-wat,47.13097845929171,31,3,0.0084884994523548,0.0001801044605871,cold-water,environmental,0.605,model
angitt,47.13097845929171,31,3,0.0084884994523548,0.0001801044605871,angitt,environmental,0.586,model
cockatoo,47.13097845929171,31,3,0.0084884994523548,0.0001801044605871,"cockatoo, cockatoos",environmental,0.62,model
preferanseopprinnels,47.13097845929171,31,3,0.0084884994523548,0.0001801044605871,preferanseopprinnelse,environmental,0.545,model
submarin,46.85455043313751,113,11,0.0309419496166484,0.0006603830221528,"submarine, submariner, submarines",environmental,0.601,model
dioxin,46.75088992332968,164,16,0.044906900328587,0.0009605571231314,"dioxin, dioxine, dioxines, dioxins",environmental,0.729,model
eleph,46.75088992332968,41,4,0.0112267250821467,0.0002401392807828,"elephant, elephants",environmental,0.771,model
co-inciner,46.75088992332968,41,4,0.0112267250821467,0.0002401392807828,"co-incinerate, co-incinerates, co-incineration, co-incinerators",environmental,0.533,model
anti-traffick,46.62419374467568,92,9,0.0251916757940854,0.0005403133817614,anti-trafficking,environmental,0.506,model
extrus,46.62419374467568,92,9,0.0251916757940854,0.0005403133817614,"extrusion, extrusions",environmental,0.588,model
cepej,46.52283680175247,51,5,0.0139649507119386,0.0003001741009785,cepej,environmental,0.594,model
beryllium,46.26220466280707,71,7,0.0194414019715224,0.0004202437413699,beryllium,environmental,0.685,model
anion,46.066730558598024,101,10,0.0276560788608981,0.0006003482019571,"anion, aniones, anionic, anionics, anions",environmental,0.557,model
activist,45.96147527171623,131,13,0.0358707557502738,0.0007804526625442,"activist, activists",environmental,0.743,model
grenad,45.6106243154436,90,9,0.024644030668127,0.0005403133817614,"grenade, grenades",environmental,0.52,model
volumetr,45.6106243154436,90,9,0.024644030668127,0.0005403133817614,"volumetric, volumetrics",environmental,0.606,model
phosphor,45.610624315443594,230,23,0.0629791894852135,0.0013808008645014,"phosphor, phosphoric, phosphorous, phosphors",environmental,0.784,model
clean-up,45.610624315443594,170,17,0.0465498357064622,0.0010205919433271,"clean-up, clean-ups",environmental,0.762,model
tripoli,45.610624315443594,40,4,0.0109529025191675,0.0002401392807828,tripoli,environmental,0.52,model
tetramethyl,45.610624315443594,40,4,0.0109529025191675,0.0002401392807828,tetramethyl,environmental,0.522,model
aflatoxin,45.610624315443594,30,3,0.0082146768893756,0.0001801044605871,"aflatoxin, aflatoxine, aflatoxins",environmental,0.577,model
buten,45.610624315443594,30,3,0.0082146768893756,0.0001801044605871,"butene, butenes",environmental,0.636,model
basketbal,45.610624315443594,30,3,0.0082146768893756,0.0001801044605871,basketball,environmental,0.571,model
pedestrian-control,45.610624315443594,30,3,0.0082146768893756,0.0001801044605871,pedestrian-controlled,environmental,0.563,model
macaw,45.610624315443594,30,3,0.0082146768893756,0.0001801044605871,"macaw, macaws",environmental,0.704,model
hexabromocyclododecan,45.610624315443594,30,3,0.0082146768893756,0.0001801044605871,"hexabromocyclododecane, hexabromocyclododecanes",environmental,0.585,model
zero-carbon,45.610624315443594,30,3,0.0082146768893756,0.0001801044605871,zero-carbon,environmental,0.684,model
difluorid,45.610624315443594,30,3,0.0082146768893756,0.0001801044605871,"difluoride, difluorides",environmental,0.64,model
istruzion,45.610624315443594,30,3,0.0082146768893756,0.0001801044605871,istruzione,environmental,0.648,model
sapodillo,45.610624315443594,30,3,0.0082146768893756,0.0001801044605871,sapodillo,environmental,0.532,model
onderzoek,45.610624315443594,30,3,0.0082146768893756,0.0001801044605871,onderzoek,environmental,0.876,model
nordpool,45.610624315443594,30,3,0.0082146768893756,0.0001801044605871,nordpool,environmental,0.672,model
radio-telephony,45.610624315443594,30,3,0.0082146768893756,0.0001801044605871,radio-telephony,environmental,0.533,model
microcontrol,45.610624315443594,20,2,0.0054764512595837,0.0001200696403914,"microcontroller, microcontrollers",environmental,0.518,model
eco-industry,45.610624315443594,20,2,0.0054764512595837,0.0001200696403914,eco-industry,environmental,0.987,model
reprotox,45.610624315443594,20,2,0.0054764512595837,0.0001200696403914,"reprotox, reprotoxic",environmental,0.851,model
distance-bas,45.610624315443594,20,2,0.0054764512595837,0.0001200696403914,distance-based,environmental,0.599,model
hydrography,45.610624315443594,20,2,0.0054764512595837,0.0001200696403914,hydrography,environmental,0.641,model
orgánica,45.610624315443594,20,2,0.0054764512595837,0.0001200696403914,"orgánica, orgánicas",environmental,0.813,model
vakuutusvalvontavirasto,45.610624315443594,20,2,0.0054764512595837,0.0001200696403914,vakuutusvalvontavirasto,environmental,0.514,model
decongest,45.610624315443594,20,2,0.0054764512595837,0.0001200696403914,"decongest, decongesting, decongestion",environmental,0.514,model
sustainability-relat,45.610624315443594,20,2,0.0054764512595837,0.0001200696403914,sustainability-related,environmental,0.81,model
pandalida,45.610624315443594,20,2,0.0054764512595837,0.0001200696403914,pandalidae,environmental,0.76,model
bioreactor,45.610624315443594,20,2,0.0054764512595837,0.0001200696403914,"bioreactor, bioreactors",environmental,0.955,model
afval,45.610624315443594,20,2,0.0054764512595837,0.0001200696403914,"afval, afvall",environmental,0.661,model
butanediol,45.610624315443594,20,2,0.0054764512595837,0.0001200696403914,butanediol,environmental,0.644,model
heathland,45.610624315443594,20,2,0.0054764512595837,0.0001200696403914,"heathland, heathlands",environmental,0.93,model
spider,45.610624315443594,20,2,0.0054764512595837,0.0001200696403914,"spider, spiders",environmental,0.619,model
enpard,45.610624315443594,20,2,0.0054764512595837,0.0001200696403914,enpard,environmental,0.561,model
beaver,45.610624315443594,20,2,0.0054764512595837,0.0001200696403914,"beaver, beavers",environmental,0.925,model
demography,45.61062431544359,200,20,0.0547645125958378,0.0012006964039142,"demography, demographys",environmental,0.614,model
refineri,45.61062431544359,150,15,0.0410733844468784,0.0009005223029357,"refineri, refineries",environmental,0.564,model
fountain,45.61062431544359,100,10,0.0273822562979189,0.0006003482019571,"fountain, fountains",environmental,0.585,model
prei,45.61062431544359,70,7,0.0191675794085432,0.0004202437413699,"prei, preis, prey, preying, preys",environmental,0.857,model
powertrain,45.61062431544359,50,5,0.0136911281489594,0.0003001741009785,"powertrain, powertrains",environmental,0.551,model
napkin,45.61062431544359,50,5,0.0136911281489594,0.0003001741009785,"napkin, napkins",environmental,0.51,model
eu-asean,45.61062431544359,50,5,0.0136911281489594,0.0003001741009785,eu-asean,environmental,0.674,model
diammonium,45.61062431544359,50,5,0.0136911281489594,0.0003001741009785,diammonium,environmental,0.526,model
ecuri,45.61062431544359,50,5,0.0136911281489594,0.0003001741009785,"ecuri, ecurie",environmental,0.955,model
lake,45.53198530800317,579,58,0.1585432639649507,0.0034820195713513,"lake, lakes",environmental,0.875,model
weee,45.284834141761856,139,14,0.0380613362541073,0.0008404874827399,"weee, weees",environmental,1.0,known_acronym
embroid,45.23053577948155,119,12,0.0325848849945235,0.0007204178423485,"embroider, embroidered, embroidering",environmental,0.556,model
substat,45.23053577948155,119,12,0.0325848849945235,0.0007204178423485,"substation, substations",environmental,0.58,model
waterborn,45.002482657904345,148,15,0.04052573932092,0.0009005223029357,waterborne,environmental,0.769,model
bitumen,45.002482657904345,148,15,0.04052573932092,0.0009005223029357,"bitumen, bitumens",environmental,0.555,model
tannin,44.95904396808012,138,14,0.0377875136911281,0.0008404874827399,"tannin, tannins",environmental,0.647,model
small-siz,44.69841182913472,49,5,0.0134173055859802,0.0003001741009785,"small-size, small-sized",environmental,0.516,model
albacar,44.69841182913472,49,5,0.0134173055859802,0.0003001741009785,albacares,environmental,0.583,model
purif,44.47035870755751,351,36,0.0961117196056955,0.0021612535270456,"purific, purification",environmental,0.581,model
ossetia,44.4703587075575,39,4,0.0106790799561883,0.0002401392807828,ossetia,environmental,0.815,model
sublim,44.4703587075575,39,4,0.0106790799561883,0.0002401392807828,"sublimate, sublimates, sublimation, sublimed, subliming",environmental,0.562,model
tartrat,44.4703587075575,39,4,0.0106790799561883,0.0002401392807828,"tartrate, tartrates",environmental,0.547,model
sisal,44.30746362071663,136,14,0.0372398685651697,0.0008404874827399,sisal,environmental,0.616,model
eed,44.24230558598028,97,10,0.0265607886089813,0.0006003482019571,"eed, eeded, eeding, eeds",environmental,1.0,known_acronym
iea,44.09027017159547,232,24,0.0635268346111719,0.0014408356846971,iea,environmental,0.525,model
hippoglossu,44.09027017159547,29,3,0.0079408543263964,0.0001801044605871,hippoglossus,environmental,0.772,model
first-aid,44.09027017159547,29,3,0.0079408543263964,0.0001801044605871,"first-aid, first-aiders",environmental,0.503,model
peci,44.09027017159547,29,3,0.0079408543263964,0.0001801044605871,"peci, pecies, pecis",environmental,0.75,model
forestièr,44.09027017159547,29,3,0.0079408543263964,0.0001801044605871,"forestière, forestières",environmental,0.97,model
sprocket,44.09027017159547,29,3,0.0079408543263964,0.0001801044605871,"sprocket, sprockets",environmental,0.508,model
universitet,44.09027017159547,29,3,0.0079408543263964,0.0001801044605871,"universitet, universiteter, universitets",environmental,0.519,model
velop,44.09027017159547,29,3,0.0079408543263964,0.0001801044605871,"velop, veloped, veloping, velopment, velopments",environmental,0.535,model
effi,44.09027017159547,29,3,0.0079408543263964,0.0001801044605871,"effi, effis",environmental,0.516,model
wallet,43.9816734470349,135,14,0.0369660460021905,0.0008404874827399,"wallet, wallets",environmental,0.501,model
tetrachloroethylen,43.786199342825846,48,5,0.013143483023001,0.0003001741009785,tetrachloroethylene,environmental,0.639,model
electroplat,43.786199342825846,48,5,0.013143483023001,0.0003001741009785,"electroplated, electroplating",environmental,0.544,model
macrocarpon,43.786199342825846,48,5,0.013143483023001,0.0003001741009785,macrocarpon,environmental,0.564,model
cyanid,43.537414119287064,105,11,0.0287513691128148,0.0006603830221528,"cyanidation, cyanide, cyanides",environmental,0.803,model
rea,43.505518577807734,124,13,0.0339539978094194,0.0007804526625442,"rea, reas",environmental,0.552,model
ammoniac,43.330093099671416,76,8,0.0208105147864184,0.0004802785615657,"ammoniac, ammoniacal",environmental,0.684,model
saltwat,43.330093099671416,38,4,0.0104052573932092,0.0002401392807828,saltwater,environmental,0.742,model
ilac,43.330093099671416,38,4,0.0104052573932092,0.0002401392807828,ilac,environmental,0.634,model
aramid,43.330093099671416,38,4,0.0104052573932092,0.0002401392807828,"aramid, aramide, aramides, aramids",environmental,0.636,model
ackag,43.330093099671416,38,4,0.0104052573932092,0.0002401392807828,"ackage, ackages, ackaging",environmental,0.501,model
bentonit,43.330093099671416,38,4,0.0104052573932092,0.0002401392807828,"bentonite, bentonites",environmental,0.611,model
egion,43.33009309967141,57,6,0.0156078860898138,0.0003602089211742,"egion, egional, egions",environmental,0.659,model
naphtha,43.33009309967141,57,6,0.0156078860898138,0.0003602089211742,"naphtha, naphthas",environmental,0.672,model
niobium,43.33009309967141,57,6,0.0156078860898138,0.0003602089211742,niobium,environmental,0.532,model
biphenyl,43.17805768528659,142,15,0.0388828039430449,0.0009005223029357,"biphenyl, biphenyle, biphenyls",environmental,0.551,model
fate,43.17805768528659,142,15,0.0388828039430449,0.0009005223029357,"fate, fates",environmental,0.512,model
hurrican,43.00430292598967,66,7,0.0180722891566265,0.0004202437413699,"hurricane, hurricanes",environmental,0.584,model
monument,42.97000922349685,179,19,0.0490142387732749,0.0011406615837185,"monument, monumental, monuments",environmental,0.567,model
biologist,42.87398685651698,47,5,0.0128696604600219,0.0003001741009785,"biologist, biologiste, biologists",environmental,0.962,model
parrot,42.87398685651698,47,5,0.0128696604600219,0.0003001741009785,"parrot, parrots",environmental,0.654,model
snail,42.56991602774735,56,6,0.0153340635268346,0.0003602089211742,"snail, snails",environmental,0.719,model
natio,42.56991602774735,28,3,0.0076670317634173,0.0001801044605871,natio,environmental,0.659,model
nematod,42.56991602774735,28,3,0.0076670317634173,0.0001801044605871,"nematode, nematodes",environmental,0.904,model
dipecho,42.56991602774735,28,3,0.0076670317634173,0.0001801044605871,dipecho,environmental,0.572,model
dry-salt,42.56991602774735,28,3,0.0076670317634173,0.0001801044605871,"dry-salted, dry-salting",environmental,0.667,model
quartzit,42.56991602774735,28,3,0.0076670317634173,0.0001801044605871,quartzite,environmental,0.633,model
discothequ,42.56991602774735,28,3,0.0076670317634173,0.0001801044605871,"discotheque, discotheques",environmental,0.522,model
maleat,42.56991602774735,28,3,0.0076670317634173,0.0001801044605871,"maleate, maleates",environmental,0.566,model
horizon-europ,42.56991602774735,28,3,0.0076670317634173,0.0001801044605871,horizon-europe,environmental,0.525,model
weather-relat,42.56991602774735,28,3,0.0076670317634173,0.0001801044605871,"weather-relat, weather-related",environmental,0.681,model
conifer,42.3527225786262,65,7,0.0177984665936473,0.0004202437413699,coniferous,environmental,0.77,model
physicochem,42.3527225786262,65,7,0.0177984665936473,0.0004202437413699,physicochemical,environmental,0.69,model
wildlif,41.98250647216967,405,44,0.1108981380065717,0.0026415320886113,wildlife,environmental,0.965,model
chlorat,41.961774370208104,46,5,0.0125958378970427,0.0003001741009785,"chlorate, chlorates",environmental,0.641,model
stressor,41.961774370208104,46,5,0.0125958378970427,0.0003001741009785,"stressor, stressors",environmental,0.602,model
oxiran,41.961774370208104,46,5,0.0125958378970427,0.0003001741009785,oxirane,environmental,0.619,model
palladium,41.961774370208104,46,5,0.0125958378970427,0.0003001741009785,palladium,environmental,0.543,model
semi-conductor,41.87884596236184,101,11,0.0276560788608981,0.0006603830221528,"semi-conductor, semi-conductors",environmental,0.526,model
ria,41.80973895582329,55,6,0.0150602409638554,0.0003602089211742,"ria, rias",environmental,0.52,model
radio-broadcast,41.75126379644452,119,13,0.0325848849945235,0.0007804526625442,"radio-broadcast, radio-broadcasting",environmental,0.603,model
coastlin,41.67152494274619,201,22,0.055038335158817,0.0013207660443056,"coastline, coastlines",environmental,0.815,model
peat,41.65770354143848,274,30,0.0750273822562979,0.0018010446058714,"peat, peats",environmental,0.744,model
childcar,41.65770354143848,137,15,0.0375136911281489,0.0009005223029357,childcare,environmental,0.568,model
kitchenwar,41.61969468784227,73,8,0.0199890470974808,0.0004802785615657,kitchenware,environmental,0.536,model
batteri,41.04956188389924,540,60,0.1478641840087623,0.0036020892117428,"batteri, batterie, batteries",environmental,0.57,model
efsi,41.04956188389924,153,17,0.0418948521358159,0.0010205919433271,efsi,environmental,0.854,model
oleagin,41.04956188389924,144,16,0.0394304490690032,0.0009605571231314,oleaginous,environmental,0.723,model
prophylact,41.04956188389924,99,11,0.0271084337349397,0.0006603830221528,"prophylactic, prophylactics",environmental,0.51,model
borehol,41.04956188389924,36,4,0.0098576122672508,0.0002401392807828,"borehole, boreholes",environmental,0.844,model
helic,41.04956188389924,36,4,0.0098576122672508,0.0002401392807828,"helical, helice, helics",environmental,0.507,model
water-bas,41.04956188389924,36,4,0.0098576122672508,0.0002401392807828,water-based,environmental,0.858,model
oestrogen,41.04956188389924,36,4,0.0098576122672508,0.0002401392807828,"oestrogen, oestrogenic, oestrogens",environmental,0.692,model
land-lock,41.04956188389924,36,4,0.0098576122672508,0.0002401392807828,land-locked,environmental,0.622,model
agro-industry,41.04956188389924,36,4,0.0098576122672508,0.0002401392807828,agro-industry,environmental,0.653,model
asem,41.04956188389923,54,6,0.0147864184008762,0.0003602089211742,asem,environmental,0.591,model
bromin,41.04956188389923,54,6,0.0147864184008762,0.0003602089211742,"bromine, bromines",environmental,0.639,model
conomy,41.04956188389923,54,6,0.0147864184008762,0.0003602089211742,conomy,environmental,0.629,model
aurantifolia,41.04956188389923,45,5,0.0123220153340635,0.0003001741009785,aurantifolia,environmental,0.746,model
whirlpool,41.04956188389923,45,5,0.0123220153340635,0.0003001741009785,"whirlpool, whirlpools",environmental,0.677,model
consumer_scoreboard,41.04956188389923,27,3,0.0073932092004381,0.0001801044605871,consumer_scoreboards,environmental,0.511,model
emulsify,41.04956188389923,27,3,0.0073932092004381,0.0001801044605871,emulsifying,environmental,0.573,model
efi,41.04956188389923,27,3,0.0073932092004381,0.0001801044605871,"efi, efie, efis",environmental,0.541,model
thresher,41.04956188389923,27,3,0.0073932092004381,0.0001801044605871,"thresher, threshers",environmental,0.857,model
parakeet,41.04956188389923,27,3,0.0073932092004381,0.0001801044605871,"parakeet, parakeets",environmental,0.714,model
wikipedia,41.04956188389923,27,3,0.0073932092004381,0.0001801044605871,wikipedia,environmental,0.529,model
new-born,41.04956188389923,27,3,0.0073932092004381,0.0001801044605871,"new-born, new-borns",environmental,0.537,model
gorica,41.04956188389923,27,3,0.0073932092004381,0.0001801044605871,gorica,environmental,0.54,model
ethoxyl,41.04956188389923,27,3,0.0073932092004381,0.0001801044605871,"ethoxylate, ethoxylates",environmental,0.653,model
arctic,40.796169526591214,161,18,0.0440854326396495,0.0010806267635228,arctic,environmental,0.844,model
cutting-edg,40.76449548192771,143,16,0.0391566265060241,0.0009605571231314,cutting-edge,environmental,0.51,model
inciner,40.63491984466793,392,44,0.1073384446878422,0.0026415320886113,"incinerate, incinerates, incineration, incinerations, incinerator, incinerators",environmental,0.744,model
energy-sav,40.5427771692832,80,9,0.0219058050383351,0.0005403133817614,"energy-saver, energy-saving, energy-savings",environmental,0.599,model
invertebr,40.44142022635999,266,30,0.0728368017524644,0.0018010446058714,"invertebr, invertebrate, invertebrates",environmental,0.818,model
polaris,40.42759882505227,195,22,0.0533953997809419,0.0013207660443056,"polarisation, polarisations, polarise, polarised, polariser, polarising",environmental,0.607,model
amphibian,40.289384811975175,53,6,0.014512595837897,0.0003602089211742,"amphibian, amphibians",environmental,0.782,model
tide,40.22027780543662,97,11,0.0265607886089813,0.0006603830221528,"tide, tides",environmental,0.688,model
shredder,40.13734939759036,44,5,0.0120481927710843,0.0003001741009785,"shredder, shredders",environmental,0.525,model
vaporis,40.13734939759036,44,5,0.0120481927710843,0.0003001741009785,"vaporisation, vaporise, vaporised, vaporiser, vaporisers, vaporises, vaporising",environmental,0.546,model
ion-exchang,40.13734939759036,44,5,0.0120481927710843,0.0003001741009785,"ion-exchange, ion-exchanger, ion-exchangers",environmental,0.663,model
nutrient,39.909296276013144,455,52,0.1245892661555312,0.0031218106501771,"nutrient, nutrientes, nutrients",environmental,0.617,model
sturgeon,39.90929627601314,35,4,0.0095837897042716,0.0002401392807828,"sturgeon, sturgeons",environmental,0.776,model
jackfruit,39.90929627601314,35,4,0.0095837897042716,0.0002401392807828,"jackfruit, jackfruits",environmental,0.696,model
palinuru,39.90929627601314,35,4,0.0095837897042716,0.0002401392807828,palinurus,environmental,0.662,model
nickel-cadmium,39.90929627601314,35,4,0.0095837897042716,0.0002401392807828,nickel-cadmium,environmental,0.57,model
sprayer,39.90929627601314,35,4,0.0095837897042716,0.0002401392807828,"sprayer, sprayers",environmental,0.661,model
oduct,39.90929627601314,35,4,0.0095837897042716,0.0002401392807828,"oduct, oduction, oductive, oducts",environmental,0.65,model
mahogany,39.90929627601314,35,4,0.0095837897042716,0.0002401392807828,mahogany,environmental,0.687,model
catfish,39.90929627601314,35,4,0.0095837897042716,0.0002401392807828,catfish,environmental,0.79,model
viewer,39.71925200803212,209,24,0.0572289156626506,0.0014408356846971,"viewer, viewers",environmental,0.548,model
asphalt,39.52920774005111,130,15,0.0355969331872946,0.0009005223029357,"asphalt, asphalted, asphaltic, asphalts",environmental,0.594,model
agrarian,39.52920774005111,52,6,0.0142387732749178,0.0003602089211742,agrarian,environmental,0.513,model
papaw,39.52920774005111,52,6,0.0142387732749178,0.0003602089211742,papaws,environmental,0.659,model
algéri,39.52920774005111,26,3,0.0071193866374589,0.0001801044605871,algérie,environmental,0.959,model
squash,39.52920774005111,26,3,0.0071193866374589,0.0001801044605871,"squash, squashed, squashes",environmental,0.641,model
foxe,39.52920774005111,26,3,0.0071193866374589,0.0001801044605871,foxes,environmental,0.53,model
goldsmith,39.52920774005111,26,3,0.0071193866374589,0.0001801044605871,"goldsmith, goldsmiths",environmental,0.559,model
under-f,39.52920774005111,26,3,0.0071193866374589,0.0001801044605871,"under-five, under-fives",environmental,0.56,model
cair,39.52920774005111,26,3,0.0071193866374589,0.0001801044605871,"cair, caire, caires",environmental,0.523,model
toluol,39.52920774005111,26,3,0.0071193866374589,0.0001801044605871,"toluol, toluole, toluoles",environmental,0.61,model
kattegat,39.52920774005111,26,3,0.0071193866374589,0.0001801044605871,kattegat,environmental,0.504,model
catgut,39.52920774005111,26,3,0.0071193866374589,0.0001801044605871,catgut,environmental,0.682,model
mécaniqu,39.52920774005111,26,3,0.0071193866374589,0.0001801044605871,"mécanique, mécaniques",environmental,0.702,model
carbofuran,39.52920774005111,26,3,0.0071193866374589,0.0001801044605871,carbofuran,environmental,0.668,model
smaller-scal,39.52920774005111,26,3,0.0071193866374589,0.0001801044605871,smaller-scale,environmental,0.578,model
tubular,39.45319003285871,173,20,0.0473713033953997,0.0012006964039142,"tubular, tubulares, tubulars",environmental,0.598,model
turbin,39.249142503026455,327,38,0.0895399780941949,0.0022813231674371,"turbine, turbines",environmental,0.628,model
mungo,39.22513691128149,43,5,0.0117743702081051,0.0003001741009785,mungo,environmental,0.607,model
geology,39.0948208418088,120,14,0.0328587075575027,0.0008404874827399,geology,environmental,0.994,model
carboxyl,39.0948208418088,60,7,0.0164293537787513,0.0004202437413699,"carboxyl, carboxylate, carboxylation, carboxylic",environmental,0.534,model
dishwash,38.94445614626338,111,13,0.03039430449069,0.0007804526625442,"dishwasher, dishwashers, dishwashing",environmental,0.517,model
spark-ignit,38.921066082511864,128,15,0.0350492880613362,0.0009005223029357,"spark-ignited, spark-ignition",environmental,0.506,model
sustainabledevelop,38.76903066812705,34,4,0.0093099671412924,0.0002401392807828,sustainabledevelopment,environmental,0.762,model
gorbuscha,38.76903066812705,34,4,0.0093099671412924,0.0002401392807828,gorbuscha,environmental,0.646,model
coaxial,38.59360518999073,110,13,0.0301204819277108,0.0007804526625442,"coaxial, coaxiales",environmental,0.531,model
nanomateri,38.44324049444531,59,7,0.0161555312157721,0.0004202437413699,"nanomaterial, nanomaterials",environmental,0.587,model
kyoto,38.412697665662655,539,64,0.1475903614457831,0.0038422284925256,kyoto,environmental,0.522,model
drone,38.38894213216502,101,12,0.0276560788608981,0.0007204178423485,"drone, drones",environmental,0.537,model
monofila,38.36658398299079,143,17,0.0391566265060241,0.0010205919433271,"monofilament, monofilaments",environmental,0.556,model
geostrateg,38.312924424972614,42,5,0.0115005476451259,0.0003001741009785,geostrategic,environmental,0.576,model
zeebrugg,38.312924424972614,42,5,0.0115005476451259,0.0003001741009785,zeebrugge,environmental,0.51,model
hexafluorid,38.312924424972614,42,5,0.0115005476451259,0.0003001741009785,hexafluoride,environmental,0.573,model
ozon,38.08487130339539,501,60,0.1371851040525739,0.0036020892117428,"ozon, ozonation, ozonator, ozone",environmental,0.875,model
decelerat,38.00885359620299,100,12,0.0273822562979189,0.0007204178423485,"decelerated, decelerating",environmental,0.507,model
demin,38.00885359620299,50,6,0.0136911281489594,0.0003602089211742,"demine, demined, deminers, demining",environmental,0.921,model
species-specif,38.00885359620299,25,3,0.0068455640744797,0.0001801044605871,"species-specif, species-specific",environmental,0.906,model
dicarboxyl,38.00885359620299,25,3,0.0068455640744797,0.0001801044605871,"dicarboxylate, dicarboxylic",environmental,0.517,model
stenolepi,38.00885359620299,25,3,0.0068455640744797,0.0001801044605871,stenolepis,environmental,0.635,model
pyrazol,38.00885359620299,25,3,0.0068455640744797,0.0001801044605871,pyrazole,environmental,0.561,model
dehumidifi,38.00885359620299,25,3,0.0068455640744797,0.0001801044605871,dehumidifiers,environmental,0.606,model
photopolym,38.00885359620299,25,3,0.0068455640744797,0.0001801044605871,"photopolymer, photopolymers",environmental,0.586,model
energis,38.00885359620299,25,3,0.0068455640744797,0.0001801044605871,"energisation, energise, energised, energisers, energises, energising",environmental,0.539,model
transportu,38.00885359620299,25,3,0.0068455640744797,0.0001801044605871,transportu,environmental,0.579,model
esourc,38.00885359620299,25,3,0.0068455640744797,0.0001801044605871,"esource, esources",environmental,0.775,model
sporadically,38.00885359620299,25,3,0.0068455640744797,0.0001801044605871,sporadically,environmental,0.53,model
rocur,38.00885359620299,25,3,0.0068455640744797,0.0001801044605871,rocurement,environmental,0.544,model
sociali,38.00885359620299,25,3,0.0068455640744797,0.0001801044605871,"sociali, socialis",environmental,0.677,model
methyloxiran,38.00885359620299,25,3,0.0068455640744797,0.0001801044605871,methyloxirane,environmental,0.604,model
chlorosulphonat,38.00885359620299,25,3,0.0068455640744797,0.0001801044605871,chlorosulphonated,environmental,0.679,model
quarry,37.913831462212485,133,16,0.0364184008762322,0.0009605571231314,"quarry, quarrying",environmental,0.614,model
balsam,37.856818181818184,83,10,0.0227272727272727,0.0006003482019571,"balsam, balsamic, balsams",environmental,0.553,model
cleaner,37.80880699832824,630,76,0.1725082146768893,0.0045626463348742,"cleaner, cleaners",environmental,0.877,model
refract,37.791660147081835,58,7,0.0158817086527929,0.0004202437413699,"refract, refracted, refracting, refraction, refractive",environmental,0.55,model
studio,37.75546123889498,149,18,0.0407995618838992,0.0010806267635228,"studio, studios",environmental,0.562,model
alga,37.67834182580123,190,23,0.052026286966046,0.0013808008645014,"alga, algae, algaes, algas",environmental,0.941,model
end-of-lif,37.628765060240966,198,24,0.0542168674698795,0.0014408356846971,end-of-life,environmental,0.709,model
ethylbenzen,37.628765060240966,33,4,0.0090361445783132,0.0002401392807828,ethylbenzene,environmental,0.653,model
keta,37.628765060240966,33,4,0.0090361445783132,0.0002401392807828,keta,environmental,0.536,model
isopren,37.628765060240966,33,4,0.0090361445783132,0.0002401392807828,isoprene,environmental,0.511,model
fagu,37.628765060240966,33,4,0.0090361445783132,0.0002401392807828,"fagu, fagus",environmental,0.643,model
toxaphen,37.628765060240966,33,4,0.0090361445783132,0.0002401392807828,"toxaphene, toxaphenes",environmental,0.719,model
borosil,37.628765060240966,33,4,0.0090361445783132,0.0002401392807828,borosilicate,environmental,0.557,model
rhoduru,37.628765060240966,33,4,0.0090361445783132,0.0002401392807828,rhodurus,environmental,0.521,model
region-specif,37.628765060240966,33,4,0.0090361445783132,0.0002401392807828,region-specific,environmental,0.766,model
masou,37.628765060240966,33,4,0.0090361445783132,0.0002401392807828,masou,environmental,0.538,model
bee-keep,37.628765060240966,33,4,0.0090361445783132,0.0002401392807828,"bee-keeper, bee-keepers, bee-keeping",environmental,0.751,model
scrubber,37.628765060240966,33,4,0.0090361445783132,0.0002401392807828,"scrubber, scrubbers",environmental,0.834,model
ekki,37.628765060240966,33,4,0.0090361445783132,0.0002401392807828,ekki,environmental,0.679,model
regen,37.50206888158696,74,9,0.02026286966046,0.0005403133817614,"regen, regene, regenerative",environmental,0.783,model
canva,37.465869973400096,115,14,0.0314895947426067,0.0008404874827399,"canva, canvas",environmental,0.523,model
latifolia,37.40071193866374,41,5,0.0112267250821467,0.0003001741009785,latifolia,environmental,0.716,model
limonum,37.40071193866374,41,5,0.0112267250821467,0.0003001741009785,limonum,environmental,0.517,model
naturally-act,37.40071193866374,41,5,0.0112267250821467,0.0003001741009785,naturally-active,environmental,0.579,model
child-friendly,37.40071193866374,41,5,0.0112267250821467,0.0003001741009785,child-friendly,environmental,0.723,model
endosulfan,37.24867652427893,49,6,0.0134173055859802,0.0003602089211742,endosulfan,environmental,0.675,model
fibreboard,37.24867652427893,49,6,0.0134173055859802,0.0003602089211742,"fibreboard, fibreboards",environmental,0.551,model
effluent,37.096641109894115,122,15,0.0334063526834611,0.0009005223029357,"effluent, effluents",environmental,0.706,model
multi-country,36.8305791347207,323,40,0.0884446878422782,0.0024013928078285,multi-country,environmental,0.597,model
microscop,36.741891809662896,145,18,0.0397042716319824,0.0010806267635228,"microscope, microscopes, microscopic, microscopical",environmental,0.726,model
lucern,36.48849945235488,72,9,0.0197152245345016,0.0005403133817614,"lucerne, lucernes",environmental,0.541,model
cocoon,36.48849945235487,112,14,0.0306681270536692,0.0008404874827399,"cocoon, cocooned, cocooning, cocoons",environmental,0.636,model
granit,36.48849945235487,112,14,0.0306681270536692,0.0008404874827399,"granit, granite, granites, granitic",environmental,0.621,model
diphenyl,36.48849945235487,80,10,0.0219058050383351,0.0006003482019571,"diphenyl, diphenyls",environmental,0.526,model
ohrid,36.48849945235487,64,8,0.0175246440306681,0.0004802785615657,ohrid,environmental,0.635,model
orientali,36.48849945235487,48,6,0.013143483023001,0.0003602089211742,"orientali, orientalis",environmental,0.504,model
bi-region,36.48849945235487,48,6,0.013143483023001,0.0003602089211742,bi-regional,environmental,0.907,model
glider,36.48849945235487,40,5,0.0109529025191675,0.0003001741009785,"glider, gliders",environmental,0.613,model
toothfish,36.48849945235487,32,4,0.008762322015334,0.0002401392807828,"toothfish, toothfishes",environmental,0.803,model
pesco,36.48849945235487,24,3,0.0065717415115005,0.0001801044605871,pesco,environmental,0.594,model
hexaval,36.48849945235487,24,3,0.0065717415115005,0.0001801044605871,"hexavalant, hexavalent",environmental,0.64,model
subspeci,36.48849945235487,24,3,0.0065717415115005,0.0001801044605871,subspecies,environmental,0.619,model
polygon,36.48849945235487,24,3,0.0065717415115005,0.0001801044605871,"polygon, polygonal, polygons",environmental,0.53,model
lili,36.48849945235487,24,3,0.0065717415115005,0.0001801044605871,"lili, lilies",environmental,0.62,model
ski-boot,36.48849945235487,24,3,0.0065717415115005,0.0001801044605871,"ski-boot, ski-boots",environmental,0.501,model
silversmith,36.48849945235487,24,3,0.0065717415115005,0.0001801044605871,silversmiths,environmental,0.527,model
cobia,36.48849945235487,24,3,0.0065717415115005,0.0001801044605871,cobia,environmental,0.521,model
strai,36.48849945235487,24,3,0.0065717415115005,0.0001801044605871,"stray, strays",environmental,0.624,model
oscillograph,36.48849945235487,24,3,0.0065717415115005,0.0001801044605871,oscillographs,environmental,0.537,model
ithout,36.48849945235487,24,3,0.0065717415115005,0.0001801044605871,ithout,environmental,0.523,model
radio-telegraphy,36.48849945235487,24,3,0.0065717415115005,0.0001801044605871,radio-telegraphy,environmental,0.544,model
coaster,36.48849945235487,24,3,0.0065717415115005,0.0001801044605871,"coaster, coasters",environmental,0.552,model
progestogen,36.48849945235487,24,3,0.0065717415115005,0.0001801044605871,"progestogen, progestogens",environmental,0.697,model
rachycentron,36.48849945235487,24,3,0.0065717415115005,0.0001801044605871,rachycentron,environmental,0.621,model
unep,36.33646403797006,239,30,0.0654435925520262,0.0018010446058714,unep,environmental,0.737,model
sulphid,36.29845518437386,191,24,0.0523001095290251,0.0014408356846971,"sulphide, sulphides, sulphidic",environmental,0.695,model
metallis,36.27130600323372,167,21,0.0457283680175246,0.0012607312241099,"metallisation, metallised, metallising",environmental,0.556,model
airfield,36.162709278673134,111,14,0.03039430449069,0.0008404874827399,"airfield, airfields",environmental,0.529,model
fluvial,36.07385741312357,87,11,0.0238225629791894,0.0006603830221528,"fluvial, fluviale, fluviales",environmental,0.903,model
pregelatinis,36.03239320920044,79,10,0.0216319824753559,0.0006003482019571,"pregelatinisation, pregelatinised",environmental,0.509,model
pathwai,35.997308113573176,513,65,0.1404709748083242,0.0039022633127213,"pathway, pathways",environmental,0.59,model
hardest,35.91836664841183,63,8,0.0172508214676889,0.0004802785615657,hardest,environmental,0.506,model
supercomput,35.91836664841183,63,8,0.0172508214676889,0.0004802785615657,"supercomputer, supercomputers, supercomputing",environmental,0.518,model
phosphoru,35.866536393507914,346,44,0.0947426067907995,0.0026415320886113,phosphorus,environmental,0.76,model
stove,35.75872946330777,196,25,0.0536692223439211,0.0015008705048928,"stove, stoves",environmental,0.535,model
clima,35.72832238043081,188,24,0.0514786418400876,0.0014408356846971,"clima, climas",environmental,0.974,model
flare,35.72832238043081,47,6,0.0128696604600219,0.0003602089211742,"flare, flares",environmental,0.531,model
dichloromethan,35.72832238043081,47,6,0.0128696604600219,0.0003602089211742,dichloromethane,environmental,0.723,model
chlor-alkali,35.576286966046,39,5,0.0106790799561883,0.0003001741009785,chlor-alkali,environmental,0.613,model
zoolog,35.576286966046,39,5,0.0106790799561883,0.0003001741009785,zoological,environmental,0.991,model
enel,35.576286966046,39,5,0.0106790799561883,0.0003001741009785,enel,environmental,0.572,model
geo-polit,35.576286966046,39,5,0.0106790799561883,0.0003001741009785,"geo-political, geo-politics",environmental,0.57,model
pratensi,35.576286966046,39,5,0.0106790799561883,0.0003001741009785,pratensis,environmental,0.528,model
trachuru,35.576286966046,39,5,0.0106790799561883,0.0003001741009785,trachurus,environmental,0.527,model
hapter,35.576286966046,39,5,0.0106790799561883,0.0003001741009785,"hapter, hapters",environmental,0.522,model
pantograph,35.474930023122795,70,9,0.0191675794085432,0.0005403133817614,"pantograph, pantographs",environmental,0.705,model
agri-environ,35.34823384446879,124,16,0.0339539978094194,0.0009605571231314,agri-environment,environmental,0.991,model
belli,35.34823384446879,62,8,0.0169769989047097,0.0004802785615657,"belli, bellies",environmental,0.547,model
bluefin,35.34823384446879,62,8,0.0169769989047097,0.0004802785615657,bluefin,environmental,0.605,model
klima,35.34823384446879,31,4,0.0084884994523548,0.0002401392807828,"klima, klimas",environmental,0.806,model
tercihli,35.34823384446879,31,4,0.0084884994523548,0.0002401392807828,tercihli,environmental,0.515,model
aksi,35.34823384446879,31,4,0.0084884994523548,0.0002401392807828,aksi,environmental,0.532,model
tailpip,35.34823384446879,31,4,0.0084884994523548,0.0002401392807828,"tailpipe, tailpipes",environmental,0.73,model
unroot,35.34823384446879,31,4,0.0084884994523548,0.0002401392807828,unrooted,environmental,0.589,model
quinoa,35.34823384446879,31,4,0.0084884994523548,0.0002401392807828,quinoa,environmental,0.562,model
woodland,35.27221613727638,116,15,0.0317634173055859,0.0009005223029357,"woodland, woodlands",environmental,0.941,model
east-west,35.18533875762792,54,7,0.0147864184008762,0.0004202437413699,east-west,environmental,0.557,model
ammonia,34.968145308506756,345,45,0.0944687842278203,0.0027015669088071,"ammonia, ammoniae",environmental,0.631,model
grassland,34.968145308506756,253,33,0.0692771084337349,0.0019811490664585,"grassland, grasslands",environmental,0.969,model
adriat,34.968145308506756,184,24,0.0503833515881708,0.0014408356846971,adriatic,environmental,0.768,model
subsoil,34.968145308506756,138,18,0.0377875136911281,0.0010806267635228,"subsoil, subsoiling, subsoils",environmental,0.906,model
fairwai,34.968145308506756,23,3,0.0062979189485213,0.0001801044605871,"fairway, fairways",environmental,0.584,model
ergot,34.968145308506756,23,3,0.0062979189485213,0.0001801044605871,ergot,environmental,0.831,model
puma,34.968145308506756,23,3,0.0062979189485213,0.0001801044605871,"puma, pumas",environmental,0.708,model
electrophoresi,34.968145308506756,23,3,0.0062979189485213,0.0001801044605871,electrophoresis,environmental,0.978,model
culturii,34.968145308506756,23,3,0.0062979189485213,0.0001801044605871,culturii,environmental,0.883,model
cochlearia,34.968145308506756,23,3,0.0062979189485213,0.0001801044605871,cochlearia,environmental,0.579,model
gulli,34.968145308506756,23,3,0.0062979189485213,0.0001801044605871,gullies,environmental,0.564,model
vella,34.968145308506756,23,3,0.0062979189485213,0.0001801044605871,vella,environmental,0.514,model
ampoul,34.85954858394617,107,14,0.0292990142387732,0.0008404874827399,"ampoule, ampoules",environmental,0.51,model
bitumin,34.77810104052573,183,24,0.0501095290251916,0.0014408356846971,"bituminou, bituminous",environmental,0.617,model
coastguard,34.77810104052573,61,8,0.0167031763417305,0.0004802785615657,"coastguard, coastguards",environmental,0.618,model
atur,34.66407447973713,76,10,0.0208105147864184,0.0006003482019571,"atural, ature, atures",environmental,0.71,model
buckwheat,34.66407447973713,76,10,0.0208105147864184,0.0006003482019571,buckwheat,environmental,0.709,model
carnivor,34.66407447973713,38,5,0.0104052573932092,0.0003001741009785,"carnivore, carnivores, carnivorous, carnivors",environmental,0.891,model
dioxin-lik,34.66407447973713,38,5,0.0104052573932092,0.0003001741009785,dioxin-like,environmental,0.755,model
dehair,34.66407447973713,38,5,0.0104052573932092,0.0003001741009785,"dehaired, dehairing",environmental,0.537,model
recircul,34.66407447973713,38,5,0.0104052573932092,0.0003001741009785,"recirculate, recirculation",environmental,0.551,model
pyridin,34.66407447973713,38,5,0.0104052573932092,0.0003001741009785,"pyridin, pyridine",environmental,0.56,model
gozo,34.53375841026444,53,7,0.014512595837897,0.0004202437413699,gozo,environmental,0.664,model
unconvent,34.53375841026444,53,7,0.014512595837897,0.0004202437413699,unconventional,environmental,0.571,model
biowast,34.38339371471901,98,13,0.0268346111719605,0.0007804526625442,"biowaste, biowastes",environmental,0.965,model
bio-wast,34.360003650967506,113,15,0.0309419496166484,0.0009005223029357,"bio-waste, bio-wastes",environmental,0.858,model
toxin,34.32799619530754,143,19,0.0391566265060241,0.0011406615837185,"toxin, toxins",environmental,0.691,model
sinter,34.30712176770322,173,23,0.0473713033953997,0.0013808008645014,"sinter, sintered, sintering, sinters",environmental,0.634,model
boarder,34.207968236582694,30,4,0.0082146768893756,0.0002401392807828,"boarder, boarders",environmental,0.549,model
pyrimidin,34.207968236582694,30,4,0.0082146768893756,0.0002401392807828,"pyrimidin, pyrimidine",environmental,0.52,model
furrier,34.207968236582694,30,4,0.0082146768893756,0.0002401392807828,"furrier, furriers",environmental,0.541,model
aeglefinu,34.207968236582694,30,4,0.0082146768893756,0.0002401392807828,aeglefinus,environmental,0.538,model
monocultur,34.207968236582694,30,4,0.0082146768893756,0.0002401392807828,"monocultural, monoculture, monocultures",environmental,0.759,model
saharan,34.207968236582694,30,4,0.0082146768893756,0.0002401392807828,"saharan, saharans",environmental,0.626,model
ethanediol,34.207968236582694,30,4,0.0082146768893756,0.0002401392807828,ethanediol,environmental,0.596,model
poplar,34.207968236582694,30,4,0.0082146768893756,0.0002401392807828,"poplar, poplars",environmental,0.822,model
millston,34.207968236582694,30,4,0.0082146768893756,0.0002401392807828,millstones,environmental,0.52,model
woody,34.00064721696704,82,11,0.0224534501642935,0.0006603830221528,woody,environmental,0.572,model
pcb,33.91050764322111,171,23,0.0468236582694414,0.0013808008645014,"pcb, pcbs",environmental,1.0,known_acronym
biology,33.882178062900955,208,28,0.0569550930996714,0.0016809749654799,biology,environmental,0.945,model
mangosteen,33.882178062900955,52,7,0.0142387732749178,0.0004202437413699,"mangosteen, mangosteens",environmental,0.694,model
eurovignett,33.882178062900955,52,7,0.0142387732749178,0.0004202437413699,eurovignette,environmental,0.594,model
sugar-can,33.75186199342826,37,5,0.01013143483023,0.0003001741009785,sugar-cane,environmental,0.591,model
southeast,33.68169180217373,192,26,0.0525739320920043,0.0015609053250885,"southeast, southeaster",environmental,0.521,model
subreg,33.68169180217373,96,13,0.0262869660460021,0.0007804526625442,"subregion, subregions",environmental,0.649,model
wood-bas,33.63783543263965,59,8,0.0161555312157721,0.0004802785615657,wood-based,environmental,0.78,model
pfa,33.63783543263965,59,8,0.0161555312157721,0.0004802785615657,"pfa, pfas",environmental,1.0,known_acronym
aerosol,33.60782844295843,280,38,0.076670317634173,0.0022813231674371,"aerosol, aerosole, aerosoler, aerosoles, aerosolization, aerosols",environmental,0.804,model
illuminat,33.52380887185104,147,20,0.0402519167579408,0.0012006964039142,"illuminated, illuminating",environmental,0.511,model
beach,33.51389351873899,169,23,0.046276013143483,0.0013808008645014,"beach, beached, beaches, beaching",environmental,0.795,model
mentally,33.44779116465864,66,9,0.0180722891566265,0.0005403133817614,mentally,environmental,0.556,model
refinery,33.44779116465863,110,15,0.0301204819277108,0.0009005223029357,refinery,environmental,0.581,model
euthynnu,33.44779116465863,44,6,0.0120481927710843,0.0003602089211742,euthynnus,environmental,0.556,model
photolithography,33.44779116465863,22,3,0.0060240963855421,0.0001801044605871,photolithography,environmental,0.616,model
pentabromodiphenyl,33.44779116465863,22,3,0.0060240963855421,0.0001801044605871,pentabromodiphenyl,environmental,0.517,model
négligé,33.44779116465863,22,3,0.0060240963855421,0.0001801044605871,"négligée, négligés",environmental,0.726,model
teknologi,33.44779116465863,22,3,0.0060240963855421,0.0001801044605871,teknologi,environmental,0.683,model
génie,33.44779116465863,22,3,0.0060240963855421,0.0001801044605871,génie,environmental,0.577,model
eu-celac,33.44779116465863,22,3,0.0060240963855421,0.0001801044605871,eu-celac,environmental,0.593,model
atomistyki,33.44779116465863,22,3,0.0060240963855421,0.0001801044605871,atomistyki,environmental,0.88,model
sangu,33.44779116465863,22,3,0.0060240963855421,0.0001801044605871,sangue,environmental,0.733,model
de-radicalis,33.44779116465863,22,3,0.0060240963855421,0.0001801044605871,de-radicalisation,environmental,0.531,model
vane,33.44779116465863,22,3,0.0060240963855421,0.0001801044605871,"vane, vanes",environmental,0.524,model
orchestra,33.44779116465863,22,3,0.0060240963855421,0.0001801044605871,"orchestra, orchestras",environmental,0.536,model
valtioneuvoston,33.44779116465863,22,3,0.0060240963855421,0.0001801044605871,valtioneuvoston,environmental,0.726,model
geolog,33.38309524364382,344,47,0.0941949616648411,0.0028216365491985,"geologic, geological",environmental,0.968,model
warship,33.29575575027382,73,10,0.0199890470974808,0.0006003482019571,"warship, warships",environmental,0.548,model
transistor,33.23059771553748,102,14,0.0279299014238773,0.0008404874827399,"transistor, transistores, transistors",environmental,0.55,model
deplet,33.06770262869661,522,72,0.1429353778751369,0.0043225070540913,"depletable, deplete, depleted, depletes, depleting, depletion, depletions",environmental,0.636,model
maltodextrin,33.06770262869661,58,8,0.0158817086527929,0.0004802785615657,"maltodextrin, maltodextrine, maltodextrins",environmental,0.566,model
alu,33.06770262869661,29,4,0.0079408543263964,0.0002401392807828,"alu, alue, alues, alus",environmental,0.534,model
repel,33.06770262869661,29,4,0.0079408543263964,0.0002401392807828,"repel, repellant, repelled, repellence, repellent, repellents, repelling, repels",environmental,0.534,model
de-min,33.06770262869661,29,4,0.0079408543263964,0.0002401392807828,"de-mined, de-mining",environmental,0.93,model
reaktorsicherheit,33.06770262869661,29,4,0.0079408543263964,0.0002401392807828,reaktorsicherheit,environmental,0.572,model
ape,33.06770262869661,29,4,0.0079408543263964,0.0002401392807828,"ape, apee, apes",environmental,0.574,model
chenopodium,33.06770262869661,29,4,0.0079408543263964,0.0002401392807828,chenopodium,environmental,0.585,model
jelli,33.000628181173894,123,17,0.0336801752464403,0.0010205919433271,"jellied, jellies",environmental,0.534,model
biocid,32.9410064500426,260,36,0.0711938663745892,0.0021612535270456,"biocid, biocidal, biocide, biocider, biocides",environmental,0.701,model
reptil,32.90480754185574,101,14,0.0276560788608981,0.0008404874827399,"reptile, reptiles",environmental,0.693,model
manuscript,32.877658360715586,173,24,0.0473713033953997,0.0014408356846971,"manuscript, manuscripts",environmental,0.601,model
ozone-deplet,32.83964950711939,72,10,0.0197152245345016,0.0006003482019571,"ozone-depleters, ozone-depleting",environmental,0.88,model
unfpa,32.83964950711939,36,5,0.0098576122672508,0.0003001741009785,unfpa,environmental,0.542,model
shampoo,32.83964950711939,36,5,0.0098576122672508,0.0003001741009785,"shampoo, shampoos",environmental,0.504,model
carpathian,32.83964950711939,36,5,0.0098576122672508,0.0003001741009785,"carpathian, carpathians",environmental,0.878,model
philanthrop,32.83964950711939,36,5,0.0098576122672508,0.0003001741009785,philanthropic,environmental,0.621,model
evel,32.83964950711939,36,5,0.0098576122672508,0.0003001741009785,"evel, evels",environmental,0.683,model
conscienc,32.68761409273458,129,18,0.0353231106243154,0.0010806267635228,conscience,environmental,0.717,model
scoop,32.68761409273458,43,6,0.0117743702081051,0.0003602089211742,"scoop, scoops",environmental,0.5,model
esco,32.68761409273458,43,6,0.0117743702081051,0.0003602089211742,"esco, escos",environmental,0.815,model
evacuat,32.57901736817399,50,7,0.0136911281489594,0.0004202437413699,"evacuat, evacuated, evacuating",environmental,0.624,model
eview,32.57901736817399,50,7,0.0136911281489594,0.0004202437413699,"eview, eviewing, eviews",environmental,0.54,model
sunblind,32.53557867834976,107,15,0.0292990142387732,0.0009005223029357,sunblinds,environmental,0.505,model
efa,32.49756982475356,57,8,0.0156078860898138,0.0004802785615657,"efa, efas",environmental,0.605,model
amylac,32.464032600992205,121,17,0.0331325301204819,0.0010205919433271,amylaceous,environmental,0.751,model
electro-techn,32.434221735426554,64,9,0.0175246440306681,0.0005403133817614,"electro-technical, electro-technics",environmental,0.629,model
stewardship,32.34207906004182,78,11,0.0213581599123767,0.0006603830221528,"stewardship, stewardships",environmental,0.521,model
troop,32.34207906004182,78,11,0.0213581599123767,0.0006603830221528,"troop, troops",environmental,0.603,model
biosecurity,32.34207906004182,78,11,0.0213581599123767,0.0006603830221528,biosecurity,environmental,0.932,model
agro-food,32.27828797708316,92,13,0.0251916757940854,0.0007804526625442,"agro-food, agro-foods",environmental,0.593,model
serum,32.253227194492254,99,14,0.0271084337349397,0.0008404874827399,"serum, serums",environmental,0.514,model
agri-food,32.20668574110915,346,49,0.0947426067907995,0.0029417061895899,"agri-food, agri-foods",environmental,0.591,model
inorgan,32.03109753061835,309,44,0.0846111719605695,0.0026415320886113,"inorganic, inorganics",environmental,0.563,model
galleri,31.92743702081052,63,9,0.0172508214676889,0.0005403133817614,galleries,environmental,0.501,model
hunger,31.927437020810515,119,17,0.0325848849945235,0.0010205919433271,hunger,environmental,0.541,model
romot,31.927437020810515,56,8,0.0153340635268346,0.0004802785615657,"romot, romote, romoting, romotion, romotional",environmental,0.521,model
energet,31.927437020810515,49,7,0.0134173055859802,0.0004202437413699,"energet, energetic, energetics",environmental,0.856,model
underfund,31.927437020810515,49,7,0.0134173055859802,0.0004202437413699,"underfunded, underfunding",environmental,0.564,model
sulfon,31.927437020810515,49,7,0.0134173055859802,0.0004202437413699,"sulfonate, sulfonates, sulfone, sulfones, sulfonic",environmental,0.666,model
gossypol,31.927437020810515,28,4,0.0076670317634173,0.0002401392807828,gossypol,environmental,0.679,model
ingress,31.927437020810515,28,4,0.0076670317634173,0.0002401392807828,ingress,environmental,0.561,model
streptomycin,31.927437020810515,28,4,0.0076670317634173,0.0002401392807828,"streptomycin, streptomycines, streptomycins",environmental,0.563,model
de-pollut,31.927437020810515,28,4,0.0076670317634173,0.0002401392807828,"de-pollute, de-polluting, de-pollution",environmental,0.837,model
iridium,31.927437020810515,28,4,0.0076670317634173,0.0002401392807828,iridium,environmental,0.556,model
octanol,31.927437020810515,28,4,0.0076670317634173,0.0002401392807828,"octanol, octanols",environmental,0.574,model
sensitis,31.927437020810512,154,22,0.0421686746987951,0.0013207660443056,"sensitisation, sensitise, sensitised, sensitiser, sensitisers, sensitising",environmental,0.532,model
environment-friendly,31.927437020810512,91,13,0.0249178532311062,0.0007804526625442,environment-friendly,environmental,0.928,model
epbd,31.927437020810512,42,6,0.0115005476451259,0.0003602089211742,epbd,environmental,1.0,known_acronym
pastrycook,31.927437020810512,42,6,0.0115005476451259,0.0003602089211742,pastrycooks,environmental,0.57,model
three-phas,31.927437020810512,42,6,0.0115005476451259,0.0003602089211742,"three-phase, three-phased",environmental,0.545,model
tamarind,31.927437020810512,42,6,0.0115005476451259,0.0003602089211742,"tamarind, tamarinds",environmental,0.747,model
consumer_evid,31.927437020810512,35,5,0.0095837897042716,0.0003001741009785,consumer_evidence,environmental,0.545,model
cardamom,31.927437020810512,35,5,0.0095837897042716,0.0003001741009785,"cardamom, cardamoms",environmental,0.66,model
anti-rust,31.927437020810512,21,3,0.0057502738225629,0.0001801044605871,anti-rust,environmental,0.505,model
moa,31.927437020810512,21,3,0.0057502738225629,0.0001801044605871,"moa, moas",environmental,0.543,model
dichloroanilin,31.927437020810512,21,3,0.0057502738225629,0.0001801044605871,dichloroaniline,environmental,0.653,model
isomer,31.927437020810512,21,3,0.0057502738225629,0.0001801044605871,"isomerate, isomeric, isomerization",environmental,0.505,model
guerr,31.927437020810512,21,3,0.0057502738225629,0.0001801044605871,guerre,environmental,0.556,model
zebra,31.927437020810512,21,3,0.0057502738225629,0.0001801044605871,"zebra, zebras",environmental,0.782,model
monoammonium,31.927437020810512,21,3,0.0057502738225629,0.0001801044605871,monoammonium,environmental,0.559,model
shotgun,31.927437020810512,21,3,0.0057502738225629,0.0001801044605871,"shotgun, shotguns",environmental,0.524,model
elus,31.927437020810512,21,3,0.0057502738225629,0.0001801044605871,elusive,environmental,0.511,model
estlink,31.927437020810512,21,3,0.0057502738225629,0.0001801044605871,estlink,environmental,0.57,model
after-car,31.927437020810512,21,3,0.0057502738225629,0.0001801044605871,after-care,environmental,0.581,model
unexplor,31.927437020810512,21,3,0.0057502738225629,0.0001801044605871,unexplored,environmental,0.531,model
corridor,31.77015900592967,606,87,0.1659364731653888,0.005223029357027,"corridor, corridors",environmental,0.661,model
nitrosat,31.62336619204089,104,15,0.0284775465498357,0.0009005223029357,"nitrosatable, nitrosated, nitrosating",environmental,0.704,model
receptor,31.47133077765608,69,10,0.018893756845564,0.0006003482019571,"receptor, receptores, receptors",environmental,0.619,model
ethylhexyl,31.420652306194476,62,9,0.0169769989047097,0.0005403133817614,ethylhexyl,environmental,0.517,model
afghan,31.420652306194476,62,9,0.0169769989047097,0.0005403133817614,"afghan, afghans",environmental,0.519,model
easur,31.35730421686747,110,16,0.0301204819277108,0.0009605571231314,"easur, easure, easured, easurement, easurements, easures, easuring",environmental,0.561,model
alliac,31.35730421686747,55,8,0.0150602409638554,0.0004802785615657,alliaceous,environmental,0.84,model
unexploit,31.35730421686747,55,8,0.0150602409638554,0.0004802785615657,unexploited,environmental,0.55,model
cashew,31.35730421686747,55,8,0.0150602409638554,0.0004802785615657,"cashew, cashews",environmental,0.687,model
water-insolubl,31.35730421686747,55,8,0.0150602409638554,0.0004802785615657,water-insoluble,environmental,0.64,model
microspher,31.167259948886453,41,6,0.0112267250821467,0.0003602089211742,"microsphere, microspheres",environmental,0.637,model
rayon,31.01522453450164,136,20,0.0372398685651697,0.0012006964039142,"rayon, rayons",environmental,0.6,model
cassava,31.01522453450164,68,10,0.0186199342825848,0.0006003482019571,cassava,environmental,0.526,model
opex,31.01522453450164,34,5,0.0093099671412924,0.0003001741009785,opex,environmental,0.584,model
roqueforti,31.01522453450164,34,5,0.0093099671412924,0.0003001741009785,roqueforti,environmental,0.572,model
difesa,31.01522453450164,34,5,0.0093099671412924,0.0003001741009785,difesa,environmental,0.535,model
inulin,30.97721568090543,163,24,0.0446330777656078,0.0014408356846971,"inulin, inuline",environmental,0.528,model
remnant,30.91386759157843,61,9,0.0167031763417305,0.0005403133817614,"remnant, remnants",environmental,0.593,model
postag,30.787171412924422,81,12,0.0221796276013143,0.0007204178423485,postage,environmental,0.516,model
sawdust,30.787171412924422,54,8,0.0147864184008762,0.0004802785615657,sawdust,environmental,0.673,model
evaporat,30.787171412924422,54,8,0.0147864184008762,0.0004802785615657,"evaporated, evaporating",environmental,0.666,model
grass-root,30.787171412924422,27,4,0.0073932092004381,0.0002401392807828,"grass-root, grass-roots",environmental,0.798,model
eupol,30.787171412924422,27,4,0.0073932092004381,0.0002401392807828,eupol,environmental,0.965,model
butano,30.787171412924422,27,4,0.0073932092004381,0.0002401392807828,"butano, butanoate, butanoic",environmental,0.591,model
cinnamon-tre,30.787171412924422,27,4,0.0073932092004381,0.0002401392807828,cinnamon-tree,environmental,0.688,model
eom,30.787171412924422,27,4,0.0073932092004381,0.0002401392807828,"eom, eoms",environmental,0.567,model
arsen,30.72009696540172,229,34,0.0627053669222344,0.0020411838866542,"arsen, arsenal, arsenals, arsenate, arsenates, arseneous, arsenic",environmental,0.575,model
transport-relat,30.6835109031166,74,11,0.02026286966046,0.0006603830221528,transport-related,environmental,0.522,model
soot,30.624276326083557,47,7,0.0128696604600219,0.0004202437413699,"soot, sooting",environmental,0.758,model
safeseanet,30.624276326083557,47,7,0.0128696604600219,0.0004202437413699,safeseanet,environmental,0.655,model
predat,30.58594807035629,114,17,0.0312157721796276,0.0010205919433271,"predate, predated, predates, predating, predation, predator, predators",environmental,0.836,model
conductor,30.511934886882955,194,29,0.0531215772179627,0.0017410097856756,"conductor, conductores, conductors",environmental,0.518,model
ural,30.40708287696239,40,6,0.0109529025191675,0.0003602089211742,"ural, urals",environmental,0.557,model
potass,30.40708287696239,20,3,0.0054764512595837,0.0001801044605871,"potasse, potasses, potassic",environmental,0.891,model
biotoxin,30.40708287696239,20,3,0.0054764512595837,0.0001801044605871,"biotoxin, biotoxines, biotoxins",environmental,0.798,model
hexabromobiphenyl,30.40708287696239,20,3,0.0054764512595837,0.0001801044605871,"hexabromobiphenyl, hexabromobiphenyls",environmental,0.507,model
donor-fund,30.40708287696239,20,3,0.0054764512595837,0.0001801044605871,"donor-funded, donor-funding",environmental,0.54,model
camel-back,30.40708287696239,20,3,0.0054764512595837,0.0001801044605871,camel-back,environmental,0.506,model
cove,30.40708287696239,20,3,0.0054764512595837,0.0001801044605871,"cove, coves",environmental,0.642,model
tetramethylen,30.40708287696239,20,3,0.0054764512595837,0.0001801044605871,tetramethylene,environmental,0.562,model
pratens,30.40708287696239,20,3,0.0054764512595837,0.0001801044605871,pratense,environmental,0.521,model
ifac,30.40708287696239,20,3,0.0054764512595837,0.0001801044605871,ifac,environmental,0.518,model
ethiopian,30.40708287696239,20,3,0.0054764512595837,0.0001801044605871,"ethiopian, ethiopians",environmental,0.591,model
wrist-watch,30.40708287696239,20,3,0.0054764512595837,0.0001801044605871,"wrist-watch, wrist-watches",environmental,0.556,model
doorset,30.40708287696239,20,3,0.0054764512595837,0.0001801044605871,doorsets,environmental,0.509,model
thesi,30.40708287696239,20,3,0.0054764512595837,0.0001801044605871,thesis,environmental,0.509,model
reconnect,30.26886886388529,73,11,0.0199890470974808,0.0006603830221528,"reconnect, reconnected, reconnecting, reconnection, reconnects",environmental,0.508,model
acidif,30.255047462577583,199,30,0.0544906900328587,0.0018010446058714,acidification,environmental,0.712,model
language-en,30.10301204819277,99,15,0.0271084337349397,0.0009005223029357,language-en,environmental,0.542,model
hare,30.10301204819277,66,10,0.0180722891566265,0.0006003482019571,"hare, hares",environmental,0.706,model
carambola,30.10301204819277,33,5,0.0090361445783132,0.0003001741009785,"carambola, carambolas",environmental,0.508,model
fertility,30.04010084224043,191,29,0.0523001095290251,0.0017410097856756,fertility,environmental,0.565,model
oleo-oil,29.972695978720076,46,7,0.0125958378970427,0.0004202437413699,oleo-oil,environmental,0.558,model
daughter,29.854226824653992,72,11,0.0197152245345016,0.0006603830221528,"daughter, daughters",environmental,0.519,model
compass,29.842379909247384,229,35,0.0627053669222344,0.0021012187068499,"compass, compasses, compassion",environmental,0.685,model
anag,29.798941219423146,98,15,0.0268346111719605,0.0009005223029357,"anag, anage, anaged, anagement, anager, anagers, anaging",environmental,0.53,model
grapefruit,29.646905805038337,91,14,0.0249178532311062,0.0008404874827399,"grapefruit, grapefruits",environmental,0.634,model
yellowfin,29.646905805038337,65,10,0.0177984665936473,0.0006003482019571,yellowfin,environmental,0.607,model
deer,29.646905805038337,65,10,0.0177984665936473,0.0006003482019571,"deer, deere, deers",environmental,0.803,model
pelami,29.646905805038337,52,8,0.0142387732749178,0.0004802785615657,pelamis,environmental,0.727,model
diethylamino,29.646905805038337,26,4,0.0071193866374589,0.0002401392807828,diethylamino,environmental,0.636,model
deodoris,29.646905805038337,26,4,0.0071193866374589,0.0002401392807828,"deodorisation, deodorised, deodorisers, deodorising",environmental,0.509,model
pillow,29.646905805038337,26,4,0.0071193866374589,0.0002401392807828,"pillow, pillows",environmental,0.527,model
steroid,29.646905805038337,26,4,0.0071193866374589,0.0002401392807828,"steroid, steroidal, steroids",environmental,0.551,model
ryegrass,29.646905805038337,26,4,0.0071193866374589,0.0002401392807828,ryegrass,environmental,0.914,model
paternity,29.646905805038337,26,4,0.0071193866374589,0.0002401392807828,paternity,environmental,0.521,model
cathol,29.646905805038337,26,4,0.0071193866374589,0.0002401392807828,"catholic, catholics",environmental,0.567,model
vistula,29.646905805038337,26,4,0.0071193866374589,0.0002401392807828,vistula,environmental,0.567,model
gezondheidszorg,29.646905805038337,26,4,0.0071193866374589,0.0002401392807828,gezondheidszorg,environmental,0.597,model
trichloromethan,29.646905805038333,39,6,0.0106790799561883,0.0003602089211742,trichloromethane,environmental,0.699,model
toluidin,29.646905805038333,39,6,0.0106790799561883,0.0003602089211742,"toluidine, toluidines",environmental,0.649,model
roof,29.58174777030199,454,70,0.124315443592552,0.0042024374136999,"roof, roofed, roofing, roofings, roofs",environmental,0.592,model
hydrogen,29.361839403066817,618,96,0.1692223439211391,0.0057633427387884,"hydrogen, hydrogenation, hydrogenator",environmental,0.667,model
polyurethan,29.21930620208105,205,32,0.0561336254107338,0.0019211142462628,"polyurethane, polyurethanes",environmental,0.538,model
rhododendron,29.190799561883896,32,5,0.008762322015334,0.0003001741009785,"rhododendron, rhododendrons",environmental,0.875,model
desiccat,29.190799561883896,32,5,0.008762322015334,0.0003001741009785,desiccated,environmental,0.523,model
tarpaulin,29.140121090422294,115,18,0.0314895947426067,0.0010806267635228,"tarpaulin, tarpaulins",environmental,0.648,model
jewellery,28.88672873311428,171,27,0.0468236582694414,0.0016209401452842,jewellery,environmental,0.504,model
matern,28.88672873311428,114,18,0.0312157721796276,0.0010806267635228,"matern, maternal, materne",environmental,0.673,model
unhealthy,28.88672873311428,57,9,0.0156078860898138,0.0005403133817614,unhealthy,environmental,0.58,model
hydrochlor,28.88672873311428,57,9,0.0156078860898138,0.0005403133817614,hydrochloric,environmental,0.583,model
short-sea,28.886728733114275,38,6,0.0104052573932092,0.0003602089211742,short-sea,environmental,0.674,model
post-pandem,28.886728733114275,38,6,0.0104052573932092,0.0003602089211742,post-pandemic,environmental,0.635,model
transnistria,28.886728733114275,38,6,0.0104052573932092,0.0003602089211742,transnistria,environmental,0.505,model
siloxan,28.669535283993117,44,7,0.0120481927710843,0.0004202437413699,"siloxane, siloxanes",environmental,0.604,model
etap,28.669535283993117,44,7,0.0120481927710843,0.0004202437413699,"etap, etape, etaper, etaps",environmental,0.56,model
voter,28.62459870831287,182,29,0.0498357064622124,0.0017410097856756,"voter, voters",environmental,0.506,model
vitrifi,28.61030070696007,69,11,0.018893756845564,0.0006603830221528,"vitrifiable, vitrified, vitrifies",environmental,0.51,model
reclam,28.58265790434465,94,15,0.0257393209200438,0.0009005223029357,"reclamation, reclamations, reclame",environmental,0.594,model
northeast,28.506640197152244,50,8,0.0136911281489594,0.0004802785615657,northeast,environmental,0.531,model
roh,28.506640197152244,50,8,0.0136911281489594,0.0004802785615657,rohs,environmental,1.0,known_acronym
amazon,28.506640197152244,50,8,0.0136911281489594,0.0004802785615657,"amazon, amazone, amazons",environmental,0.618,model
brook,28.506640197152244,25,4,0.0068455640744797,0.0002401392807828,"brook, brooke, brookes, brookings, brooks",environmental,0.63,model
impregn,28.506640197152244,25,4,0.0068455640744797,0.0002401392807828,"impregnate, impregnates, impregnation",environmental,0.614,model
monoethanolamin,28.506640197152244,25,4,0.0068455640744797,0.0002401392807828,monoethanolamine,environmental,0.602,model
corduroi,28.506640197152244,25,4,0.0068455640744797,0.0002401392807828,corduroy,environmental,0.548,model
proton,28.506640197152244,25,4,0.0068455640744797,0.0002401392807828,"proton, protons",environmental,0.503,model
ionic,28.506640197152244,25,4,0.0068455640744797,0.0002401392807828,"ionic, ionics",environmental,0.53,model
decidu,28.506640197152244,25,4,0.0068455640744797,0.0002401392807828,deciduous,environmental,0.588,model
research-relat,28.506640197152244,25,4,0.0068455640744797,0.0002401392807828,research-related,environmental,0.684,model
timber-produc,28.506640197152244,25,4,0.0068455640744797,0.0002401392807828,timber-producing,environmental,0.626,model
trichloroacet,28.506640197152244,25,4,0.0068455640744797,0.0002401392807828,"trichloroacetate, trichloroacetic",environmental,0.57,model
science-bas,28.45234183487195,131,21,0.0358707557502738,0.0012607312241099,"science-base, science-based",environmental,0.788,model
nuisanc,28.379944018498236,112,18,0.0306681270536692,0.0010806267635228,"nuisance, nuisances",environmental,0.688,model
coca,28.379944018498236,56,9,0.0153340635268346,0.0005403133817614,coca,environmental,0.557,model
homeless,28.379944018498236,56,9,0.0153340635268346,0.0005403133817614,"homeless, homelessness",environmental,0.507,model
eu-fund,28.343745110311374,348,56,0.0952902519167579,0.0033619499309599,"eu-fund, eu-funded, eu-funding, eu-funds",environmental,0.512,model
parath,28.278587075575025,31,5,0.0084884994523548,0.0003001741009785,parathion,environmental,0.589,model
pleuronectida,28.278587075575025,31,5,0.0084884994523548,0.0003001741009785,pleuronectidae,environmental,0.832,model
ever-grow,28.278587075575025,31,5,0.0084884994523548,0.0003001741009785,ever-growing,environmental,0.537,model
endocrin,28.235148385750797,130,21,0.0355969331872946,0.0012607312241099,"endocrin, endocrine",environmental,0.737,model
endless,28.159602838230395,142,23,0.0388828039430449,0.0013808008645014,endless,environmental,0.583,model
engrauli,28.126551661190216,37,6,0.01013143483023,0.0003602089211742,engraulis,environmental,0.618,model
builder,28.102029820160407,191,31,0.0523001095290251,0.0018610794260671,"builder, builders",environmental,0.554,model
magnesia,28.09614457831325,154,25,0.0421686746987951,0.0015008705048928,"magnesia, magnesias",environmental,0.573,model
electrifi,28.01795493662964,86,14,0.0235487404162102,0.0008404874827399,"electrifi, electrified",environmental,0.547,model
feedstock,27.9365073932092,196,32,0.0536692223439211,0.0019211142462628,"feedstock, feedstocks",environmental,0.658,model
plateaux,27.9365073932092,49,8,0.0134173055859802,0.0004802785615657,plateaux,environmental,0.544,model
turmer,27.9365073932092,49,8,0.0134173055859802,0.0004802785615657,turmeric,environmental,0.502,model
oleostearin,27.9365073932092,49,8,0.0134173055859802,0.0004802785615657,oleostearin,environmental,0.603,model
zoom,27.9365073932092,49,8,0.0134173055859802,0.0004802785615657,"zoom, zoomed, zooming, zooms",environmental,0.501,model
mammal,27.936507393209197,294,48,0.0805038335158817,0.0028816713693942,"mammal, mammals",environmental,0.684,model
phenylen,27.84648642416556,116,19,0.0317634173055859,0.0011406615837185,phenylene,environmental,0.56,model
reservoir,27.83820863390867,354,58,0.096933187294633,0.0034820195713513,"reservoir, reservoirs",environmental,0.805,model
benzen,27.82248083242059,183,30,0.0501095290251916,0.0018010446058714,"benzen, benzene, benzenes",environmental,0.596,model
ema,27.796663497902415,323,53,0.0884446878422782,0.0031818454703728,"ema, emas",environmental,1.0,known_acronym
sandston,27.7172255455388,79,13,0.0216319824753559,0.0007804526625442,sandstone,environmental,0.575,model
sub-region,27.619766946574178,218,36,0.0596933187294633,0.0021612535270456,"sub-regional, sub-regiones",environmental,0.562,model
polytetrafluoroethylen,27.5353028274715,163,27,0.0446330777656078,0.0016209401452842,polytetrafluoroethylene,environmental,0.539,model
once-only,27.36637458926616,54,9,0.0147864184008762,0.0005403133817614,once-only,environmental,0.516,model
unsustain,27.366374589266155,372,62,0.1018619934282584,0.0037221588521342,unsustainable,environmental,0.54,model
buffer,27.366374589266155,348,58,0.0952902519167579,0.0034820195713513,"buffer, buffered, buffering, buffers",environmental,0.645,model
emsa,27.366374589266155,120,20,0.0328587075575027,0.0012006964039142,emsa,environmental,0.512,model
epo,27.366374589266155,84,14,0.0230010952902519,0.0008404874827399,"epo, epos",environmental,0.69,model
potash,27.366374589266155,66,11,0.0180722891566265,0.0006603830221528,potash,environmental,0.585,model
sago,27.366374589266155,60,10,0.0164293537787513,0.0006003482019571,sago,environmental,0.607,model
pre-pandem,27.366374589266155,48,8,0.013143483023001,0.0004802785615657,pre-pandemic,environmental,0.595,model
sulphur-cont,27.366374589266155,42,7,0.0115005476451259,0.0004202437413699,"sulphur-content, sulphur-contents",environmental,0.738,model
hydrofluor,27.366374589266155,36,6,0.0098576122672508,0.0003602089211742,hydrofluoric,environmental,0.616,model
album,27.366374589266155,36,6,0.0098576122672508,0.0003602089211742,"album, albums",environmental,0.626,model
scissor,27.366374589266155,36,6,0.0098576122672508,0.0003602089211742,"scissor, scissors",environmental,0.585,model
glacier,27.366374589266155,36,6,0.0098576122672508,0.0003602089211742,"glacier, glaciers",environmental,0.895,model
chlordecon,27.366374589266155,30,5,0.0082146768893756,0.0003001741009785,chlordecone,environmental,0.731,model
fua,27.366374589266155,30,5,0.0082146768893756,0.0003001741009785,"fua, fuas",environmental,0.503,model
bothida,27.366374589266155,30,5,0.0082146768893756,0.0003001741009785,bothidae,environmental,0.617,model
methamidopho,27.366374589266155,30,5,0.0082146768893756,0.0003001741009785,methamidophos,environmental,0.571,model
user-driven,27.366374589266155,30,5,0.0082146768893756,0.0003001741009785,user-driven,environmental,0.543,model
messinia,27.366374589266155,30,5,0.0082146768893756,0.0003001741009785,"messinia, messinias",environmental,0.606,model
cynoglossida,27.366374589266155,30,5,0.0082146768893756,0.0003001741009785,cynoglossidae,environmental,0.771,model
arbeid,27.366374589266155,24,4,0.0065717415115005,0.0002401392807828,"arbeid, arbeiders, arbeids",environmental,0.697,model
tribal,27.366374589266155,24,4,0.0065717415115005,0.0002401392807828,tribal,environmental,0.556,model
simap,27.366374589266155,24,4,0.0065717415115005,0.0002401392807828,simap,environmental,0.512,model
deep-root,27.366374589266155,24,4,0.0065717415115005,0.0002401392807828,deep-rooted,environmental,0.539,model
magnesit,27.159053569650503,131,22,0.0358707557502738,0.0013207660443056,magnesite,environmental,0.572,model
kitchen,27.149181140144997,250,42,0.0684556407447973,0.0025214624482199,"kitchen, kitchener, kitchens",environmental,0.524,model
seafood,27.11298223195814,107,18,0.0292990142387732,0.0010806267635228,"seafood, seafoods",environmental,0.684,model
on-farm,27.06230376049653,89,15,0.0243702081051478,0.0009005223029357,on-farm,environmental,0.889,model
fisher,27.04058441558442,83,14,0.0227272727272727,0.0008404874827399,"fisher, fishers",environmental,0.898,model
resinoid,27.00148959474261,148,25,0.04052573932092,0.0015008705048928,"resinoides, resinoids",environmental,0.731,model
papaya,26.95173255003485,65,11,0.0177984665936473,0.0006603830221528,"papaya, papayas",environmental,0.67,model
inhibitor,26.931987691023835,124,21,0.0339539978094194,0.0012607312241099,"inhibitor, inhibitors",environmental,0.551,model
butanol,26.79624178532311,47,8,0.0128696604600219,0.0004802785615657,"butanol, butanols",environmental,0.598,model
piano,26.79624178532311,47,8,0.0128696604600219,0.0004802785615657,"piano, pianos",environmental,0.512,model
aquacultur,26.768202467096405,716,122,0.1960569550930996,0.007324248063877,"aquacultural, aquaculture, aquacultured, aquacultures",environmental,0.801,model
repowereu,26.75823293172691,88,15,0.0240963855421686,0.0009005223029357,repowereu,environmental,0.533,model
water-separ,26.714794241902677,41,7,0.0112267250821467,0.0004202437413699,water-separation,environmental,0.903,model
under-develop,26.714794241902677,41,7,0.0112267250821467,0.0004202437413699,"under-developed, under-development",environmental,0.54,model
silic,26.714794241902673,123,21,0.0336801752464403,0.0012607312241099,"silic, silicate, silicates, silice, siliceous, silicic",environmental,0.58,model
coral,26.6822152245345,117,20,0.0320372398685651,0.0012006964039142,"coral, corals",environmental,0.805,model
dissimilar,26.66467267672087,76,13,0.0208105147864184,0.0007804526625442,"dissimilar, dissimilarities",environmental,0.516,model
biologically,26.66467267672087,76,13,0.0208105147864184,0.0007804526625442,biologically,environmental,0.975,model
carpet,26.65370858433735,187,32,0.0512048192771084,0.0019211142462628,"carpet, carpeting, carpets",environmental,0.502,model
end-of-wast,26.606197517342093,35,6,0.0095837897042716,0.0003602089211742,end-of-waste,environmental,0.72,model
hama,26.606197517342093,35,6,0.0095837897042716,0.0003602089211742,hamas,environmental,0.503,model
eggplant,26.606197517342093,35,6,0.0095837897042716,0.0003602089211742,"eggplant, eggplants",environmental,0.777,model
dielectr,26.537090510803544,128,22,0.0350492880613362,0.0013207660443056,"dielectr, dielectric, dielectrics",environmental,0.607,model
depopul,26.537090510803544,64,11,0.0175246440306681,0.0006603830221528,depopulation,environmental,0.82,model
eida,26.454162102957284,58,10,0.0158817086527929,0.0006003482019571,eidas,environmental,0.629,model
archipelago,26.454162102957284,58,10,0.0158817086527929,0.0006003482019571,"archipelago, archipelagos",environmental,0.742,model
urophyci,26.454162102957284,29,5,0.0079408543263964,0.0003001741009785,urophycis,environmental,0.961,model
culvert,26.454162102957284,29,5,0.0079408543263964,0.0003001741009785,"culvert, culverted, culverts",environmental,0.847,model
reclin,26.454162102957284,29,5,0.0079408543263964,0.0003001741009785,"reclined, recliner, reclining",environmental,0.501,model
jesu,26.454162102957284,29,5,0.0079408543263964,0.0003001741009785,jesus,environmental,0.552,model
carcharia,26.454162102957284,29,5,0.0079408543263964,0.0003001741009785,carcharias,environmental,0.519,model
electrolyt,26.39887649772644,191,33,0.0523001095290251,0.0019811490664585,"electrolyte, electrolytes, electrolytic, electrolytical",environmental,0.535,model
gravel,26.389004068220935,81,14,0.0221796276013143,0.0008404874827399,"gravel, gravelle, gravels",environmental,0.742,model
cranberri,26.35280516003408,52,9,0.0142387732749178,0.0005403133817614,cranberries,environmental,0.722,model
iodid,26.35280516003408,52,9,0.0142387732749178,0.0005403133817614,"iodide, iodides",environmental,0.541,model
eros,26.352805160034077,572,99,0.1566265060240964,0.0059434471993756,"erosion, erosions, erosive",environmental,0.749,model
crochet,26.313821720448225,150,26,0.0410733844468784,0.0015609053250885,"crochet, crocheted, crocheting, crochets",environmental,0.545,model
tidal,26.30212668857247,173,30,0.0473713033953997,0.0018010446058714,tidal,environmental,0.54,model
pre-crisi,26.226108981380065,115,20,0.0314895947426067,0.0012006964039142,pre-crisis,environmental,0.515,model
elastom,26.226108981380065,92,16,0.0251916757940854,0.0009605571231314,"elastomer, elastomers",environmental,0.565,model
electro,26.226108981380065,69,12,0.018893756845564,0.0007204178423485,electro,environmental,0.786,model
envi,26.226108981380065,46,8,0.0125958378970427,0.0004802785615657,"envi, envie, envis",environmental,0.728,model
runner,26.226108981380065,46,8,0.0125958378970427,0.0004802785615657,"runner, runners",environmental,0.605,model
tetrafluoroethan,26.226108981380065,23,4,0.0062979189485213,0.0002401392807828,tetrafluoroethane,environmental,0.671,model
vēstnesi,26.226108981380065,23,4,0.0062979189485213,0.0002401392807828,vēstnesis,environmental,0.545,model
shock-absorb,26.226108981380065,23,4,0.0062979189485213,0.0002401392807828,"shock-absorbent, shock-absorbers, shock-absorbing",environmental,0.54,model
energy-europ,26.226108981380065,23,4,0.0062979189485213,0.0002401392807828,energy-europe,environmental,0.627,model
voltmet,26.226108981380065,23,4,0.0062979189485213,0.0002401392807828,voltmeters,environmental,0.582,model
odi,26.226108981380065,23,4,0.0062979189485213,0.0002401392807828,"odi, odies",environmental,0.563,model
multi-actor,26.226108981380065,23,4,0.0062979189485213,0.0002401392807828,"multi-actor, multi-actors",environmental,0.515,model
anti-flood,26.226108981380065,23,4,0.0062979189485213,0.0002401392807828,"anti-flood, anti-flooding",environmental,0.862,model
hyogo,26.226108981380065,23,4,0.0062979189485213,0.0002401392807828,hyogo,environmental,0.579,model
diethanolamin,26.226108981380065,23,4,0.0062979189485213,0.0002401392807828,diethanolamine,environmental,0.505,model
ingénieur,26.226108981380065,23,4,0.0062979189485213,0.0002401392807828,"ingénieur, ingénieurs",environmental,0.582,model
cleans,26.12244847157224,63,11,0.0172508214676889,0.0006603830221528,"cleanse, cleansed, cleansing",environmental,0.575,model
preciou,26.063213894539196,320,56,0.0876232201533406,0.0033619499309599,precious,environmental,0.516,model
greco,26.063213894539196,160,28,0.0438116100766703,0.0016809749654799,greco,environmental,0.666,model
salmonida,26.063213894539196,40,7,0.0109529025191675,0.0004202437413699,salmonidae,environmental,0.776,model
ntegrat,26.063213894539196,40,7,0.0109529025191675,0.0004202437413699,"ntegrat, ntegrate, ntegrated, ntegrating, ntegration",environmental,0.541,model
rhizom,26.063213894539196,40,7,0.0109529025191675,0.0004202437413699,"rhizome, rhizomes",environmental,0.884,model
scarcity,26.046067043292787,434,76,0.1188389923329682,0.0045626463348742,scarcity,environmental,0.607,model
underdevelop,26.024885638811934,194,34,0.0531215772179627,0.0020411838866542,"underdeveloped, underdevelopment",environmental,0.588,model
nucleic,26.024885638811934,97,17,0.0265607886089813,0.0010205919433271,nucleic,environmental,0.537,model
diaspora,25.998055859802847,114,20,0.0312157721796276,0.0012006964039142,"diaspora, diasporas",environmental,0.516,model
reindeer,25.998055859802847,57,10,0.0156078860898138,0.0006003482019571,reindeer,environmental,0.685,model
sub-category,25.998055859802847,57,10,0.0156078860898138,0.0006003482019571,sub-category,environmental,0.547,model
untreat,25.962970764175584,148,26,0.04052573932092,0.0015609053250885,"untreatable, untreated",environmental,0.55,model
fukushima,25.84602044541804,51,9,0.0139649507119386,0.0005403133817614,fukushima,environmental,0.824,model
node,25.84602044541803,221,39,0.0605147864184008,0.0023413579876328,"node, nodes",environmental,0.527,model
dibenzofuran,25.84602044541803,34,6,0.0093099671412924,0.0003602089211742,"dibenzofuran, dibenzofuranes, dibenzofurans",environmental,0.663,model
mineralog,25.84602044541803,34,6,0.0093099671412924,0.0003602089211742,mineralogical,environmental,0.6,model
pastel,25.84602044541803,34,6,0.0093099671412924,0.0003602089211742,"pastel, pastels",environmental,0.503,model
charity,25.655976177437022,45,8,0.0123220153340635,0.0004802785615657,charity,environmental,0.598,model
chloroform,25.655976177437022,45,8,0.0123220153340635,0.0004802785615657,"chloroform, chloroformate, chloroformates, chloroforms",environmental,0.672,model
substrat,25.640567182735857,208,37,0.0569550930996714,0.0022212883472414,"substrat, substrate, substrates",environmental,0.652,model
shore,25.628826996296873,236,42,0.0646221248630887,0.0025214624482199,"shore, shores",environmental,0.668,model
monoxid,25.54194961664841,224,40,0.0613362541073384,0.0024013928078285,"monoxide, monoxides",environmental,0.549,model
dextrin,25.54194961664841,112,20,0.0306681270536692,0.0012006964039142,"dextrin, dextrines, dextrins",environmental,0.583,model
biotechnologi,25.54194961664841,84,15,0.0230010952902519,0.0009005223029357,"biotechnologie, biotechnologies",environmental,0.691,model
after-treat,25.54194961664841,28,5,0.0076670317634173,0.0003001741009785,after-treatment,environmental,0.656,model
radon,25.54194961664841,28,5,0.0076670317634173,0.0003001741009785,"radon, radons",environmental,0.642,model
infrastructure-relat,25.54194961664841,28,5,0.0076670317634173,0.0003001741009785,infrastructure-related,environmental,0.51,model
platessa,25.54194961664841,28,5,0.0076670317634173,0.0003001741009785,platessa,environmental,0.505,model
vitis-idaea,25.54194961664841,28,5,0.0076670317634173,0.0003001741009785,vitis-idaea,environmental,0.537,model
crop-specif,25.54194961664841,28,5,0.0076670317634173,0.0003001741009785,crop-specific,environmental,0.586,model
carcharodon,25.54194961664841,28,5,0.0076670317634173,0.0003001741009785,carcharodon,environmental,0.558,model
euraxess,25.54194961664841,28,5,0.0076670317634173,0.0003001741009785,euraxess,environmental,0.979,model
ensreg,25.54194961664841,28,5,0.0076670317634173,0.0003001741009785,ensreg,environmental,0.761,model
scour,25.479038410696077,162,29,0.0443592552026287,0.0017410097856756,"scour, scoured, scouring",environmental,0.598,model
eruc,25.41163354717572,39,7,0.0106790799561883,0.0004202437413699,erucic,environmental,0.871,model
conif,25.41163354717572,39,7,0.0106790799561883,0.0004202437413699,"conifer, conifers",environmental,0.933,model
pimento,25.41163354717572,39,7,0.0106790799561883,0.0004202437413699,"pimento, pimentos",environmental,0.538,model
collector,25.411633547175715,234,42,0.0640744797371303,0.0025214624482199,"collector, collectors",environmental,0.794,model
morpholog,25.383303966855564,128,23,0.0350492880613362,0.0013808008645014,morphological,environmental,0.518,model
psychosoci,25.3709097754655,89,16,0.0243702081051478,0.0009605571231314,psychosocial,environmental,0.539,model
wassenaar,25.3709097754655,89,16,0.0243702081051478,0.0009605571231314,wassenaar,environmental,0.557,model
emit,25.354141163584824,189,34,0.0517524644030668,0.0020411838866542,"emit, emite, emits",environmental,0.523,model
watersh,25.293164393109627,61,11,0.0167031763417305,0.0006603830221528,"watershed, watersheds",environmental,0.973,model
pop,25.248738460334845,155,28,0.0424424972617743,0.0016809749654799,"pop, pops",environmental,1.0,known_acronym
hike,25.23787878787879,83,15,0.0227272727272727,0.0009005223029357,"hike, hikes",environmental,0.756,model
cepol,25.2199922685394,94,17,0.0257393209200438,0.0010205919433271,cepol,environmental,0.866,model
couscou,25.177064622124863,138,25,0.0377875136911281,0.0015008705048928,couscous,environmental,0.514,model
earthquak,25.151001408230325,193,35,0.0528477546549835,0.0021012187068499,"earthquake, earthquakes",environmental,0.575,model
contaminat,25.1388789831631,474,86,0.1297918948521358,0.0051629945368313,"contaminat, contaminated, contaminating",environmental,0.611,model
salep,25.085843373493976,55,10,0.0150602409638554,0.0006003482019571,salep,environmental,0.568,model
curcuma,25.085843373493976,44,8,0.0120481927710843,0.0004802785615657,curcuma,environmental,0.539,model
lupulin,25.085843373493976,44,8,0.0120481927710843,0.0004802785615657,lupulin,environmental,0.535,model
fairground,25.085843373493976,22,4,0.0060240963855421,0.0002401392807828,"fairground, fairgrounds",environmental,0.541,model
fitter,25.085843373493976,22,4,0.0060240963855421,0.0002401392807828,"fitter, fitters",environmental,0.519,model
beauti,25.085843373493976,22,4,0.0060240963855421,0.0002401392807828,"beauties, beautiful",environmental,0.573,model
newborn,25.085843373493976,22,4,0.0060240963855421,0.0002401392807828,"newborn, newborns",environmental,0.6,model
cacao,25.085843373493976,22,4,0.0060240963855421,0.0002401392807828,cacao,environmental,0.534,model
efca,25.085843373493976,22,4,0.0060240963855421,0.0002401392807828,efca,environmental,0.941,model
underweight,25.085843373493976,22,4,0.0060240963855421,0.0002401392807828,"underweight, underweighting",environmental,0.565,model
quinolin,25.085843373493972,33,6,0.0090361445783132,0.0003602089211742,"quinolin, quinoline",environmental,0.592,model
tetrasulphid,25.085843373493972,33,6,0.0090361445783132,0.0003602089211742,"tetrasulphide, tetrasulphides",environmental,0.684,model
mattress,24.971816812705367,219,40,0.0599671412924424,0.0024013928078285,"mattress, mattresses",environmental,0.523,model
nickel,24.9296426052904,399,73,0.1092552026286966,0.004382541874287,"nickel, nickell",environmental,0.534,model
cervic,24.878522353878324,60,11,0.0164293537787513,0.0006603830221528,cervical,environmental,0.707,model
psycho-soci,24.832451016185956,49,9,0.0134173055859802,0.0005403133817614,psycho-social,environmental,0.549,model
timber,24.817545583403135,370,68,0.1013143483023001,0.0040823677733085,"timber, timbers",environmental,0.633,model
erasmu,24.760053199812237,418,77,0.1144578313253012,0.0046226811550699,erasmus,environmental,0.502,model
durian,24.760053199812237,38,7,0.0104052573932092,0.0004202437413699,"durian, durians",environmental,0.658,model
trifolium,24.760053199812237,38,7,0.0104052573932092,0.0004202437413699,trifolium,environmental,0.548,model
spruce,24.760053199812237,38,7,0.0104052573932092,0.0004202437413699,"spruce, spruces",environmental,0.832,model
toluen,24.692648336291875,157,29,0.0429901423877327,0.0017410097856756,"toluen, toluene, toluenes",environmental,0.641,model
agro-environment,24.62973713033954,27,5,0.0073932092004381,0.0003001741009785,agro-environmental,environmental,0.994,model
hydro-electr,24.62973713033954,27,5,0.0073932092004381,0.0003001741009785,"hydro-electric, hydro-electrical",environmental,0.651,model
natural,24.62973713033954,27,5,0.0073932092004381,0.0003001741009785,"naturale, naturales",environmental,0.975,model
iaf,24.62973713033954,27,5,0.0073932092004381,0.0003001741009785,"iaf, iafs",environmental,0.55,model
eyelet,24.62973713033954,27,5,0.0073932092004381,0.0003001741009785,"eyelet, eyelets",environmental,0.512,model
eradicat,24.549247793312286,183,34,0.0501095290251916,0.0020411838866542,"eradicat, eradicated, eradicating",environmental,0.542,model
topographi,24.515710569550933,86,16,0.0235487404162102,0.0009605571231314,topographies,environmental,0.532,model
pyrene,24.515710569550933,43,8,0.0117743702081051,0.0004802785615657,pyrenees,environmental,0.696,model
atomis,24.515710569550933,43,8,0.0117743702081051,0.0004802785615657,"atomisation, atomised, atomiser, atomisers, atomising",environmental,0.55,model
opean,24.515710569550933,43,8,0.0117743702081051,0.0004802785615657,opean,environmental,0.956,model
ginseng,24.515710569550933,43,8,0.0117743702081051,0.0004802785615657,ginseng,environmental,0.731,model
deepwat,24.515710569550933,43,8,0.0117743702081051,0.0004802785615657,deepwater,environmental,0.616,model
agro-industri,24.515710569550933,43,8,0.0117743702081051,0.0004802785615657,"agro-industrial, agro-industries",environmental,0.583,model
pitcairn,24.515710569550933,43,8,0.0117743702081051,0.0004802785615657,pitcairn,environmental,0.516,model
overnight,24.45236248022393,193,36,0.0528477546549835,0.0021612535270456,overnight,environmental,0.506,model
spaghetti,24.447294633077767,134,25,0.0366922234392113,0.0015008705048928,spaghetti,environmental,0.537,model
nitrogen,24.37317736856517,684,128,0.1872946330777656,0.0076844569850513,"nitrogen, nitrogene, nitrogenous",environmental,0.711,model
fungibl,24.325666301569917,96,18,0.0262869660460021,0.0010806267635228,fungible,environmental,0.557,model
crayfish,24.325666301569917,48,9,0.013143483023001,0.0005403133817614,crayfish,environmental,0.797,model
peer-to-p,24.32566630156991,160,30,0.0438116100766703,0.0018010446058714,"peer-to-p, peer-to-peer",environmental,0.506,model
rodent,24.32566630156991,64,12,0.0175246440306681,0.0007204178423485,"rodent, rodents",environmental,0.753,model
polyhydr,24.32566630156991,32,6,0.008762322015334,0.0003602089211742,polyhydric,environmental,0.567,model
colorect,24.32566630156991,32,6,0.008762322015334,0.0003602089211742,colorectal,environmental,0.622,model
lanthanum,24.32566630156991,32,6,0.008762322015334,0.0003602089211742,lanthanum,environmental,0.584,model
polyphosph,24.32566630156991,32,6,0.008762322015334,0.0003602089211742,"polyphosphate, polyphosphates",environmental,0.728,model
basement,24.32566630156991,32,6,0.008762322015334,0.0003602089211742,"basement, basements",environmental,0.588,model
unesco,24.274128872964894,314,59,0.0859802847754655,0.003542054391547,unesco,environmental,0.974,model
tuner,24.25655929503136,117,22,0.0320372398685651,0.0013207660443056,"tuner, tuners",environmental,0.707,model
sepa,24.208715982812368,69,13,0.018893756845564,0.0007804526625442,"sepa, sepas",environmental,0.567,model
mule,24.208715982812368,69,13,0.018893756845564,0.0007804526625442,"mule, mules",environmental,0.615,model
dataset,24.204729040127457,467,88,0.1278751369112815,0.0052830641772227,"dataset, datasets",environmental,0.52,model
crossbord,24.10847285244876,37,7,0.01013143483023,0.0004202437413699,crossborder,environmental,0.523,model
siren,24.10847285244876,37,7,0.01013143483023,0.0004202437413699,"siren, sirene, sirens",environmental,0.55,model
acetaldehyd,24.10847285244876,37,7,0.01013143483023,0.0004202437413699,"acetaldehyde, acetaldehydes",environmental,0.645,model
regio,24.082409638554218,132,25,0.036144578313253,0.0015008705048928,regio,environmental,0.769,model
ingot,24.04923827541571,174,33,0.0476451259583789,0.0019811490664585,"ingot, ingots",environmental,0.517,model
soya-bean,24.04923827541571,58,11,0.0158817086527929,0.0006603830221528,soya-bean,environmental,0.605,model
horsehair,24.021595472800293,158,30,0.0432639649507119,0.0018010446058714,horsehair,environmental,0.652,model
n-acetylanthranil,23.945577765607887,21,4,0.0057502738225629,0.0002401392807828,"n-acetylanthranilic, n-acetylanthranillic",environmental,0.642,model
home-bas,23.945577765607887,21,4,0.0057502738225629,0.0002401392807828,home-based,environmental,0.717,model
verohallinto,23.945577765607887,21,4,0.0057502738225629,0.0002401392807828,verohallinto,environmental,0.567,model
sellafield,23.945577765607887,21,4,0.0057502738225629,0.0002401392807828,sellafield,environmental,0.506,model
metrológiu,23.945577765607887,21,4,0.0057502738225629,0.0002401392807828,metrológiu,environmental,0.637,model
sub-stat,23.945577765607887,21,4,0.0057502738225629,0.0002401392807828,"sub-state, sub-station, sub-stations",environmental,0.512,model
ecuadorian,23.945577765607887,21,4,0.0057502738225629,0.0002401392807828,"ecuadorian, ecuadorians",environmental,0.916,model
ergotamin,23.945577765607887,21,4,0.0057502738225629,0.0002401392807828,"ergotamin, ergotamine",environmental,0.565,model
girond,23.945577765607887,21,4,0.0057502738225629,0.0002401392807828,gironde,environmental,0.6,model
erfgoedinspecti,23.945577765607887,21,4,0.0057502738225629,0.0002401392807828,erfgoedinspectie,environmental,0.694,model
splitter,23.945577765607887,21,4,0.0057502738225629,0.0002401392807828,"splitter, splitters",environmental,0.54,model
apatrid,23.945577765607887,21,4,0.0057502738225629,0.0002401392807828,apatrides,environmental,0.506,model
walker,23.945577765607887,21,4,0.0057502738225629,0.0002401392807828,"walker, walkers",environmental,0.68,model
tain,23.945577765607887,21,4,0.0057502738225629,0.0002401392807828,"tain, tained, taining",environmental,0.511,model
kultūro,23.945577765607887,21,4,0.0057502738225629,0.0002401392807828,kultūros,environmental,0.76,model
neurotoxicity,23.945577765607887,21,4,0.0057502738225629,0.0002401392807828,neurotoxicity,environmental,0.506,model
eu-osha,23.945577765607887,21,4,0.0057502738225629,0.0002401392807828,eu-osha,environmental,0.579,model
ammet,23.945577765607887,21,4,0.0057502738225629,0.0002401392807828,"ammeter, ammeters",environmental,0.614,model
incurs,23.945577765607887,21,4,0.0057502738225629,0.0002401392807828,"incursion, incursions",environmental,0.516,model
cobalt,23.75553349762687,125,24,0.0342278203723986,0.0014408356846971,"cobalt, cobaltous",environmental,0.591,model
theatr,23.717524644030668,104,20,0.0284775465498357,0.0012006964039142,"theatre, theatres",environmental,0.533,model
geo,23.717524644030668,78,15,0.0213581599123767,0.0009005223029357,"geo, geos",environmental,0.992,model
oscil,23.717524644030668,52,10,0.0142387732749178,0.0006003482019571,"oscile, oscillate, oscillates, oscillation, oscillations, oscillator, oscillators",environmental,0.552,model
ture,23.717524644030668,26,5,0.0071193866374589,0.0003001741009785,"ture, tures",environmental,0.533,model
fluoropolym,23.717524644030668,26,5,0.0071193866374589,0.0003001741009785,"fluoropolymer, fluoropolymers",environmental,0.605,model
sveikato,23.717524644030668,26,5,0.0071193866374589,0.0003001741009785,sveikatos,environmental,0.609,model
archaeology,23.717524644030668,26,5,0.0071193866374589,0.0003001741009785,archaeology,environmental,0.625,model
technology-driven,23.717524644030668,26,5,0.0071193866374589,0.0003001741009785,technology-driven,environmental,0.506,model
otter,23.717524644030668,26,5,0.0071193866374589,0.0003001741009785,"otter, otters",environmental,0.851,model
bioinformat,23.717524644030668,26,5,0.0071193866374589,0.0003001741009785,"bioinformatic, bioinformatics",environmental,0.717,model
fighter,23.674085954206436,109,21,0.0298466593647316,0.0012607312241099,"fighter, fighters",environmental,0.593,model
midwiv,23.634596236184407,57,11,0.0156078860898138,0.0006603830221528,midwives,environmental,0.512,model
pigeon,23.634596236184407,57,11,0.0156078860898138,0.0006603830221528,"pigeon, pigeons",environmental,0.763,model
alkalin,23.62396438902463,202,39,0.0553121577217962,0.0023413579876328,"alkaline, alkalines, alkalinization",environmental,0.611,model
recreat,23.59472680933524,538,104,0.1473165388828039,0.0062436213003542,"recreat, recreate, recreated, recreating, recreation, recreational",environmental,0.631,model
childhood,23.565489229645856,155,30,0.0424424972617743,0.0018010446058714,childhood,environmental,0.662,model
cold-form,23.565489229645856,31,6,0.0084884994523548,0.0003602089211742,"cold-formed, cold-forming",environmental,0.509,model
tripod,23.565489229645856,31,6,0.0084884994523548,0.0003602089211742,"tripod, tripods",environmental,0.568,model
drier,23.507014070267083,67,13,0.0183461117196056,0.0007804526625442,"drier, driers",environmental,0.512,model
greenfield,23.507014070267083,67,13,0.0183461117196056,0.0007804526625442,"greenfield, greenfields",environmental,0.819,model
irrig,23.48606774451946,345,67,0.0944687842278203,0.0040223329531128,"irrigable, irrigate, irrigation, irrigational, irrigations, irrigator, irrigators",environmental,0.597,model
country-level,23.45689250508528,72,14,0.0197152245345016,0.0008404874827399,country-level,environmental,0.525,model
macrocephalu,23.45689250508528,36,7,0.0098576122672508,0.0004202437413699,macrocephalus,environmental,0.559,model
eu-centr,23.45689250508528,36,7,0.0098576122672508,0.0004202437413699,"eu-central, eu-centred, eu-centres",environmental,0.517,model
tweed,23.45689250508528,36,7,0.0098576122672508,0.0004202437413699,"tweed, tweede",environmental,0.663,model
isobutyl,23.45689250508528,36,7,0.0098576122672508,0.0004202437413699,isobutyl,environmental,0.751,model
iot,23.413453815261043,77,15,0.0210843373493975,0.0009005223029357,"iot, iots",environmental,0.565,model
observatory,23.384494688711555,646,126,0.1768893756845564,0.0075643873446599,observatory,environmental,0.511,model
vehicular,23.37544496166484,41,8,0.0112267250821467,0.0004802785615657,vehicular,environmental,0.513,model
salicyl,23.37544496166484,41,8,0.0112267250821467,0.0004802785615657,"salicylate, salicylates, salicylic",environmental,0.544,model
bison,23.37544496166484,41,8,0.0112267250821467,0.0004802785615657,"bison, bisons",environmental,0.825,model
arget,23.37544496166484,41,8,0.0112267250821467,0.0004802785615657,"arget, argeted, argets",environmental,0.662,model
community-bas,23.348295780524698,215,42,0.0588718510405257,0.0025214624482199,community-based,environmental,0.691,model
phthalat,23.31209687233784,92,18,0.0251916757940854,0.0010806267635228,"phthalate, phthalates",environmental,0.57,model
ispra,23.31209687233784,92,18,0.0251916757940854,0.0010806267635228,ispra,environmental,0.511,model
urop,23.31209687233784,46,9,0.0125958378970427,0.0005403133817614,"urop, urope",environmental,0.701,model
carbonyl,23.31209687233784,46,9,0.0125958378970427,0.0005403133817614,"carbonyl, carbonylic, carbonyls",environmental,0.548,model
mower,23.26141840087623,51,10,0.0139649507119386,0.0006003482019571,"mower, mowers",environmental,0.68,model
fao,23.2199541969531,392,77,0.1073384446878422,0.0046226811550699,fao,environmental,0.535,model
livelihood,23.198507194923895,295,58,0.0807776560788609,0.0034820195713513,"livelihood, livelihoods",environmental,0.563,model
aerodynam,23.18540069368382,61,12,0.0167031763417305,0.0007204178423485,"aerodynamic, aerodynamics",environmental,0.765,model
ecory,23.170197152245343,127,25,0.034775465498357,0.0015008705048928,ecorys,environmental,0.977,model
empact,23.131102331403536,71,14,0.0194414019715224,0.0008404874827399,empact,environmental,0.666,model
meteorology,23.131102331403536,71,14,0.0194414019715224,0.0008404874827399,meteorology,environmental,0.962,model
furan,23.058704515029817,91,18,0.0249178532311062,0.0010806267635228,"furan, furanes, furans",environmental,0.563,model
decitex,22.987754654983572,126,25,0.0345016429353778,0.0015008705048928,decitex,environmental,0.507,model
mortar,22.8053121577218,90,18,0.024644030668127,0.0010806267635228,"mortar, mortars",environmental,0.607,model
chimnei,22.805312157721797,60,12,0.0164293537787513,0.0007204178423485,"chimney, chimneys",environmental,0.79,model
upu,22.805312157721797,40,8,0.0109529025191675,0.0004802785615657,upu,environmental,0.565,model
south-western,22.805312157721797,40,8,0.0109529025191675,0.0004802785615657,south-western,environmental,0.534,model
ecol,22.805312157721797,40,8,0.0109529025191675,0.0004802785615657,"ecol, ecole, ecoles, ecolizer",environmental,0.979,model
ctenopharyngodon,22.805312157721797,30,6,0.0082146768893756,0.0003602089211742,ctenopharyngodon,environmental,0.773,model
pore,22.805312157721797,30,6,0.0082146768893756,0.0003602089211742,"pore, pores",environmental,0.564,model
hypophthalmichthy,22.805312157721797,30,6,0.0082146768893756,0.0003602089211742,hypophthalmichthys,environmental,0.646,model
régie,22.805312157721797,30,6,0.0082146768893756,0.0003602089211742,régie,environmental,0.764,model
coalfish,22.805312157721797,30,6,0.0082146768893756,0.0003602089211742,coalfish,environmental,0.905,model
nano-electron,22.805312157721797,30,6,0.0082146768893756,0.0003602089211742,"nano-electronic, nano-electronics",environmental,0.576,model
idellu,22.805312157721797,30,6,0.0082146768893756,0.0003602089211742,idellus,environmental,0.668,model
opec,22.805312157721797,30,6,0.0082146768893756,0.0003602089211742,opec,environmental,0.93,model
eiti,22.805312157721797,30,6,0.0082146768893756,0.0003602089211742,eiti,environmental,0.808,model
boul,22.805312157721797,30,6,0.0082146768893756,0.0003602089211742,"boule, boules",environmental,0.546,model
regional-level,22.805312157721797,20,4,0.0054764512595837,0.0002401392807828,regional-level,environmental,0.556,model
data-set,22.805312157721797,20,4,0.0054764512595837,0.0002401392807828,"data-set, data-sets",environmental,0.504,model
plasmid,22.805312157721797,20,4,0.0054764512595837,0.0002401392807828,"plasmid, plasmids",environmental,0.642,model
ergometrin,22.805312157721797,20,4,0.0054764512595837,0.0002401392807828,ergometrine,environmental,0.857,model
foliag,22.805312157721794,150,30,0.0410733844468784,0.0018010446058714,foliage,environmental,0.8,model
noodl,22.805312157721794,140,28,0.0383351588170865,0.0016809749654799,"noodle, noodles",environmental,0.575,model
norvegicu,22.805312157721794,35,7,0.0095837897042716,0.0004202437413699,norvegicus,environmental,0.872,model
ovoid,22.805312157721794,35,7,0.0095837897042716,0.0004202437413699,"ovoid, ovoids",environmental,0.59,model
gizzard,22.805312157721794,25,5,0.0068455640744797,0.0003001741009785,"gizzard, gizzards",environmental,0.659,model
endocarp,22.805312157721794,25,5,0.0068455640744797,0.0003001741009785,endocarp,environmental,0.695,model
seco,22.805312157721794,25,5,0.0068455640744797,0.0003001741009785,"seco, secos",environmental,0.677,model
water-born,22.805312157721794,25,5,0.0068455640744797,0.0003001741009785,water-borne,environmental,0.779,model
famin,22.805312157721794,25,5,0.0068455640744797,0.0003001741009785,"famine, famines",environmental,0.522,model
region-to-reg,22.805312157721794,25,5,0.0068455640744797,0.0003001741009785,region-to-region,environmental,0.644,model
myrtillu,22.805312157721794,25,5,0.0068455640744797,0.0003001741009785,myrtillus,environmental,0.554,model
nourish,22.805312157721794,25,5,0.0068455640744797,0.0003001741009785,"nourish, nourished, nourishes, nourishing, nourishment",environmental,0.567,model
ava,22.805312157721794,25,5,0.0068455640744797,0.0003001741009785,"ava, avas",environmental,0.597,model
phenylenediamin,22.805312157721794,25,5,0.0068455640744797,0.0003001741009785,"phenylenediamine, phenylenediamines",environmental,0.54,model
inhabit,22.768823658269444,624,125,0.1708652792990142,0.0075043525244641,"inhabit, inhabitable, inhabitant, inhabitants, inhabited, inhabiting, inhabits",environmental,0.662,model
compost,22.5714115202067,193,39,0.0528477546549835,0.0023413579876328,"compost, compostable, composted, composters, composting, composts",environmental,0.864,model
lime,22.56525624027209,282,57,0.0772179627601314,0.0034219847511556,"lime, limes",environmental,0.578,model
episod,22.52024575575027,79,16,0.0216319824753559,0.0009605571231314,"episode, episodes, episodic",environmental,0.591,model
cite,22.50622609663692,301,61,0.082420591456736,0.0036621240319385,"cite, cites",environmental,1.0,known_acronym
crystallin,22.47952198404006,138,28,0.0377875136911281,0.0016809749654799,crystalline,environmental,0.515,model
tetrachlorid,22.47952198404006,69,14,0.018893756845564,0.0008404874827399,tetrachloride,environmental,0.573,model
hydrochlorofluorocarbon,22.425223621759763,59,12,0.0161555312157721,0.0007204178423485,"hydrochlorofluorocarbon, hydrochlorofluorocarbons",environmental,0.675,model
nitrid,22.425223621759763,59,12,0.0161555312157721,0.0007204178423485,"nitride, nitrided, nitrides, nitriding",environmental,0.705,model
denatur,22.402865472585532,167,34,0.0457283680175246,0.0020411838866542,"denaturant, denaturants, denaturation, denature, denatured, denatures, denaturing",environmental,0.771,model
passion,22.39067011849049,54,11,0.0147864184008762,0.0006603830221528,"passion, passionate, passions",environmental,0.569,model
agadir,22.39067011849049,54,11,0.0147864184008762,0.0006603830221528,agadir,environmental,0.579,model
chlorofluorocarbon,22.39067011849049,54,11,0.0147864184008762,0.0006603830221528,"chlorofluorocarbon, chlorofluorocarbons",environmental,0.711,model
monochrom,22.34920591456736,49,10,0.0134173055859802,0.0006003482019571,"monochromator, monochrome, monochromic",environmental,0.538,model
pistachio,22.34920591456736,49,10,0.0134173055859802,0.0006003482019571,"pistachio, pistachios",environmental,0.534,model
chrysogast,22.29852744310576,44,9,0.0120481927710843,0.0005403133817614,chrysogaster,environmental,0.722,model
lactuca,22.29852744310576,44,9,0.0120481927710843,0.0005403133817614,lactuca,environmental,0.627,model
pro-poor,22.29852744310576,44,9,0.0120481927710843,0.0005403133817614,pro-poor,environmental,0.606,model
hoe,22.29852744310576,44,9,0.0120481927710843,0.0005403133817614,"hoe, hoeing, hoes",environmental,0.857,model
ener,22.27903572331283,254,52,0.0695509309967141,0.0031218106501771,"ener, eneral, eneration, enerative, eneric",environmental,0.7,model
defrost,22.23517935377875,39,8,0.0106790799561883,0.0004802785615657,"defrost, defrosted, defrosters, defrosting",environmental,0.637,model
lithium,22.235179353778747,117,24,0.0320372398685651,0.0014408356846971,"lithium, lithiumion",environmental,0.573,model
canal,22.220560563934058,190,39,0.052026286966046,0.0023413579876328,"canal, canale, canales, canalization, canals",environmental,0.648,model
sub-reg,22.21039097099862,112,23,0.0306681270536692,0.0013808008645014,"sub-region, sub-regions",environmental,0.623,model
year-old,22.197170500182548,73,15,0.0199890470974808,0.0009005223029357,"year-old, year-olds",environmental,0.523,model
nephrop,22.153731810358316,34,7,0.0093099671412924,0.0004202437413699,nephrops,environmental,0.694,model
co-develop,22.153731810358316,34,7,0.0093099671412924,0.0004202437413699,"co-develop, co-developed, co-developing, co-development",environmental,0.503,model
fluorspar,22.153731810358316,34,7,0.0093099671412924,0.0004202437413699,fluorspar,environmental,0.62,model
heater,22.04513508579774,203,42,0.0555859802847754,0.0025214624482199,"heater, heaters",environmental,0.507,model
avocado,22.045135085797735,58,12,0.0158817086527929,0.0007204178423485,"avocado, avocadoes, avocados",environmental,0.64,model
chalcogramma,22.045135085797735,29,6,0.0079408543263964,0.0003602089211742,chalcogramma,environmental,0.637,model
theragra,22.045135085797735,29,6,0.0079408543263964,0.0003602089211742,theragra,environmental,0.64,model
darfur,22.045135085797735,29,6,0.0079408543263964,0.0003602089211742,darfur,environmental,0.571,model
oceanography,22.045135085797735,29,6,0.0079408543263964,0.0003602089211742,oceanography,environmental,0.986,model
halogen,22.000418787449263,82,17,0.0224534501642935,0.0010205919433271,"halogen, halogenates, halogenic, halogens",environmental,0.646,model
scholar,21.976028079259187,53,11,0.014512595837897,0.0006603830221528,"scholar, scholars",environmental,0.644,model
macaroni,21.960670966695066,130,27,0.0355969331872946,0.0016209401452842,macaroni,environmental,0.557,model
gherkin,21.950112951807228,77,16,0.0210843373493975,0.0009605571231314,"gherkin, gherkins",environmental,0.724,model
exot,21.893099671412926,72,15,0.0197152245345016,0.0009005223029357,"exotic, exotics",environmental,0.685,model
dichlorid,21.893099671412923,48,10,0.013143483023001,0.0006003482019571,dichloride,environmental,0.557,model
promet,21.893099671412923,24,5,0.0065717415115005,0.0003001741009785,promet,environmental,0.514,model
rajida,21.893099671412923,24,5,0.0065717415115005,0.0003001741009785,rajidae,environmental,0.688,model
plastiqu,21.893099671412923,24,5,0.0065717415115005,0.0003001741009785,"plastique, plastiques",environmental,0.521,model
agroalimentair,21.893099671412923,24,5,0.0065717415115005,0.0003001741009785,"agroalimentaire, agroalimentaires",environmental,0.642,model
under-exploit,21.893099671412923,24,5,0.0065717415115005,0.0003001741009785,"under-exploitation, under-exploited",environmental,0.687,model
urvei,21.893099671412923,24,5,0.0065717415115005,0.0003001741009785,"urvey, urveys",environmental,0.504,model
antarctica,21.893099671412923,24,5,0.0065717415115005,0.0003001741009785,antarctica,environmental,0.875,model
eti,21.893099671412923,24,5,0.0065717415115005,0.0003001741009785,"eti, eties, etis",environmental,0.577,model
sobota,21.893099671412923,24,5,0.0065717415115005,0.0003001741009785,sobota,environmental,0.537,model
venetian,21.893099671412923,24,5,0.0065717415115005,0.0003001741009785,"venetian, venetians",environmental,0.581,model
dezvoltării,21.893099671412923,24,5,0.0065717415115005,0.0003001741009785,dezvoltării,environmental,0.528,model
antal,21.893099671412923,24,5,0.0065717415115005,0.0003001741009785,"antal, antall",environmental,0.648,model
micro-data,21.893099671412923,24,5,0.0065717415115005,0.0003001741009785,micro-data,environmental,0.575,model
lemno,21.893099671412923,24,5,0.0065717415115005,0.0003001741009785,lemnos,environmental,0.634,model
chlorin,21.85509081781672,115,24,0.0314895947426067,0.0014408356846971,"chlorination, chlorine, chlorines",environmental,0.661,model
lasagn,21.85509081781672,115,24,0.0314895947426067,0.0014408356846971,lasagne,environmental,0.653,model
nanotechnologi,21.79174272848972,86,18,0.0235487404162102,0.0010806267635228,"nanotechnologie, nanotechnologies",environmental,0.564,model
fungi,21.791742728489716,129,27,0.0353231106243154,0.0016209401452842,fungi,environmental,0.855,model
oyster,21.752759288903867,62,13,0.0169769989047097,0.0007804526625442,"oyster, oysters",environmental,0.808,model
guava,21.752759288903867,62,13,0.0169769989047097,0.0007804526625442,"guava, guavas",environmental,0.81,model
alfalfa,21.752759288903867,62,13,0.0169769989047097,0.0007804526625442,alfalfa,environmental,0.582,model
carbam,21.665046549835708,38,8,0.0104052573932092,0.0004802785615657,"carbamate, carbamates, carbamic",environmental,0.536,model
orach,21.665046549835708,38,8,0.0104052573932092,0.0004802785615657,orache,environmental,0.621,model
socioeconom,21.665046549835704,228,48,0.0624315443592552,0.0028816713693942,"socioeconomic, socioeconomics",environmental,0.597,model
hollow,21.63580897014632,185,39,0.05065717415115,0.0023413579876328,"hollow, hollowed, hollowing, hollows",environmental,0.501,model
surveyor,21.589028842643295,71,15,0.0194414019715224,0.0009005223029357,"surveyor, surveyors",environmental,0.815,model
leakag,21.566505077549255,383,81,0.1048740416210295,0.0048628204358527,"leakag, leakage, leakages",environmental,0.67,model
nurtur,21.528214676889373,118,25,0.0323110624315443,0.0015008705048928,"nurtur, nurture, nurtured, nurtures, nurturing",environmental,0.663,model
post-emergency,21.502151462994835,33,7,0.0090361445783132,0.0004202437413699,post-emergency,environmental,0.645,model
north-west,21.43699342825849,94,20,0.0257393209200438,0.0012006964039142,north-west,environmental,0.538,model
sunflower-se,21.43699342825849,47,10,0.0128696604600219,0.0006003482019571,sunflower-seed,environmental,0.675,model
cathod,21.417162722034384,108,23,0.0295728368017524,0.0013808008645014,"cathode, cathodes, cathodic",environmental,0.645,model
ore,21.4101636492494,399,85,0.1092552026286966,0.0051029597166356,"ore, ores",environmental,0.576,model
short-liv,21.379980147864185,75,16,0.0205366922234392,0.0009605571231314,"short-liv, short-lived",environmental,0.505,model
untapp,21.35406502041223,206,44,0.056407447973713,0.0026415320886113,"untapped, untapping",environmental,0.559,model
maltos,21.32967431222215,159,34,0.0435377875136911,0.0020411838866542,maltose,environmental,0.517,model
feather,21.32967431222215,159,34,0.0435377875136911,0.0020411838866542,"feather, feathered, featherings, feathers",environmental,0.636,model
vulnerability,21.325232295829917,706,151,0.1933187294633077,0.0090652578495527,vulnerability,environmental,0.554,model
ional,21.284958013873677,42,9,0.0115005476451259,0.0005403133817614,"ional, ionals",environmental,0.59,model
cirrhinu,21.284958013873673,28,6,0.0076670317634173,0.0003602089211742,cirrhinus,environmental,0.716,model
handmad,21.284958013873673,28,6,0.0076670317634173,0.0003602089211742,handmade,environmental,0.526,model
osmosi,21.284958013873673,28,6,0.0076670317634173,0.0003602089211742,osmosis,environmental,0.739,model
mylopharyngodon,21.284958013873673,28,6,0.0076670317634173,0.0003602089211742,mylopharyngodon,environmental,0.829,model
dioctyl,21.284958013873673,28,6,0.0076670317634173,0.0003602089211742,dioctyl,environmental,0.708,model
pipelin,21.26944419607931,914,196,0.2502738225629792,0.0117668247583598,"pipeline, pipelined, pipelines",environmental,0.535,model
unodc,21.195525417176732,79,17,0.0216319824753559,0.0010205919433271,unodc,environmental,0.54,model
clover,21.1763612893131,65,14,0.0177984665936473,0.0008404874827399,"clover, clovers",environmental,0.624,model
hydrocarbon,21.16618034638554,594,128,0.1626506024096385,0.0076844569850513,"hydrocarbon, hydrocarbons",environmental,0.689,model
landlock,21.163329682365827,116,25,0.0317634173055859,0.0015008705048928,"landlock, landlocked",environmental,0.636,model
hairdress,21.146744000796577,51,11,0.0139649507119386,0.0006603830221528,"hairdresser, hairdressers, hairdressing",environmental,0.53,model
metalwork,21.146744000796577,51,11,0.0139649507119386,0.0006603830221528,"metalwork, metalworkers, metalworking",environmental,0.521,model
regionally,21.09491374589266,222,48,0.06078860898138,0.0028816713693942,regionally,environmental,0.608,model
butterfly,21.09491374589266,74,16,0.02026286966046,0.0009605571231314,butterfly,environmental,0.539,model
polar,21.09491374589266,74,16,0.02026286966046,0.0009605571231314,"polar, polarities, polarization, polarizations, polarize, polarizer",environmental,0.577,model
decomposit,21.06776456475252,97,21,0.0265607886089813,0.0012607312241099,decomposition,environmental,0.682,model
landmark,21.05105737635858,120,26,0.0328587075575027,0.0015609053250885,"landmark, landmarks",environmental,0.569,model
esearch,21.05105737635858,60,13,0.0164293537787513,0.0007804526625442,"esearch, esearchers",environmental,0.739,model
countrysid,21.03973960357559,143,31,0.0391566265060241,0.0018610794260671,countryside,environmental,0.819,model
naval,21.013466202472227,129,28,0.0353231106243154,0.0016809749654799,"naval, navale, navales",environmental,0.582,model
cotton-se,20.980887185104052,46,10,0.0125958378970427,0.0006003482019571,cotton-seed,environmental,0.525,model
trans-region,20.980887185104052,46,10,0.0125958378970427,0.0006003482019571,trans-regional,environmental,0.6,model
palaeontolog,20.980887185104052,23,5,0.0062979189485213,0.0003001741009785,palaeontological,environmental,0.74,model
seabream,20.980887185104052,23,5,0.0062979189485213,0.0003001741009785,"seabream, seabreams",environmental,0.895,model
pathfind,20.980887185104052,23,5,0.0062979189485213,0.0003001741009785,"pathfinder, pathfinders",environmental,0.602,model
summertim,20.980887185104052,23,5,0.0062979189485213,0.0003001741009785,summertime,environmental,0.508,model
volkswagen,20.980887185104052,23,5,0.0062979189485213,0.0003001741009785,volkswagen,environmental,0.54,model
jordbruksverk,20.980887185104052,23,5,0.0062979189485213,0.0003001741009785,jordbruksverk,environmental,0.565,model
carbid,20.9523805449069,147,32,0.0402519167579408,0.0019211142462628,"carbide, carbides",environmental,0.557,model
drainag,20.942342995541704,326,71,0.0892661555312157,0.0042624722338956,"drainage, drainages",environmental,0.886,model
cheroot,20.93942298118092,101,22,0.0276560788608981,0.0013207660443056,cheroots,environmental,0.798,model
surfact,20.90486947791165,55,12,0.0150602409638554,0.0007204178423485,"surfactant, surfactants",environmental,0.608,model
curi,20.87563189822226,119,26,0.0325848849945235,0.0015609053250885,curie,environmental,0.564,model
aesthet,20.850571115631357,64,14,0.0175246440306681,0.0008404874827399,"aesthetic, aesthetical, aesthetics",environmental,0.505,model
unfer,20.77817329925764,123,27,0.0336801752464403,0.0016209401452842,"unfer, unfermented",environmental,0.544,model
gelatin,20.77817329925764,123,27,0.0336801752464403,0.0016209401452842,"gelatin, gelatine, gelatines, gelatinous, gelatins",environmental,0.515,model
phthalic,20.77817329925764,41,9,0.0112267250821467,0.0005403133817614,phthalic,environmental,0.533,model
semicolon,20.77817329925764,41,9,0.0112267250821467,0.0005403133817614,semicolon,environmental,0.508,model
bicarbon,20.77817329925764,41,9,0.0112267250821467,0.0005403133817614,"bicarbonate, bicarbonates",environmental,0.548,model
struggl,20.77817329925763,287,63,0.0785870755750273,0.0037821936723299,"struggl, struggle, struggled, struggles, struggling",environmental,0.548,model
crystallis,20.66731414293538,145,32,0.0397042716319824,0.0019211142462628,"crystallisation, crystallise, crystallised, crystalliser, crystallises, crystallising",environmental,0.536,model
deterg,20.65892983699504,154,34,0.0421686746987951,0.0020411838866542,"detergent, detergents",environmental,0.698,model
pine,20.616002190580502,113,25,0.0309419496166484,0.0015008705048928,"pine, pines",environmental,0.866,model
pineappl,20.52478094194962,135,30,0.0369660460021905,0.0018010446058714,"pineapple, pineapples",environmental,0.838,model
safflow,20.52478094194962,63,14,0.0172508214676889,0.0008404874827399,safflower,environmental,0.556,model
rootstock,20.52478094194962,63,14,0.0172508214676889,0.0008404874827399,"rootstock, rootstocks",environmental,0.694,model
single-hul,20.52478094194962,36,8,0.0098576122672508,0.0004802785615657,"single-hull, single-hulled",environmental,0.502,model
hatcheri,20.52478094194962,36,8,0.0098576122672508,0.0004802785615657,hatcheries,environmental,0.942,model
electro-mechan,20.524780941949615,117,26,0.0320372398685651,0.0015609053250885,"electro-mechanic, electro-mechanical, electro-mechanics",environmental,0.61,model
aluminum,20.524780941949615,45,10,0.0123220153340635,0.0006003482019571,aluminum,environmental,0.51,model
planter,20.524780941949615,27,6,0.0073932092004381,0.0003602089211742,"planter, planters",environmental,0.83,model
barent,20.524780941949615,27,6,0.0073932092004381,0.0003602089211742,"barent, barents",environmental,0.631,model
bioethic,20.524780941949615,27,6,0.0073932092004381,0.0003602089211742,"bioethical, bioethics",environmental,0.763,model
dibenzo-p-dioxin,20.524780941949615,27,6,0.0073932092004381,0.0003602089211742,"dibenzo-p-dioxin, dibenzo-p-dioxins",environmental,0.716,model
sauvag,20.524780941949615,27,6,0.0073932092004381,0.0003602089211742,"sauvage, sauvages",environmental,0.724,model
kinemat,20.524780941949615,27,6,0.0073932092004381,0.0003602089211742,"kinematic, kinematics",environmental,0.615,model
populat,20.48331673802649,247,55,0.0676341730558598,0.0033019151107642,"populated, populating",environmental,0.619,model
synthesi,20.446141934509193,390,87,0.1067907995618838,0.005223029357027,synthesis,environmental,0.507,model
feeder,20.41618421738904,94,21,0.0257393209200438,0.0012607312241099,"feeder, feedering, feeders",environmental,0.784,model
ethanolamin,20.39063204690419,76,17,0.0208105147864184,0.0010205919433271,"ethanolamine, ethanolamines",environmental,0.708,model
porcelain,20.349355463813296,58,13,0.0158817086527929,0.0007804526625442,"porcelain, porcelains",environmental,0.502,model
eva,20.349355463813296,58,13,0.0158817086527929,0.0007804526625442,"eva, evas",environmental,0.578,model
bunker,20.329306837740575,156,35,0.0427163198247535,0.0021012187068499,"bunker, bunkered, bunkering, bunkers",environmental,0.625,model
crate,20.329306837740575,156,35,0.0427163198247535,0.0021012187068499,"crate, crates",environmental,0.538,model
adversari,20.317459922333963,49,11,0.0134173055859802,0.0006603830221528,"adversarial, adversaries",environmental,0.513,model
ropean,20.2713885846416,40,9,0.0109529025191675,0.0005403133817614,"ropean, ropeans",environmental,0.623,model
pean,20.2713885846416,40,9,0.0109529025191675,0.0005403133817614,pean,environmental,0.575,model
tributari,20.2713885846416,40,9,0.0109529025191675,0.0005403133817614,tributaries,environmental,0.535,model
gulat,20.2713885846416,40,9,0.0109529025191675,0.0005403133817614,"gulate, gulated, gulation, gulations, gulators",environmental,0.767,model
decontamin,20.239714539978095,142,32,0.0388828039430449,0.0019211142462628,"decontaminants, decontaminate, decontamination",environmental,0.695,model
traceca,20.198990768267876,31,7,0.0084884994523548,0.0004202437413699,traceca,environmental,0.546,model
hydraulically,20.198990768267876,31,7,0.0084884994523548,0.0004202437413699,hydraulically,environmental,0.619,model
bilberri,20.198990768267876,31,7,0.0084884994523548,0.0004202437413699,bilberries,environmental,0.619,model
calibrat,20.15989594742607,221,50,0.0605147864184008,0.0030017410097856,"calibrated, calibrating",environmental,0.503,model
diffus,20.15695332650249,685,155,0.1875684556407447,0.0093053971303355,"diffusal, diffuse, diffused, diffuser, diffusers, diffuses, diffusing, diffusion, diffusive",environmental,0.598,model
coconut,20.06867469879518,176,40,0.0481927710843373,0.0024013928078285,"coconut, coconuts",environmental,0.703,model
gila,20.06867469879518,44,10,0.0120481927710843,0.0006003482019571,"gila, gilae",environmental,0.646,model
apach,20.06867469879518,44,10,0.0120481927710843,0.0006003482019571,apache,environmental,0.559,model
ollow,20.06867469879518,44,10,0.0120481927710843,0.0006003482019571,"ollow, ollowed, ollowers, ollowing, ollows",environmental,0.51,model
mosquito,20.06867469879518,44,10,0.0120481927710843,0.0006003482019571,"mosquito, mosquitoes, mosquitos",environmental,0.882,model
psychiatry,20.06867469879518,22,5,0.0060240963855421,0.0003001741009785,psychiatry,environmental,0.527,model
settler,20.06867469879518,22,5,0.0060240963855421,0.0003001741009785,"settler, settlers",environmental,0.574,model
tracer,20.06867469879518,22,5,0.0060240963855421,0.0003001741009785,"tracer, tracers",environmental,0.568,model
echnology,20.06867469879518,22,5,0.0060240963855421,0.0003001741009785,echnology,environmental,0.907,model
cytanet,20.06867469879518,22,5,0.0060240963855421,0.0003001741009785,cytanet,environmental,0.7,model
greenpeac,20.06867469879518,22,5,0.0060240963855421,0.0003001741009785,greenpeace,environmental,0.919,model
cartridg,20.04103189617976,145,33,0.0397042716319824,0.0019811490664585,"cartridge, cartridges",environmental,0.566,model
demograph,20.00545205122922,443,101,0.1213033953997809,0.006063516839767,"demograph, demographic, demographical, demographics",environmental,0.519,model
ravioli,19.998504507540652,114,26,0.0312157721796276,0.0015609053250885,"ravioli, raviolis",environmental,0.549,model
shallot,19.998504507540652,57,13,0.0156078860898138,0.0007804526625442,"shallot, shallots",environmental,0.532,model
cascad,19.970057132707733,162,37,0.0443592552026287,0.0022212883472414,"cascade, cascaded, cascades, cascading",environmental,0.657,model
glucon,19.95464813800657,35,8,0.0095837897042716,0.0004802785615657,"gluconate, gluconic",environmental,0.64,model
wasserwirtschaft,19.95464813800657,35,8,0.0095837897042716,0.0004802785615657,wasserwirtschaft,environmental,0.751,model
kephir,19.933532108230903,118,27,0.0323110624315443,0.0016209401452842,kephir,environmental,0.69,model
egyptian,19.90281788310266,144,33,0.0394304490690032,0.0019811490664585,"egyptian, egyptians",environmental,0.561,model
dyestuff,19.90281788310266,96,22,0.0262869660460021,0.0013207660443056,"dyestuff, dyestuffes, dyestuffs",environmental,0.793,model
isopropyl,19.90281788310266,48,11,0.013143483023001,0.0006603830221528,isopropyl,environmental,0.586,model
poa,19.90281788310266,48,11,0.013143483023001,0.0006603830221528,poa,environmental,0.733,model
unoffici,19.873200594586137,61,14,0.0167031763417305,0.0008404874827399,unofficial,environmental,0.525,model
multi-later,19.85403646672251,74,17,0.02026286966046,0.0010205919433271,"multi-lateral, multi-laterals, multi-laterism",environmental,0.508,model
protectionist,19.840621577217963,87,20,0.0238225629791894,0.0012006964039142,protectionist,environmental,0.642,model
horizon,19.812678309356723,1099,253,0.3009309967141292,0.0151888095095155,"horizon, horizonal, horizons",environmental,0.636,model
peacebuild,19.76460387002556,39,9,0.0106790799561883,0.0005403133817614,"peacebuilders, peacebuilding",environmental,0.568,model
nanosci,19.76460387002556,39,9,0.0106790799561883,0.0005403133817614,"nanoscience, nanosciences",environmental,0.562,model
anaerob,19.764603870025557,117,27,0.0320372398685651,0.0016209401452842,"anaerobe, anaerobes, anaerobic",environmental,0.919,model
passenger-kilometr,19.764603870025557,52,12,0.0142387732749178,0.0007204178423485,"passenger-kilometre, passenger-kilometres",environmental,0.513,model
peace-build,19.764603870025557,52,12,0.0142387732749178,0.0007204178423485,"peace-builders, peace-building",environmental,0.542,model
pandalu,19.764603870025557,26,6,0.0071193866374589,0.0003602089211742,pandalus,environmental,0.523,model
gaeltacht,19.764603870025557,26,6,0.0071193866374589,0.0003602089211742,gaeltacht,environmental,0.701,model
cetorhinu,19.764603870025557,26,6,0.0071193866374589,0.0003602089211742,cetorhinus,environmental,0.647,model
healthier,19.684585230875655,164,38,0.044906900328587,0.0022813231674371,healthier,environmental,0.536,model
open-sourc,19.647653551268007,56,13,0.0153340635268346,0.0007804526625442,open-source,environmental,0.601,model
herbac,19.647653551268007,56,13,0.0153340635268346,0.0007804526625442,herbaceous,environmental,0.831,model
baler,19.612568455640744,43,10,0.0117743702081051,0.0006003482019571,"baler, balers",environmental,0.585,model
salsify,19.612568455640744,43,10,0.0117743702081051,0.0006003482019571,salsify,environmental,0.835,model
bi-direct,19.612568455640744,43,10,0.0117743702081051,0.0006003482019571,bi-directional,environmental,0.624,model
sardinella,19.612568455640744,43,10,0.0117743702081051,0.0006003482019571,sardinella,environmental,0.604,model
owev,19.612568455640744,43,10,0.0117743702081051,0.0006003482019571,owever,environmental,0.51,model
micro-fin,19.612568455640744,43,10,0.0117743702081051,0.0006003482019571,micro-finance,environmental,0.503,model
aguabonita,19.612568455640744,43,10,0.0117743702081051,0.0006003482019571,aguabonita,environmental,0.567,model
purifi,19.600241259879812,159,37,0.0435377875136911,0.0022212883472414,"purified, purifier, purifiers, purifies",environmental,0.534,model
score,19.5939518742875,421,98,0.1152792990142387,0.0058834123791799,"score, scores",environmental,0.51,model
geopolit,19.59329636085957,305,71,0.0835158817086527,0.0042624722338956,"geopolit, geopolitical, geopolitics",environmental,0.573,model
north-south,19.58573867663166,146,34,0.0399780941949616,0.0020411838866542,north-south,environmental,0.539,model
fire-resist,19.57455960204454,103,24,0.0282037239868565,0.0014408356846971,"fire-resistance, fire-resistant, fire-resisting",environmental,0.688,model
cichorium,19.5474104209044,60,14,0.0164293537787513,0.0008404874827399,cichorium,environmental,0.634,model
ontrol,19.5474104209044,30,7,0.0082146768893756,0.0004202437413699,"ontrol, ontrolled, ontroller, ontrollers, ontrolling, ontrols",environmental,0.523,model
halogenat,19.511211512717537,154,36,0.0421686746987951,0.0021612535270456,halogenated,environmental,0.545,model
gaiter,19.502473845224156,124,29,0.0339539978094194,0.0017410097856756,gaiters,environmental,0.562,model
albacor,19.488175843871353,47,11,0.0128696604600219,0.0006603830221528,albacore,environmental,0.585,model
acorn,19.488175843871353,47,11,0.0128696604600219,0.0006603830221528,"acorn, acorns",environmental,0.82,model
observatori,19.38451533406353,68,16,0.0186199342825848,0.0009605571231314,"observatorie, observatories",environmental,0.624,model
post-harvest,19.38451533406353,51,12,0.0139649507119386,0.0007204178423485,"post-harvest, post-harvesting",environmental,0.881,model
eru,19.38451533406353,51,12,0.0139649507119386,0.0007204178423485,"eru, erus",environmental,0.561,model
pandemic-relat,19.38451533406353,34,8,0.0093099671412924,0.0004802785615657,pandemic-related,environmental,0.536,model
dampen,19.31744088654082,72,17,0.0197152245345016,0.0010205919433271,"dampen, dampened, dampening, dampens",environmental,0.611,model
arrowroot,19.296802594995366,55,13,0.0150602409638554,0.0007804526625442,"arrowroot, arrowroots",environmental,0.772,model
pile,19.274167049429387,131,31,0.0358707557502738,0.0018610794260671,"pile, piles",environmental,0.578,model
lng,19.25781915540952,266,63,0.0728368017524644,0.0037821936723299,"lng, lngs",environmental,1.0,known_acronym
biologiqu,19.25781915540952,38,9,0.0104052573932092,0.0005403133817614,"biologique, biologiques",environmental,0.788,model
era-net,19.204473395976247,80,19,0.0219058050383351,0.0011406615837185,"era-net, era-nets",environmental,0.523,model
extinct,19.187917815462473,122,29,0.0334063526834611,0.0017410097856756,"extinct, extincted, extinction, extinctions",environmental,0.827,model
geography,19.183291991495395,143,34,0.0391566265060241,0.0020411838866542,geography,environmental,0.928,model
ammunit,19.179852276237817,328,78,0.0898138006571741,0.0046827159752656,"ammunition, ammunitions",environmental,0.502,model
aerial,19.173355036306845,227,54,0.062157721796276,0.0032418802905685,"aerial, aerials",environmental,0.765,model
monobutyl,19.156462212486307,42,10,0.0115005476451259,0.0006003482019571,monobutyl,environmental,0.667,model
socio-cultur,19.156462212486307,42,10,0.0115005476451259,0.0006003482019571,socio-cultural,environmental,0.663,model
letta,19.156462212486307,21,5,0.0057502738225629,0.0003001741009785,letta,environmental,0.553,model
micronutri,19.156462212486307,21,5,0.0057502738225629,0.0003001741009785,"micronutrient, micronutrients",environmental,0.731,model
prehrano,19.156462212486307,21,5,0.0057502738225629,0.0003001741009785,prehrano,environmental,0.547,model
gozdarstvo,19.156462212486307,21,5,0.0057502738225629,0.0003001741009785,gozdarstvo,environmental,0.506,model
osha,19.156462212486307,21,5,0.0057502738225629,0.0003001741009785,"osha, oshas",environmental,0.523,model
invas,19.14743040569117,424,101,0.1161007667031763,0.006063516839767,"invasion, invasions, invasive, invasiveness",environmental,0.619,model
sulphur,19.137971418844913,621,148,0.1700438116100766,0.0088851533889656,"sulphur, sulphuric, sulphuring, sulphurous, sulphurs",environmental,0.723,model
minamata,19.07353380464005,46,11,0.0125958378970427,0.0006603830221528,minamata,environmental,0.501,model
garbanzo,19.07353380464005,46,11,0.0125958378970427,0.0006603830221528,"garbanzo, garbanzos",environmental,0.637,model
oppon,19.07353380464005,46,11,0.0125958378970427,0.0006603830221528,"opponent, opponents",environmental,0.534,model
isotop,19.0206007783552,196,47,0.0536692223439211,0.0028216365491985,"isotope, isotopes, isotopic",environmental,0.687,model
digital-strategy,19.004426798101495,50,12,0.0136911281489594,0.0007204178423485,digital-strategy,environmental,0.511,model
dome,19.004426798101495,25,6,0.0068455640744797,0.0003602089211742,"dome, domes",environmental,0.582,model
vulcaniz,19.004426798101495,25,6,0.0068455640744797,0.0003602089211742,"vulcanized, vulcanizing",environmental,0.626,model
artefact,19.004426798101495,25,6,0.0068455640744797,0.0003602089211742,"artefact, artefacts",environmental,0.543,model
cartograph,19.004426798101495,25,6,0.0068455640744797,0.0003602089211742,"cartographer, cartographers, cartographic, cartographical",environmental,0.575,model
agosto,19.004426798101495,25,6,0.0068455640744797,0.0003602089211742,agosto,environmental,0.588,model
butterfli,19.004426798101495,25,6,0.0068455640744797,0.0003602089211742,butterflies,environmental,0.748,model
educación,19.004426798101495,25,6,0.0068455640744797,0.0003602089211742,educación,environmental,0.511,model
oncology,19.004426798101495,25,6,0.0068455640744797,0.0003602089211742,oncology,environmental,0.7,model
wasser,19.004426798101495,25,6,0.0068455640744797,0.0003602089211742,"wasser, wassers",environmental,0.775,model
evapor,18.94595163872272,162,39,0.0443592552026287,0.0023413579876328,"evaporant, evaporate, evaporates, evaporation, evaporative, evaporator, evaporators",environmental,0.82,model
sweetcorn,18.928409090909092,83,20,0.0227272727272727,0.0012006964039142,sweetcorn,environmental,0.502,model
south-south,18.928409090909092,83,20,0.0227272727272727,0.0012006964039142,south-south,environmental,0.514,model
foundry,18.895830073540917,116,28,0.0317634173055859,0.0016809749654799,foundry,environmental,0.521,model
eippcb,18.895830073540917,29,7,0.0079408543263964,0.0004202437413699,eippcb,environmental,0.562,model
cybersecurity,18.871395810514784,331,80,0.0906352683461117,0.004802785615657,cybersecurity,environmental,0.541,model
ceci,18.85239138371669,62,15,0.0169769989047097,0.0009005223029357,"ceci, cecis",environmental,0.51,model
bloom,18.85239138371669,62,15,0.0169769989047097,0.0009005223029357,"bloom, bloomed, blooming, blooms",environmental,0.767,model
ionis,18.826513015310763,194,47,0.0531215772179627,0.0028216365491985,"ionisant, ionisants, ionisation, ionised, ioniser, ionising",environmental,0.633,model
centrifug,18.814382530120483,132,32,0.036144578313253,0.0019211142462628,"centrifugal, centrifugate, centrifugation, centrifuge, centrifuged, centrifuges, centrifuging",environmental,0.581,model
oceanograph,18.814382530120483,99,24,0.0271084337349397,0.0014408356846971,"oceanographers, oceanographic, oceanographical",environmental,0.943,model
titan,18.814382530120483,33,8,0.0090361445783132,0.0004802785615657,"titan, titanate, titanic",environmental,0.553,model
runwai,18.79157721796276,103,25,0.0282037239868565,0.0015008705048928,"runway, runways",environmental,0.554,model
tile,18.78084530635913,140,34,0.0383351588170865,0.0020411838866542,"tile, tilee, tiles",environmental,0.534,model
meadow,18.765514004068223,144,35,0.0394304490690032,0.0021012187068499,"meadow, meadows",environmental,0.919,model
densiti,18.724361561076844,78,19,0.0213581599123767,0.0011406615837185,densities,environmental,0.513,model
electromechan,18.716083770819957,119,29,0.0325848849945235,0.0017410097856756,electromechanical,environmental,0.618,model
glasswar,18.712051001207627,160,39,0.0438116100766703,0.0023413579876328,glassware,environmental,0.563,model
propylen,18.70035596933187,82,20,0.0224534501642935,0.0012006964039142,propylene,environmental,0.511,model
north-eastern,18.70035596933187,41,10,0.0112267250821467,0.0006003482019571,north-eastern,environmental,0.521,model
tuber,18.658891765408743,180,44,0.0492880613362541,0.0026415320886113,"tuber, tuberous, tubers",environmental,0.782,model
unsolv,18.658891765408743,45,11,0.0123220153340635,0.0006603830221528,"unsolvable, unsolved",environmental,0.505,model
chickpea,18.658891765408743,45,11,0.0123220153340635,0.0006603830221528,"chickpea, chickpeas",environmental,0.692,model
electrod,18.640863850659557,188,46,0.0514786418400876,0.0027616017290028,"electrode, electrodes",environmental,0.678,model
heritag,18.626614241396723,682,167,0.1867469879518072,0.0100258149726841,"heritage, heritages",environmental,0.521,model
hydrazin,18.624338262139464,49,12,0.0134173055859802,0.0007204178423485,hydrazine,environmental,0.52,model
transient,18.624338262139464,49,12,0.0134173055859802,0.0007204178423485,"transient, transients",environmental,0.746,model
academia,18.61810730253353,498,122,0.1363636363636363,0.007324248063877,academia,environmental,0.543,model
syrian,18.60433360235199,155,38,0.0424424972617743,0.0022813231674371,"syrian, syrians",environmental,0.524,model
craftsmen,18.59510068245008,53,13,0.014512595837897,0.0007804526625442,craftsmen,environmental,0.559,model
accumul,18.58898118902672,701,172,0.1919496166484118,0.0103259890736627,"accumulate, accumulates, accumulation, accumulations, accumulative, accumulator, accumulators",environmental,0.546,model
sandbox,18.57003989985918,57,14,0.0156078860898138,0.0008404874827399,"sandbox, sandboxe, sandboxes, sandboxing",environmental,0.749,model
caviar,18.52931612814896,65,16,0.0177984665936473,0.0009605571231314,caviar,environmental,0.61,model
undetect,18.52931612814896,65,16,0.0177984665936473,0.0009605571231314,"undetectable, undetected",environmental,0.526,model
butadien,18.52931612814896,65,16,0.0177984665936473,0.0009605571231314,"butadien, butadiene",environmental,0.553,model
shelter,18.512547516268285,276,68,0.0755750273822563,0.0040823677733085,"shelter, sheltered, sheltering, shelters",environmental,0.664,model
topograph,18.48430564362714,77,19,0.0210843373493975,0.0011406615837185,"topographic, topographical",environmental,0.612,model
cinematograph,18.47815036369253,158,39,0.0432639649507119,0.0023413579876328,"cinematograph, cinematographic, cinematographical",environmental,0.543,model
peacekeep,18.4614431752986,85,21,0.0232749178532311,0.0012607312241099,"peacekeepers, peacekeeping",environmental,0.553,model
catastroph,18.43833748922188,190,47,0.052026286966046,0.0028216365491985,"catastrophe, catastrophes, catastrophic",environmental,0.548,model
aea,18.413177964382783,109,27,0.0298466593647316,0.0016209401452842,"aea, aeas",environmental,0.617,model
scoreboard,18.377096204766108,415,103,0.1136363636363636,0.0061835864801584,"scoreboard, scoreboards",environmental,0.503,model
rehabilit,18.356177638607974,656,163,0.1796276013143483,0.0097856756919013,"rehabilitate, rehabilitation, rehabilitations, rehabilitative",environmental,0.511,model
phosphat,18.33030750790469,213,53,0.0583242059145673,0.0031818454703728,"phosphate, phosphated, phosphates, phosphatic",environmental,0.765,model
seaborn,18.24424972617744,36,9,0.0098576122672508,0.0005403133817614,"seaborn, seaborne",environmental,0.812,model
polymeris,18.244249726177436,152,38,0.0416210295728368,0.0022813231674371,"polymerisation, polymerise, polymerised",environmental,0.522,model
bee,18.244249726177436,136,34,0.0372398685651697,0.0020411838866542,"bee, beeing, bees",environmental,0.852,model
cannabi,18.244249726177436,136,34,0.0372398685651697,0.0020411838866542,"cannabi, cannabis",environmental,0.527,model
nanotechnology,18.244249726177436,84,21,0.0230010952902519,0.0012607312241099,nanotechnology,environmental,0.561,model
vertebr,18.244249726177436,80,20,0.0219058050383351,0.0012006964039142,"vertebral, vertebrate, vertebrates",environmental,0.695,model
nursery,18.244249726177436,68,17,0.0186199342825848,0.0010205919433271,nursery,environmental,0.665,model
self-sustain,18.244249726177436,60,15,0.0164293537787513,0.0009005223029357,"self-sustain, self-sustainable, self-sustained, self-sustaining",environmental,0.512,model
brexit,18.244249726177436,60,15,0.0164293537787513,0.0009005223029357,brexit,environmental,0.567,model
ferro-alloi,18.244249726177436,52,13,0.0142387732749178,0.0007804526625442,"ferro-alloy, ferro-alloys",environmental,0.551,model
spinach,18.244249726177436,48,12,0.013143483023001,0.0007204178423485,"spinach, spinaches",environmental,0.678,model
radish,18.244249726177436,48,12,0.013143483023001,0.0007204178423485,"radish, radishes",environmental,0.725,model
pollen,18.244249726177436,48,12,0.013143483023001,0.0007204178423485,"pollen, pollens",environmental,0.909,model
loganberri,18.244249726177436,40,10,0.0109529025191675,0.0006003482019571,loganberries,environmental,0.633,model
mongolian,18.244249726177436,40,10,0.0109529025191675,0.0006003482019571,"mongolian, mongolians",environmental,0.515,model
thessaly,18.244249726177436,32,8,0.008762322015334,0.0004802785615657,thessaly,environmental,0.706,model
etail,18.244249726177436,32,8,0.008762322015334,0.0004802785615657,"etail, etailed, etailers, etails",environmental,0.586,model
ardenn,18.244249726177436,32,8,0.008762322015334,0.0004802785615657,"ardenne, ardennes",environmental,0.806,model
ogac,18.244249726177436,32,8,0.008762322015334,0.0004802785615657,ogac,environmental,0.648,model
capri,18.244249726177436,32,8,0.008762322015334,0.0004802785615657,"capri, caprie",environmental,0.532,model
mutagenicity,18.244249726177436,28,7,0.0076670317634173,0.0004202437413699,mutagenicity,environmental,0.545,model
solenoid,18.244249726177436,28,7,0.0076670317634173,0.0004202437413699,"solenoid, solenoidal, solenoids",environmental,0.575,model
purview,18.244249726177436,28,7,0.0076670317634173,0.0004202437413699,"purview, purviews",environmental,0.502,model
hydroxyethyl,18.244249726177436,28,7,0.0076670317634173,0.0004202437413699,hydroxyethyl,environmental,0.506,model
outfit,18.244249726177436,24,6,0.0065717415115005,0.0003602089211742,"outfit, outfits",environmental,0.52,model
udvikl,18.244249726177436,24,6,0.0065717415115005,0.0003602089211742,"udvikle, udvikler, udvikling, udviklings",environmental,0.576,model
nanoparticl,18.244249726177436,24,6,0.0065717415115005,0.0003602089211742,"nanoparticle, nanoparticles",environmental,0.664,model
aspirat,18.244249726177436,24,6,0.0065717415115005,0.0003602089211742,"aspirated, aspirating",environmental,0.511,model
silico-manganes,18.244249726177436,24,6,0.0065717415115005,0.0003602089211742,silico-manganese,environmental,0.509,model
sacu,18.244249726177436,24,6,0.0065717415115005,0.0003602089211742,sacu,environmental,0.709,model
counter-cycl,18.244249726177436,20,5,0.0054764512595837,0.0003001741009785,"counter-cyclic, counter-cyclical",environmental,0.561,model
front-lin,18.244249726177436,20,5,0.0054764512595837,0.0003001741009785,front-line,environmental,0.668,model
aqua,18.244249726177436,20,5,0.0054764512595837,0.0003001741009785,aqua,environmental,0.703,model
benzodioxol-5-yl,18.244249726177436,20,5,0.0054764512595837,0.0003001741009785,benzodioxol-5-yl,environmental,0.617,model
euaa,18.244249726177436,20,5,0.0054764512595837,0.0003001741009785,euaa,environmental,0.596,model
chloromethyl,18.244249726177436,20,5,0.0054764512595837,0.0003001741009785,chloromethyl,environmental,0.576,model
reactor,18.11140324758877,409,103,0.1119934282584885,0.0061835864801584,"reactor, reactores, reactors",environmental,0.59,model
biochem,18.101716525191677,127,32,0.034775465498357,0.0019211142462628,"biochem, biochemical, biochemicals",environmental,0.699,model
sorbitol,18.081354639336567,111,28,0.03039430449069,0.0016809749654799,sorbitol,environmental,0.543,model
volatil,18.058083912645017,582,147,0.1593647316538883,0.0088251185687698,"volatile, volatiles, volatilities, volatilization, volatilize",environmental,0.639,model
spillov,18.05420545819642,95,24,0.026013143483023,0.0014408356846971,"spillov, spillover, spillovers",environmental,0.559,model
antarct,18.02705627705628,83,21,0.0227272727272727,0.0012607312241099,antarctic,environmental,0.928,model
controversy,18.00419380872773,75,19,0.0205366922234392,0.0011406615837185,controversy,environmental,0.601,model
residenti,18.00260403443999,596,151,0.1631982475355969,0.0090652578495527,"residenti, residential",environmental,0.616,model
acea,17.990857368869417,71,18,0.0194414019715224,0.0010806267635228,"acea, aceas",environmental,0.631,model
insecticid,17.967821700023237,130,33,0.0355969331872946,0.0019811490664585,"insecticidal, insecticide, insecticides",environmental,0.674,model
mosel,17.959183324205917,63,16,0.0172508214676889,0.0009605571231314,"mosel, moselle",environmental,0.55,model
refug,17.959183324205917,63,16,0.0172508214676889,0.0009605571231314,"refuge, refuges, refuging",environmental,0.797,model
exacerb,17.933268196753957,173,44,0.0473713033953997,0.0026415320886113,"exacerbate, exacerbates, exacerbation, exacerbations, exacerbators, exacerber",environmental,0.527,model
casino,17.918459552495698,55,14,0.0150602409638554,0.0008404874827399,"casino, casinos",environmental,0.517,model
rabbit,17.893398769904795,102,26,0.0279299014238773,0.0015609053250885,"rabbit, rabbits",environmental,0.799,model
emu,17.893398769904795,51,13,0.0139649507119386,0.0007804526625442,"emu, emus",environmental,0.586,model
poorer,17.87443385334951,145,37,0.0397042716319824,0.0022212883472414,poorer,environmental,0.581,model
peanut,17.84180304104117,133,34,0.0364184008762322,0.0020411838866542,"peanut, peanuts",environmental,0.578,model
wave,17.839639349185596,485,124,0.1328039430449069,0.0074443177042684,"wave, waves",environmental,0.566,model
archaeolog,17.829607686946133,129,33,0.0353231106243154,0.0019811490664585,archaeological,environmental,0.574,model
outre-m,17.788143483023,39,10,0.0106790799561883,0.0006003482019571,outre-mer,environmental,0.524,model
volcano,17.788143483023,39,10,0.0106790799561883,0.0006003482019571,"volcano, volcanoes, volcanos",environmental,0.805,model
anti-pollut,17.788143483023,39,10,0.0106790799561883,0.0006003482019571,"anti-polluting, anti-pollution",environmental,0.849,model
agrochem,17.788143483023,39,10,0.0106790799561883,0.0006003482019571,"agrochemical, agrochemicals",environmental,0.61,model
dredger,17.788143483023,39,10,0.0106790799561883,0.0006003482019571,"dredger, dredgers",environmental,0.735,model
inactivity,17.737465011561397,105,27,0.0287513691128148,0.0016209401452842,inactivity,environmental,0.635,model
rotor,17.737465011561397,70,18,0.0191675794085432,0.0010806267635228,"rotor, rotors",environmental,0.582,model
ernährung,17.737465011561397,35,9,0.0095837897042716,0.0005403133817614,"ernährung, ernährungs",environmental,0.506,model
penicillium,17.737465011561397,35,9,0.0095837897042716,0.0005403133817614,penicillium,environmental,0.696,model
radioisotop,17.737465011561397,35,9,0.0095837897042716,0.0005403133817614,"radioisotope, radioisotopes",environmental,0.636,model
wiener,17.737465011561397,35,9,0.0095837897042716,0.0005403133817614,wiener,environmental,0.514,model
eurelectr,17.737465011561397,35,9,0.0095837897042716,0.0005403133817614,eurelectric,environmental,0.627,model
terrestri,17.71389362948623,501,129,0.1371851040525739,0.007744491805247,"terrestri, terrestrial, terrestris",environmental,0.799,model
polyamid,17.674116922234393,217,56,0.0594194961664841,0.0033619499309599,"polyamide, polyamides",environmental,0.544,model
naturvårdsverket,17.674116922234393,31,8,0.0084884994523548,0.0004802785615657,"naturvårdsverket, naturvårdsverkets",environmental,0.979,model
kale,17.63610806863819,58,15,0.0158817086527929,0.0009005223029357,"kale, kales",environmental,0.684,model
trout,17.62228666733048,85,22,0.0232749178532311,0.0013207660443056,"trout, trouts",environmental,0.766,model
disast,17.61861726875321,873,226,0.2390470974808324,0.0135678693642312,"disast, disaste, disaster, disasters",environmental,0.521,model
olefin,17.59266937881396,54,14,0.0147864184008762,0.0008404874827399,"olefin, olefins",environmental,0.602,model
fria,17.59266937881396,27,7,0.0073932092004381,0.0004202437413699,fria,environmental,0.53,model
myriad,17.59266937881396,27,7,0.0073932092004381,0.0004202437413699,"myriad, myriade",environmental,0.516,model
bromomethyl,17.59266937881396,27,7,0.0073932092004381,0.0004202437413699,bromomethyl,environmental,0.54,model
displac,17.579094788243886,555,144,0.1519715224534501,0.0086450141081827,"displace, displaced, displacement, displacements, displaces, displacing",environmental,0.645,model
charger,17.56009036144578,77,20,0.0210843373493975,0.0012006964039142,"charger, chargers",environmental,0.501,model
monocarboxyl,17.54254781363215,100,26,0.0273822562979189,0.0015609053250885,monocarboxylic,environmental,0.516,model
radial,17.54254781363215,50,13,0.0136911281489594,0.0007804526625442,"radial, radiales",environmental,0.649,model
condiment,17.53158372124863,123,32,0.0336801752464403,0.0019211142462628,"condiment, condiments",environmental,0.534,model
berri,17.524081973828327,73,19,0.0199890470974808,0.0011406615837185,"berri, berries",environmental,0.636,model
molass,17.508594495283184,119,31,0.0325848849945235,0.0018610794260671,"molasse, molassed, molasses, molassic",environmental,0.662,model
umbrella,17.490355109393246,464,121,0.1270536692223439,0.0072642132436813,"umbrella, umbrellas",environmental,0.595,model
oilcak,17.484072654253378,46,12,0.0125958378970427,0.0007204178423485,"oilcake, oilcakes",environmental,0.597,model
triethanolamin,17.484072654253378,46,12,0.0125958378970427,0.0007204178423485,"triethanolamine, triethanolamines",environmental,0.617,model
numismat,17.484072654253378,23,6,0.0062979189485213,0.0003602089211742,numismatic,environmental,0.558,model
cultuur,17.484072654253378,23,6,0.0062979189485213,0.0003602089211742,cultuur,environmental,0.917,model
ferro-silico-manganes,17.484072654253378,23,6,0.0062979189485213,0.0003602089211742,ferro-silico-manganese,environmental,0.584,model
cinematography,17.484072654253378,23,6,0.0062979189485213,0.0003602089211742,cinematography,environmental,0.63,model
aprueba,17.484072654253378,23,6,0.0062979189485213,0.0003602089211742,aprueba,environmental,0.503,model
ecri,17.484072654253378,23,6,0.0062979189485213,0.0003602089211742,"ecri, ecris",environmental,0.947,model
saugo,17.484072654253378,23,6,0.0062979189485213,0.0003602089211742,saugos,environmental,0.602,model
ocal,17.484072654253378,23,6,0.0062979189485213,0.0003602089211742,"ocal, ocales",environmental,0.665,model
lilium,17.484072654253378,23,6,0.0062979189485213,0.0003602089211742,lilium,environmental,0.609,model
ethoxy,17.484072654253378,23,6,0.0062979189485213,0.0003602089211742,ethoxy,environmental,0.858,model
wetenschap,17.484072654253378,23,6,0.0062979189485213,0.0003602089211742,"wetenschap, wetenschaps",environmental,0.611,model
diversifi,17.463527327985158,425,111,0.1163745892661555,0.0066638650417242,"diversifi, diversified, diversifier, diversifiers, diversifies",environmental,0.52,model
buttermilk,17.439356355904906,130,34,0.0355969331872946,0.0020411838866542,buttermilk,environmental,0.563,model
bivalv,17.439356355904906,65,17,0.0177984665936473,0.0010205919433271,"bivalve, bivalves",environmental,0.682,model
molecul,17.41496564771483,126,33,0.0345016429353778,0.0019811490664585,"molecule, molecules",environmental,0.722,model
beekeep,17.414965647714826,42,11,0.0115005476451259,0.0006603830221528,"beekeeper, beekeepers, beekeeping",environmental,0.721,model
cola,17.414965647714826,42,11,0.0115005476451259,0.0006603830221528,"cola, colas",environmental,0.728,model
ferrou,17.404054015103473,145,38,0.0397042716319824,0.0022813231674371,ferrous,environmental,0.563,model
acrylonitrile-butadiene-styren,17.375475929692797,80,21,0.0219058050383351,0.0012607312241099,acrylonitrile-butadiene-styrene,environmental,0.518,model
caucasu,17.332037239868566,152,40,0.0416210295728368,0.0024013928078285,caucasus,environmental,0.527,model
unga,17.332037239868566,57,15,0.0156078860898138,0.0009005223029357,unga,environmental,0.575,model
dissip,17.332037239868566,57,15,0.0156078860898138,0.0009005223029357,"dissipate, dissipates, dissipation, dissipative, dissiper",environmental,0.557,model
combust,17.305849321601325,793,209,0.2171412924424972,0.0125472774209041,"combust, combustable, combusted, combustible, combustibles, combusting, combustion, combustions, combustive",environmental,0.55,model
ether,17.276751634637726,250,66,0.0684556407447973,0.003962298132917,"ether, ethering, ethers",environmental,0.549,model
tapioca,17.276751634637726,125,33,0.0342278203723986,0.0019811490664585,tapioca,environmental,0.56,model
forens,17.239269868379527,223,59,0.0610624315443592,0.003542054391547,"forense, forenses, forensic, forensics",environmental,0.572,model
tuna-lik,17.23068029694536,34,9,0.0093099671412924,0.0005403133817614,tuna-like,environmental,0.566,model
bale,17.23068029694536,34,9,0.0093099671412924,0.0005403133817614,"bale, bales",environmental,0.602,model
unbleach,17.191696857359506,98,26,0.0268346111719605,0.0015609053250885,unbleached,environmental,0.505,model
futuna,17.191696857359506,49,13,0.0134173055859802,0.0007804526625442,futuna,environmental,0.57,model
ovid,17.191696857359506,49,13,0.0134173055859802,0.0007804526625442,"ovid, ovide, ovided, oviders, ovides, oviding",environmental,0.573,model
shoe,17.176767029433012,177,47,0.0484665936473165,0.0028216365491985,"shoe, shoeing, shoes",environmental,0.53,model
fertil,17.173796298366003,369,98,0.1010405257393209,0.0058834123791799,"fertil, fertile, fertilization, fertilize, fertilizer, fertilizers",environmental,0.722,model
bladder,17.171058565814057,64,17,0.0175246440306681,0.0010205919433271,"bladder, bladders",environmental,0.525,model
transplant,17.15828248057164,158,42,0.0432639649507119,0.0025214624482199,"transplant, transplantable, transplantants, transplantation, transplantations, transplanted, transplanters, transplanting, transplants",environmental,0.557,model
oxidis,17.14959474260679,94,25,0.0257393209200438,0.0015008705048928,"oxidisable, oxidisables, oxidisation, oxidise, oxidised, oxidiser, oxidisers, oxidises, oxidising",environmental,0.594,model
forag,17.138537621560623,124,33,0.0339539978094194,0.0019811490664585,"forage, forages, foraging",environmental,0.92,model
north-east,17.134802107693673,139,37,0.0380613362541073,0.0022212883472414,north-east,environmental,0.532,model
groundnut,17.103984118291347,90,24,0.024644030668127,0.0014408356846971,"groundnut, groundnuts",environmental,0.65,model
decontaminat,17.103984118291347,30,8,0.0082146768893756,0.0004802785615657,"decontaminat, decontaminated, decontaminating",environmental,0.722,model
computer-bas,17.103984118291347,30,8,0.0082146768893756,0.0004802785615657,computer-based,environmental,0.531,model
grevena,17.103984118291347,30,8,0.0082146768893756,0.0004802785615657,grevena,environmental,0.679,model
ectiv,17.103984118291347,30,8,0.0082146768893756,0.0004802785615657,"ective, ectiveness, ectives",environmental,0.621,model
cheme,17.103984118291347,30,8,0.0082146768893756,0.0004802785615657,"cheme, chemes",environmental,0.517,model
mirex,17.103984118291347,30,8,0.0082146768893756,0.0004802785615657,mirex,environmental,0.678,model
newspap,17.04968575601106,314,84,0.0859802847754655,0.0050429248964399,"newspaper, newspapers",environmental,0.543,model
dioxid,17.0323732347043,773,207,0.2116648411829134,0.0124272077805126,"dioxid, dioxide, dioxides",environmental,0.753,model
mead,17.00032360848352,41,11,0.0112267250821467,0.0006603830221528,"mead, meade, meads",environmental,0.558,model
morphology,16.97728793963734,67,18,0.0183461117196056,0.0010806267635228,morphology,environmental,0.551,model
anguilla,16.967152245345016,93,25,0.0254654983570646,0.0015008705048928,anguilla,environmental,0.511,model
trollei,16.941089031450478,52,14,0.0142387732749178,0.0008404874827399,"trolley, trolleys",environmental,0.525,model
ocha,16.941089031450478,26,7,0.0071193866374589,0.0004202437413699,ocha,environmental,0.652,model
hunter,16.941089031450478,26,7,0.0071193866374589,0.0004202437413699,"hunter, hunters",environmental,0.811,model
chrysanthemum,16.941089031450478,26,7,0.0071193866374589,0.0004202437413699,"chrysanthemum, chrysanthemums",environmental,0.646,model
waste-relat,16.941089031450478,26,7,0.0071193866374589,0.0004202437413699,waste-related,environmental,0.741,model
airfram,16.941089031450478,26,7,0.0071193866374589,0.0004202437413699,"airframe, airframes",environmental,0.504,model
excret,16.941089031450478,26,7,0.0071193866374589,0.0004202437413699,"excrete, excreted, excreting, excretion, excretions",environmental,0.635,model
euei,16.941089031450478,26,7,0.0071193866374589,0.0004202437413699,euei,environmental,0.75,model
evelop,16.920070310567784,115,31,0.0314895947426067,0.0018610794260671,"evelop, eveloped, eveloping, evelopment, evelopments",environmental,0.571,model
microfin,16.87593099671413,74,20,0.02026286966046,0.0012006964039142,"microfinance, microfinances",environmental,0.51,model
renaiss,16.87593099671413,37,10,0.01013143483023,0.0006003482019571,renaissance,environmental,0.506,model
captur,16.84622292723664,964,261,0.2639649507119386,0.0156690880710812,"captur, capture, captured, capturent, captures, capturing",environmental,0.548,model
newer,16.840845901086865,96,26,0.0262869660460021,0.0015609053250885,newer,environmental,0.502,model
unshel,16.840845901086865,48,13,0.013143483023001,0.0007804526625442,"unshell, unshelled",environmental,0.536,model
leek,16.818917716319824,59,16,0.0161555312157721,0.0009605571231314,"leek, leeks",environmental,0.82,model
gase,16.816866878895567,1025,278,0.2806681270536692,0.0166896800144083,"gase, gases",environmental,0.834,model
iodin,16.803914221479214,70,19,0.0191675794085432,0.0011406615837185,iodine,environmental,0.583,model
rotect,16.793002588867868,81,22,0.0221796276013143,0.0013207660443056,"rotect, rotected, rotecting, rotection, rotects",environmental,0.686,model
lolium,16.72389558232932,33,9,0.0090361445783132,0.0005403133817614,lolium,environmental,0.505,model
phenotyp,16.72389558232932,33,9,0.0090361445783132,0.0005403133817614,"phenotype, phenotypes, phenotypic, phenotypical, phenotyping",environmental,0.593,model
cyprinu,16.72389558232932,33,9,0.0090361445783132,0.0005403133817614,cyprinus,environmental,0.761,model
ulat,16.72389558232932,33,9,0.0090361445783132,0.0005403133817614,"ulate, ulated, ulates, ulation, ulations, ulators",environmental,0.507,model
coriand,16.723895582329316,44,12,0.0120481927710843,0.0007204178423485,coriander,environmental,0.543,model
unrwa,16.723895582329316,44,12,0.0120481927710843,0.0007204178423485,unrwa,environmental,0.542,model
biaxially,16.723895582329316,22,6,0.0060240963855421,0.0003602089211742,biaxially,environmental,0.506,model
rmation,16.723895582329316,22,6,0.0060240963855421,0.0003602089211742,rmation,environmental,0.591,model
phenylacet,16.723895582329316,22,6,0.0060240963855421,0.0003602089211742,"phenylacetate, phenylacetic",environmental,0.614,model
cogeca,16.723895582329316,22,6,0.0060240963855421,0.0003602089211742,cogeca,environmental,0.884,model
honeycomb,16.723895582329316,22,6,0.0060240963855421,0.0003602089211742,"honeycomb, honeycombs",environmental,0.672,model
diamin,16.723895582329316,22,6,0.0060240963855421,0.0003602089211742,"diamin, diamine, diamines",environmental,0.6,model
methanol,16.671469577369038,106,29,0.029025191675794,0.0017410097856756,"methanol, methanolate, methanolic",environmental,0.605,model
pole,16.64787787513691,219,60,0.0599671412924424,0.0036020892117428,"pole, poles",environmental,0.64,model
milieu,16.64787787513691,73,20,0.0199890470974808,0.0012006964039142,milieu,environmental,0.552,model
acidifi,16.63446298563237,124,34,0.0339539978094194,0.0020411838866542,"acidified, acidifiers",environmental,0.627,model
aegean,16.61529885776874,153,42,0.0418948521358159,0.0025214624482199,aegean,environmental,0.931,model
kiwifruit,16.585681569252216,40,11,0.0109529025191675,0.0006603830221528,kiwifruit,environmental,0.689,model
embank,16.585681569252216,40,11,0.0109529025191675,0.0006603830221528,"embanked, embankment, embankments",environmental,0.755,model
re-esterifi,16.571860167944504,109,30,0.0298466593647316,0.0018010446058714,re-esterified,environmental,0.511,model
immunolog,16.571860167944504,109,30,0.0298466593647316,0.0018010446058714,"immunological, immunologicals",environmental,0.559,model
abund,16.563858304029516,276,76,0.0755750273822563,0.0045626463348742,"abundance, abundances, abundant",environmental,0.61,model
eafrd,16.556656626506022,363,100,0.0993975903614457,0.0060034820195713,eafrd,environmental,0.957,model
bottleneck,16.545647165464366,526,145,0.1440306681270536,0.0087050489283784,"bottleneck, bottlenecked, bottlenecks",environmental,0.537,model
unmanufactur,16.533851314348304,116,32,0.0317634173055859,0.0019211142462628,unmanufactured,environmental,0.55,model
prune,16.533851314348304,58,16,0.0158817086527929,0.0009605571231314,"prune, prunes",environmental,0.718,model
plantain,16.533851314348304,58,16,0.0158817086527929,0.0009605571231314,"plantain, plantains",environmental,0.703,model
harrow,16.533851314348304,29,8,0.0079408543263964,0.0004802785615657,"harrow, harrowed, harrower, harrowing, harrows",environmental,0.774,model
mason,16.533851314348304,29,8,0.0079408543263964,0.0004802785615657,"mason, masons",environmental,0.541,model
compressor,16.521181696482902,163,45,0.0446330777656078,0.0027015669088071,"compressor, compressores, compressors",environmental,0.551,model
antiqu,16.48999494481422,141,39,0.0386089813800657,0.0023413579876328,"antique, antiques, antiquities",environmental,0.5,model
antimicrobi,16.483839664879614,206,57,0.056407447973713,0.0034219847511556,"antimicrobial, antimicrobials",environmental,0.619,model
lupin,16.4705032250213,65,18,0.0177984665936473,0.0010806267635228,"lupin, lupine, lupines, lupins",environmental,0.596,model
exacerbat,16.437036309905142,382,106,0.1046002190580503,0.0063636909407456,"exacerbat, exacerbated, exacerbating",environmental,0.51,model
thermoplast,16.419824753559695,126,35,0.0345016429353778,0.0021012187068499,"thermoplastic, thermoplastics",environmental,0.54,model
export-ori,16.419824753559695,72,20,0.0197152245345016,0.0012006964039142,export-oriented,environmental,0.591,model
impoverish,16.419824753559695,36,10,0.0098576122672508,0.0006003482019571,"impoverished, impoverishment",environmental,0.53,model
sloe,16.41982475355969,54,15,0.0147864184008762,0.0009005223029357,"sloe, sloes",environmental,0.674,model
cablewai,16.41982475355969,54,15,0.0147864184008762,0.0009005223029357,"cableway, cableways",environmental,0.53,model
eca,16.40041597725525,169,47,0.046276013143483,0.0028216365491985,"eca, ecas",environmental,0.951,model
spiritu,16.398105408647577,151,42,0.0413472070098576,0.0025214624482199,"spiritual, spirituous, spiritus",environmental,0.514,model
metro,16.366165195541523,122,34,0.0334063526834611,0.0020411838866542,"metro, metros",environmental,0.599,model
bandag,16.34380704636729,43,12,0.0117743702081051,0.0007204178423485,"bandage, bandages, bandaging",environmental,0.523,model
taro,16.34380704636729,43,12,0.0117743702081051,0.0007204178423485,"taro, taros",environmental,0.608,model
in-flight,16.34380704636729,43,12,0.0117743702081051,0.0007204178423485,in-flight,environmental,0.586,model
colza,16.32380238657981,68,19,0.0186199342825848,0.0011406615837185,colza,environmental,0.767,model
terpen,16.3145694666779,93,26,0.0254654983570646,0.0015609053250885,"terpene, terpenes, terpenic",environmental,0.768,model
epoxid,16.289508684086996,75,21,0.0205366922234392,0.0012607312241099,"epoxid, epoxide, epoxides",environmental,0.615,model
frontlin,16.289508684086996,50,14,0.0136911281489594,0.0008404874827399,"frontline, frontliner, frontlines",environmental,0.711,model
pimenta,16.289508684086996,50,14,0.0136911281489594,0.0008404874827399,pimenta,environmental,0.551,model
inpati,16.289508684086996,25,7,0.0068455640744797,0.0004202437413699,"inpatient, inpatients",environmental,0.534,model
ephedrin,16.289508684086996,25,7,0.0068455640744797,0.0004202437413699,"ephedrine, ephedrines",environmental,0.573,model
raincoat,16.289508684086996,25,7,0.0068455640744797,0.0004202437413699,raincoats,environmental,0.706,model
reactivity,16.289508684086996,25,7,0.0068455640744797,0.0004202437413699,reactivity,environmental,0.54,model
blanket,16.27948437105064,232,65,0.0635268346111719,0.0039022633127213,"blanket, blankets",environmental,0.55,model
fertilis,16.262359502946854,599,168,0.1640197152245345,0.0100858497928798,"fertilisation, fertilisations, fertilise, fertilised, fertiliser, fertilisers, fertilising",environmental,0.877,model
anhydrid,16.237382256297916,178,50,0.0487404162102957,0.0030017410097856,"anhydride, anhydrides",environmental,0.648,model
weav,16.232016300496102,121,34,0.0331325301204819,0.0020411838866542,"weave, weaves, weaving",environmental,0.581,model
adjac,16.228896558750858,459,129,0.1256845564074479,0.007744491805247,"adjacent, adjacents",environmental,0.575,model
crystal,16.217110867713277,160,45,0.0438116100766703,0.0027015669088071,"crystal, crystallization, crystallize, crystallizes, crystals",environmental,0.569,model
dolomit,16.217110867713277,96,27,0.0262869660460021,0.0016209401452842,"dolomit, dolomite, dolomites, dolomitic",environmental,0.761,model
turbul,16.217110867713277,64,18,0.0175246440306681,0.0010806267635228,"turbulence, turbulences, turbulent",environmental,0.527,model
uncommon,16.217110867713277,64,18,0.0175246440306681,0.0010806267635228,uncommon,environmental,0.56,model
swordfish,16.217110867713277,64,18,0.0175246440306681,0.0010806267635228,"swordfish, swordfishing",environmental,0.559,model
depositor,16.217110867713277,64,18,0.0175246440306681,0.0010806267635228,"depositor, depositors",environmental,0.742,model
ecotoxicology,16.217110867713277,32,9,0.008762322015334,0.0005403133817614,ecotoxicology,environmental,0.998,model
azalea,16.217110867713277,32,9,0.008762322015334,0.0005403133817614,"azalea, azaleas",environmental,0.884,model
landscap,16.209034617281148,892,251,0.244249726177437,0.015068739869124,"landscap, landscape, landscaped, landscaper, landscapes, landscaping",environmental,0.642,model
polystyren,16.191771631982476,71,20,0.0194414019715224,0.0012006964039142,polystyrene,environmental,0.534,model
cumin,16.17103953002091,39,11,0.0106790799561883,0.0006603830221528,"cumin, cuminic",environmental,0.536,model
manhol,16.17103953002091,39,11,0.0106790799561883,0.0006603830221528,"manhole, manholes",environmental,0.667,model
peninsula,16.10625171139102,113,32,0.0309419496166484,0.0019211142462628,"peninsula, peninsulas",environmental,0.682,model
bio,16.07231523496584,222,63,0.06078860898138,0.0037821936723299,"bio, bios",environmental,0.644,model
corrugat,16.06287204152579,81,23,0.0221796276013143,0.0013808008645014,"corrugated, corrugating",environmental,0.663,model
biennial,16.04818262950793,190,54,0.052026286966046,0.0032418802905685,"biennial, biennials",environmental,0.625,model
endem,16.04818262950793,95,27,0.026013143483023,0.0016209401452842,"endemic, endemism, endemisms",environmental,0.612,model
hazard,16.037681684970842,1301,370,0.3562431544359255,0.022212883472414,"hazard, hazardouness, hazardous, hazardousness, hazards",environmental,0.528,model
precipit,16.002371581859023,207,59,0.0566812705366922,0.003542054391547,"precipitate, precipitates, precipitation, precipitations, precipitator, precipitators, precipitous",environmental,0.828,model
aerospac,15.96371851040526,161,46,0.0440854326396495,0.0027616017290028,aerospace,environmental,0.667,model
inflow,15.963718510405258,357,102,0.0977546549835706,0.0061235516599627,"inflow, inflowing, inflows",environmental,0.604,model
equin,15.963718510405258,98,28,0.0268346111719605,0.0016809749654799,"equine, equines",environmental,0.63,model
sarda,15.963718510405258,49,14,0.0134173055859802,0.0008404874827399,"sarda, sardas",environmental,0.514,model
tuscany,15.963718510405258,49,14,0.0134173055859802,0.0008404874827399,tuscany,environmental,0.503,model
upholstery,15.963718510405258,28,8,0.0076670317634173,0.0004802785615657,upholstery,environmental,0.541,model
surimi,15.963718510405258,28,8,0.0076670317634173,0.0004802785615657,surimi,environmental,0.602,model
biomark,15.963718510405258,28,8,0.0076670317634173,0.0004802785615657,"biomarker, biomarkers",environmental,0.797,model
microelectron,15.963718510405256,70,20,0.0191675794085432,0.0012006964039142,"microelectronic, microelectronics",environmental,0.547,model
technology-relat,15.963718510405256,35,10,0.0095837897042716,0.0006003482019571,technology-related,environmental,0.573,model
mortadella,15.963718510405256,35,10,0.0095837897042716,0.0006003482019571,"mortadella, mortadellas",environmental,0.527,model
replant,15.963718510405256,35,10,0.0095837897042716,0.0006003482019571,"replant, replanted, replanting, replantings",environmental,0.868,model
spumant,15.963718510405256,21,6,0.0057502738225629,0.0003602089211742,spumante,environmental,0.572,model
outubro,15.963718510405256,21,6,0.0057502738225629,0.0003602089211742,outubro,environmental,0.668,model
paveldo,15.963718510405256,21,6,0.0057502738225629,0.0003602089211742,paveldo,environmental,0.624,model
foetal,15.963718510405256,21,6,0.0057502738225629,0.0003602089211742,"foetal, foetales",environmental,0.643,model
wine-mak,15.963718510405256,21,6,0.0057502738225629,0.0003602089211742,"wine-maker, wine-making",environmental,0.577,model
sub-saharan,15.915196569644149,164,47,0.044906900328587,0.0028216365491985,sub-saharan,environmental,0.648,model
fluoresc,15.894611503866708,115,33,0.0314895947426067,0.0019811490664585,"fluoresce, fluorescence, fluorescent, fluorescents, fluorescing",environmental,0.606,model
melon,15.86869637641475,167,48,0.0457283680175246,0.0028816713693942,"melon, melone, melones, melons",environmental,0.578,model
mathemat,15.849691949616648,278,80,0.0761226725082146,0.004802785615657,"mathematical, mathematics",environmental,0.535,model
eurasian,15.843690551680403,66,19,0.0180722891566265,0.0011406615837185,eurasian,environmental,0.751,model
quinc,15.829569615359835,59,17,0.0161555312157721,0.0010205919433271,"quince, quinces",environmental,0.557,model
spillag,15.829569615359835,59,17,0.0161555312157721,0.0010205919433271,"spillage, spillages",environmental,0.694,model
eurom,15.821185309419498,111,32,0.03039430449069,0.0019211142462628,"eurom, euromed",environmental,0.673,model
rosa,15.811683096020444,52,15,0.0142387732749178,0.0009005223029357,rosa,environmental,0.668,model
underw,15.804611681397898,149,43,0.0407995618838992,0.0025814972684156,"underwate, underwent",environmental,0.878,model
communist,15.788293032268935,45,13,0.0123220153340635,0.0007804526625442,"communist, communiste, communists",environmental,0.508,model
bucket,15.788293032268935,45,13,0.0123220153340635,0.0007804526625442,"bucket, bucketing, buckets",environmental,0.535,model
proxi,15.788293032268935,45,13,0.0123220153340635,0.0007804526625442,"proxi, proxied, proxies",environmental,0.505,model
gourd,15.756397490789606,38,11,0.0104052573932092,0.0006603830221528,"gourd, gourde, gourdes, gourds",environmental,0.601,model
anis,15.756397490789606,38,11,0.0104052573932092,0.0006603830221528,"anisations, anise, anised, anisic",environmental,0.52,model
halibut,15.756397490789606,38,11,0.0104052573932092,0.0006603830221528,halibut,environmental,0.546,model
rain,15.7388774046249,245,71,0.0670865279299014,0.0042624722338956,"rain, rained, raining, rainings, rains",environmental,0.765,model
cutter,15.73566538882804,69,20,0.018893756845564,0.0012006964039142,"cutter, cutters",environmental,0.576,model
haemorrhag,15.710326153097238,31,9,0.0084884994523548,0.0005403133817614,"haemorrhage, haemorrhagic, haemorrhaging",environmental,0.546,model
pleuronect,15.710326153097238,31,9,0.0084884994523548,0.0005403133817614,pleuronectes,environmental,0.854,model
pollack,15.710326153097238,31,9,0.0084884994523548,0.0005403133817614,pollack,environmental,0.76,model
mutagen,15.690054764512595,86,25,0.0235487404162102,0.0015008705048928,"mutagen, mutagenic, mutagens",environmental,0.604,model
sub-categori,15.678652108433734,55,16,0.0150602409638554,0.0009605571231314,sub-categories,environmental,0.516,model
phosphit,15.678652108433734,55,16,0.0150602409638554,0.0009605571231314,"phosphite, phosphites",environmental,0.827,model
make-up,15.666257917043673,79,23,0.0216319824753559,0.0013808008645014,make-up,environmental,0.511,model
ethanol,15.657378496346308,230,67,0.0629791894852135,0.0040223329531128,"ethanol, ethanolate, ethanolic",environmental,0.585,model
rai,15.652736980981778,151,44,0.0413472070098576,0.0026415320886113,"rai, rais, ray, rays",environmental,0.548,model
unborn,15.637928336723515,24,7,0.0065717415115005,0.0004202437413699,unborn,environmental,0.585,model
geotextil,15.637928336723515,24,7,0.0065717415115005,0.0004202437413699,"geotextile, geotextiles",environmental,0.848,model
rolnictwa,15.637928336723515,24,7,0.0065717415115005,0.0004202437413699,rolnictwa,environmental,0.517,model
horseradish,15.637928336723515,24,7,0.0065717415115005,0.0004202437413699,"horseradish, horseradishes",environmental,0.594,model
informatio,15.637928336723515,24,7,0.0065717415115005,0.0004202437413699,informatio,environmental,0.509,model
evia,15.637928336723515,24,7,0.0065717415115005,0.0004202437413699,"evia, evias",environmental,0.572,model
steward,15.637928336723515,24,7,0.0065717415115005,0.0004202437413699,"steward, stewarding, stewards",environmental,0.591,model
architect,15.603634634230705,130,38,0.0355969331872946,0.0022813231674371,"architect, architecte, architectes, architecting, architects",environmental,0.503,model
monastery,15.583629974443229,41,12,0.0112267250821467,0.0007204178423485,monastery,environmental,0.504,model
coloni,15.583629974443229,41,12,0.0112267250821467,0.0007204178423485,"coloni, colonial, colonies",environmental,0.55,model
cava,15.583629974443229,41,12,0.0112267250821467,0.0007204178423485,cava,environmental,0.54,model
ministri,15.574872174075438,741,217,0.2029025191675794,0.0130275559824698,"ministri, ministries",environmental,0.517,model
unicef,15.561271825268992,116,34,0.0317634173055859,0.0020411838866542,unicef,environmental,0.736,model
biotechnology,15.551574314783782,283,83,0.0774917853231106,0.0049828900762442,biotechnology,environmental,0.679,model
deep-sea,15.54907647117395,75,22,0.0205366922234392,0.0013207660443056,deep-sea,environmental,0.733,model
mine,15.531203969482943,395,116,0.1081599123767798,0.0069640391427027,"mine, minee, mines",environmental,0.776,model
grei,15.507612267250822,306,90,0.0837897042716319,0.0054031338176142,"grey, greyed, greying, greys",environmental,0.585,model
celeriac,15.507612267250822,51,15,0.0139649507119386,0.0009005223029357,"celeriac, celeriacs",environmental,0.655,model
pecif,15.507612267250822,51,15,0.0139649507119386,0.0009005223029357,"pecif, pecific, pecifications, pecificities",environmental,0.538,model
alaska,15.507612267250822,51,15,0.0139649507119386,0.0009005223029357,alaska,environmental,0.511,model
trail,15.50761226725082,136,40,0.0372398685651697,0.0024013928078285,"trail, trailed, trailing, trails",environmental,0.623,model
cabbag,15.50761226725082,68,20,0.0186199342825848,0.0012006964039142,"cabbage, cabbages",environmental,0.689,model
hydrolys,15.50761226725082,34,10,0.0093099671412924,0.0006003482019571,"hydrolysable, hydrolysate, hydrolysates, hydrolysation, hydrolyse, hydrolysed, hydrolyses",environmental,0.634,model
ballist,15.50761226725082,34,10,0.0093099671412924,0.0006003482019571,"ballistic, ballistics",environmental,0.531,model
montenegrin,15.47503324988265,95,28,0.026013143483023,0.0016809749654799,"montenegrin, montenegrins",environmental,0.508,model
psycholog,15.456933795789215,244,72,0.0668127053669222,0.0043225070540913,psychological,environmental,0.516,model
raspberri,15.456933795789215,61,18,0.0167031763417305,0.0010806267635228,raspberries,environmental,0.764,model
paint,15.442967287906097,430,127,0.1177437020810514,0.0076244221648556,"paint, painted, painting, paintings, paints",environmental,0.51,model
obesity,15.437442075996294,88,26,0.0240963855421686,0.0015609053250885,obesity,environmental,0.503,model
falkland,15.437442075996294,44,13,0.0120481927710843,0.0007804526625442,"falkland, falklands",environmental,0.822,model
south-west,15.420734887602356,71,21,0.0194414019715224,0.0012607312241099,south-west,environmental,0.511,model
poverty,15.405221069807988,993,294,0.2719058050383351,0.0176502371375397,poverty,environmental,0.651,model
metabolit,15.393585706462211,54,16,0.0147864184008762,0.0009605571231314,"metabolite, metabolites",environmental,0.695,model
ealth,15.393585706462211,54,16,0.0147864184008762,0.0009605571231314,ealth,environmental,0.663,model
zoo,15.393585706462211,54,16,0.0147864184008762,0.0009605571231314,"zoo, zoos",environmental,0.625,model
unincorporat,15.393585706462211,27,8,0.0073932092004381,0.0004802785615657,unincorporated,environmental,0.514,model
bacteriolog,15.393585706462211,27,8,0.0073932092004381,0.0004802785615657,bacteriological,environmental,0.887,model
second-gener,15.393585706462211,27,8,0.0073932092004381,0.0004802785615657,second-generation,environmental,0.573,model
south-east,15.387320510814488,307,91,0.0840635268346111,0.0054631686378099,south-east,environmental,0.502,model
genom,15.380326804044932,145,43,0.0397042716319824,0.0025814972684156,"genom, genome, genomes, genomic, genomics",environmental,0.672,model
isom,15.377296197778126,118,35,0.0323110624315443,0.0021012187068499,"isom, isome, isomed, isomer, isomers",environmental,0.543,model
caledonia,15.363578716780998,64,19,0.0175246440306681,0.0011406615837185,caledonia,environmental,0.509,model
vesicular,15.3417554515583,37,11,0.01013143483023,0.0006603830221528,vesicular,environmental,0.614,model
south-eastern,15.312138163041777,141,42,0.0386089813800657,0.0025214624482199,south-eastern,environmental,0.512,model
discoveri,15.279559145673604,67,20,0.0183461117196056,0.0012006964039142,discoveries,environmental,0.6,model
turnip,15.279559145673604,67,20,0.0183461117196056,0.0012006964039142,"turnip, turnips",environmental,0.752,model
garag,15.269643792561553,77,23,0.0210843373493975,0.0013808008645014,"garage, garages, garaging",environmental,0.56,model
migratory,15.263753483782114,338,101,0.092552026286966,0.006063516839767,migratory,environmental,0.741,model
contin,15.2035414384812,450,135,0.1232201533406352,0.0081047007264213,"contin, contine, contined, continence, continent, continents, continers, continous",environmental,0.635,model
bottom-up,15.2035414384812,250,75,0.0684556407447973,0.0045026115146785,bottom-up,environmental,0.523,model
salina,15.2035414384812,30,9,0.0082146768893756,0.0005403133817614,"salina, salinas",environmental,0.649,model
lithograph,15.2035414384812,30,9,0.0082146768893756,0.0005403133817614,"lithograph, lithographed, lithographic, lithographs",environmental,0.503,model
macadamia,15.2035414384812,30,9,0.0082146768893756,0.0005403133817614,"macadamia, macadamias",environmental,0.804,model
terpeneless,15.203541438481196,80,24,0.0219058050383351,0.0014408356846971,terpeneless,environmental,0.514,model
sahel,15.203541438481196,70,21,0.0191675794085432,0.0012607312241099,sahel,environmental,0.609,model
eesc,15.203541438481196,70,21,0.0191675794085432,0.0012607312241099,eesc,environmental,0.791,model
mate,15.203541438481196,70,21,0.0191675794085432,0.0012607312241099,"mate, mates",environmental,0.51,model
cyber-security,15.203541438481196,50,15,0.0136911281489594,0.0009005223029357,cyber-security,environmental,0.516,model
wiki,15.203541438481196,40,12,0.0109529025191675,0.0007204178423485,"wiki, wikis",environmental,0.638,model
distant-wat,15.203541438481196,40,12,0.0109529025191675,0.0007204178423485,distant-water,environmental,0.738,model
faecal,15.203541438481196,40,12,0.0109529025191675,0.0007204178423485,faecal,environmental,0.793,model
pefa,15.203541438481196,40,12,0.0109529025191675,0.0007204178423485,"pefa, pefas",environmental,0.604,model
dactyli,15.203541438481196,20,6,0.0054764512595837,0.0003602089211742,dactylis,environmental,0.623,model
nototodaru,15.203541438481196,20,6,0.0054764512595837,0.0003602089211742,nototodarus,environmental,0.537,model
sepioteuthi,15.203541438481196,20,6,0.0054764512595837,0.0003602089211742,sepioteuthis,environmental,0.601,model
fthiotida,15.203541438481196,20,6,0.0054764512595837,0.0003602089211742,"fthiotida, fthiotidas",environmental,0.63,model
hi-tech,15.203541438481196,20,6,0.0054764512595837,0.0003602089211742,hi-tech,environmental,0.597,model
encircl,15.203541438481196,20,6,0.0054764512595837,0.0003602089211742,"encircle, encircled, encirclement, encircling",environmental,0.556,model
meteorolog,15.184296449318564,263,79,0.0720153340635268,0.0047427507954613,meteorological,environmental,0.915,model
cruis,15.170490261441024,153,46,0.0418948521358159,0.0027616017290028,"cruise, cruises, cruising",environmental,0.559,model
gauz,15.16245078594476,123,37,0.0336801752464403,0.0022212883472414,"gauze, gauzes",environmental,0.685,model
sleep,15.146169583996365,176,53,0.0481927710843373,0.0031818454703728,"sleep, sleeping, sleeps",environmental,0.535,model
amus,15.134434431942646,73,22,0.0199890470974808,0.0013207660443056,"amusement, amusements",environmental,0.505,model
fluid,15.111398763096464,328,99,0.0898138006571741,0.0059434471993756,"fluid, fluide, fluids",environmental,0.635,model
pioneer,15.096474245252455,235,71,0.0643483023001095,0.0042624722338956,"pioneer, pioneered, pioneering, pioneers",environmental,0.564,model
rapex,15.086591119723652,86,26,0.0235487404162102,0.0015609053250885,rapex,environmental,0.796,model
reprocess,15.08659111972365,129,39,0.0353231106243154,0.0023413579876328,"reprocess, reprocessed, reprocesses, reprocessing",environmental,0.59,model
product-specif,15.076845259827188,119,36,0.0325848849945235,0.0021612535270456,product-specific,environmental,0.614,model
villag,15.066880391843164,294,89,0.0805038335158817,0.0053430989974185,"village, villager, villagers, villages",environmental,0.691,model
vulgari,15.051506024096383,66,20,0.0180722891566265,0.0012006964039142,vulgaris,environmental,0.541,model
ccu,15.051506024096383,33,10,0.0090361445783132,0.0006003482019571,"ccu, ccus",environmental,1.0,known_acronym
viestintävirasto,15.051506024096383,33,10,0.0090361445783132,0.0006003482019571,viestintävirasto,environmental,0.509,model
entsog,15.051506024096383,33,10,0.0090361445783132,0.0006003482019571,entsog,environmental,0.845,model
residency,15.034613200275851,89,27,0.0243702081051478,0.0016209401452842,residency,environmental,0.507,model
vineyard,15.03077392213482,145,44,0.0397042716319824,0.0026415320886113,"vineyard, vineyards",environmental,0.645,model
contamin,15.027500432351417,626,190,0.1714129244249726,0.0114066158371855,"contaminant, contaminants, contaminate, contaminates, contamination, contaminations, contamined",environmental,0.68,model
radiolog,15.021098941219424,247,75,0.0676341730558598,0.0045026115146785,"radiologic, radiological",environmental,0.553,model
genu,15.01642092846912,214,65,0.0585980284775465,0.0039022633127213,"genu, genus",environmental,0.675,model
surgeon,14.986347989360038,69,21,0.018893756845564,0.0012607312241099,"surgeon, surgeons",environmental,0.542,model
scomber,14.986347989360038,46,14,0.0125958378970427,0.0008404874827399,scomber,environmental,0.654,model
eunomia,14.986347989360038,46,14,0.0125958378970427,0.0008404874827399,eunomia,environmental,0.702,model
hydro-treat,14.986347989360038,23,7,0.0062979189485213,0.0004202437413699,"hydro-treated, hydro-treating, hydro-treatment",environmental,0.76,model
festuca,14.986347989360038,23,7,0.0062979189485213,0.0004202437413699,festuca,environmental,0.597,model
gora,14.986347989360038,23,7,0.0062979189485213,0.0004202437413699,gora,environmental,0.623,model
culturali,14.986347989360038,23,7,0.0062979189485213,0.0004202437413699,culturali,environmental,0.732,model
airflow,14.986347989360038,23,7,0.0062979189485213,0.0004202437413699,"airflow, airflows",environmental,0.822,model
copper,14.967993613377969,466,142,0.1276013143483023,0.0085249444677913,"copper, copperation, coppers",environmental,0.608,model
phenomena,14.960284775465498,328,100,0.0898138006571741,0.0060034820195713,phenomena,environmental,0.679,model
spore,14.950149081173178,59,18,0.0161555312157721,0.0010806267635228,"spore, spores",environmental,0.855,model
cross-country,14.941411413679798,95,29,0.026013143483023,0.0017410097856756,cross-country,environmental,0.588,model
cancer,14.93852557854437,357,109,0.0977546549835706,0.0065437954013327,"cancer, cancerous, cancers",environmental,0.547,model
toxic,14.927113412326996,504,154,0.1380065717415115,0.0092453623101398,"toxic, toxicant, toxicants, toxication, toxice, toxicities, toxics",environmental,0.691,model
risen,14.927113412326996,288,88,0.0788608981380065,0.0052830641772227,risen,environmental,0.535,model
spectacl,14.927113412326996,144,44,0.0394304490690032,0.0026415320886113,"spectacle, spectacled, spectacles",environmental,0.556,model
lakonia,14.927113412326996,36,11,0.0098576122672508,0.0006603830221528,"lakonia, lakonias",environmental,0.625,model
arid,14.927113412326996,36,11,0.0098576122672508,0.0006603830221528,"arid, aride",environmental,0.573,model
femip,14.927113412326996,36,11,0.0098576122672508,0.0006603830221528,femip,environmental,0.634,model
crawfish,14.927113412326996,36,11,0.0098576122672508,0.0006603830221528,crawfish,environmental,0.79,model
revolut,14.922606433639698,301,92,0.082420591456736,0.0055232034580056,"revolution, revolutions",environmental,0.505,model
ecfin,14.906886971388882,134,41,0.0366922234392113,0.0024614276280242,ecfin,environmental,0.891,model
plagu,14.899470609711573,49,15,0.0134173055859802,0.0009005223029357,"plague, plagued, plagues, plaguing",environmental,0.566,model
socio-econom,14.878405461935364,1083,332,0.2965498357064622,0.0199315603049768,"socio-economic, socio-economical, socio-economics",environmental,0.608,model
econometr,14.873029668079432,75,23,0.0205366922234392,0.0013808008645014,"econometric, econometrical, econometrics",environmental,0.825,model
radar,14.838656443957648,244,75,0.0668127053669222,0.0045026115146785,"radar, radars",environmental,0.591,model
landbrug,14.823452902519168,26,8,0.0071193866374589,0.0004802785615657,"landbrug, landbrugs",environmental,0.801,model
neighbor,14.823452902519168,26,8,0.0071193866374589,0.0004802785615657,"neighboring, neighbors",environmental,0.619,model
erac,14.823452902519168,26,8,0.0071193866374589,0.0004802785615657,erac,environmental,0.636,model
colony,14.823452902519168,26,8,0.0071193866374589,0.0004802785615657,colony,environmental,0.778,model
pella,14.823452902519168,26,8,0.0071193866374589,0.0004802785615657,"pella, pellas",environmental,0.579,model
saver,14.823452902519168,26,8,0.0071193866374589,0.0004802785615657,"saver, savers",environmental,0.511,model
cardoon,14.823452902519168,26,8,0.0071193866374589,0.0004802785615657,"cardoon, cardoons",environmental,0.632,model
neonat,14.823452902519168,26,8,0.0071193866374589,0.0004802785615657,"neonatal, neonate, neonates",environmental,0.577,model
minimally,14.823452902519168,26,8,0.0071193866374589,0.0004802785615657,minimally,environmental,0.511,model
mineral,14.823452902519168,26,8,0.0071193866374589,0.0004802785615657,"minerale, minerales",environmental,0.71,model
oecd-dac,14.823452902519168,26,8,0.0071193866374589,0.0004802785615657,oecd-dac,environmental,0.733,model
murfatlar,14.823452902519168,26,8,0.0071193866374589,0.0004802785615657,murfatlar,environmental,0.575,model
artemi,14.823452902519168,39,12,0.0106790799561883,0.0007204178423485,artemis,environmental,0.673,model
ec-fund,14.823452902519168,39,12,0.0106790799561883,0.0007204178423485,"ec-funded, ec-funding, ec-funds",environmental,0.968,model
curat,14.823452902519168,39,12,0.0106790799561883,0.0007204178423485,"curate, curated, curating, curation, curator, curators",environmental,0.576,model
direc,14.823452902519168,39,12,0.0106790799561883,0.0007204178423485,"direc, direcive",environmental,0.568,model
health-relat,14.807832825698812,237,73,0.0648959474260679,0.004382541874287,health-related,environmental,0.593,model
safety-relat,14.79263491311684,120,37,0.0328587075575027,0.0022212883472414,safety-related,environmental,0.534,model
diesel,14.78320823400554,551,170,0.1508762322015334,0.0102059194332712,"diesel, diesels",environmental,0.59,model
eritrea,14.769154540238876,68,21,0.0186199342825848,0.0012607312241099,eritrea,environmental,0.712,model
oncorhynchu,14.756378454996456,55,17,0.0150602409638554,0.0010205919433271,oncorhynchus,environmental,0.501,model
nanoelectron,14.756378454996456,55,17,0.0150602409638554,0.0010205919433271,"nanoelectronic, nanoelectronics",environmental,0.547,model
redcurr,14.735740163451004,42,13,0.0115005476451259,0.0007804526625442,"redcurrant, redcurrants",environmental,0.659,model
lentil,14.69675672386516,58,18,0.0158817086527929,0.0010806267635228,"lentil, lentille, lentilles, lentils",environmental,0.617,model
magnetis,14.69675672386516,29,9,0.0079408543263964,0.0005403133817614,"magnetisable, magnetisation, magnetised",environmental,0.531,model
chromatograph,14.69675672386516,29,9,0.0079408543263964,0.0005403133817614,"chromatograph, chromatographic, chromatographs",environmental,0.665,model
ruse,14.69675672386516,29,9,0.0079408543263964,0.0005403133817614,ruse,environmental,0.516,model
dental,14.682872211135953,235,73,0.0643483023001095,0.004382541874287,"dental, dentales",environmental,0.56,model
swine,14.674722605838374,296,92,0.08105147864184,0.0055232034580056,swine,environmental,0.64,model
zoonos,14.674722605838374,74,23,0.02026286966046,0.0013808008645014,"zoonose, zoonoses",environmental,0.507,model
axe,14.671417488134356,193,60,0.0528477546549835,0.0036020892117428,"axe, axes",environmental,0.607,model
diamond,14.669362955507532,119,37,0.0325848849945235,0.0022212883472414,"diamond, diamonds",environmental,0.52,model
firework,14.6605578156783,45,14,0.0123220153340635,0.0008404874827399,"firework, fireworks",environmental,0.515,model
japonicu,14.6605578156783,45,14,0.0123220153340635,0.0008404874827399,japonicus,environmental,0.66,model
allergen,14.6605578156783,45,14,0.0123220153340635,0.0008404874827399,"allergen, allergenic, allergens",environmental,0.612,model
cut-off,14.59539978094195,208,65,0.0569550930996714,0.0039022633127213,"cut-off, cut-offs",environmental,0.525,model
telemedicin,14.595399780941948,80,25,0.0219058050383351,0.0015008705048928,telemedicine,environmental,0.539,model
blackberri,14.595399780941948,48,15,0.013143483023001,0.0009005223029357,blackberries,environmental,0.736,model
poverty-relat,14.595399780941948,32,10,0.008762322015334,0.0006003482019571,poverty-related,environmental,0.504,model
witloof,14.595399780941948,32,10,0.008762322015334,0.0006003482019571,"witloof, witloofs",environmental,0.54,model
tree,14.568570001932866,543,170,0.1486856516976999,0.0102059194332712,"tree, trees",environmental,0.926,model
washer,14.551961091117718,67,21,0.0183461117196056,0.0012607312241099,"washer, washers",environmental,0.54,model
delin,14.548216376477695,185,58,0.05065717415115,0.0034820195713513,"delin, delineable, delineate, delineates, delineation, delineations, delineator, delines",environmental,0.565,model
nurseri,14.538386500547649,51,16,0.0139649507119386,0.0009605571231314,nurseries,environmental,0.628,model
precursor,14.533554866615924,376,118,0.1029572836801752,0.0070841087830941,"precursor, precursores, precursors",environmental,0.626,model
bromid,14.512471373095687,70,22,0.0191675794085432,0.0013207660443056,"bromide, bromides",environmental,0.559,model
orchid,14.512471373095687,35,11,0.0095837897042716,0.0006603830221528,"orchid, orchids",environmental,0.753,model
polysulphid,14.512471373095687,35,11,0.0095837897042716,0.0006603830221528,"polysulphide, polysulphides",environmental,0.766,model
reagent,14.497662728837428,178,56,0.0487404162102957,0.0033619499309599,"reagent, reagents",environmental,0.561,model
devco,14.488080664905612,54,17,0.0147864184008762,0.0010205919433271,devco,environmental,0.557,model
beetroot,14.488080664905612,54,17,0.0147864184008762,0.0010205919433271,"beetroot, beetroots",environmental,0.821,model
fume,14.476415543597314,73,23,0.0199890470974808,0.0013808008645014,"fume, fumes",environmental,0.635,model
subregion,14.476415543597314,73,23,0.0199890470974808,0.0013808008645014,"subregional, subregiones",environmental,0.607,model
groundwork,14.476415543597314,73,23,0.0199890470974808,0.0013808008645014,"groundwork, groundworks",environmental,0.531,model
wafer,14.469577369037276,184,58,0.0503833515881708,0.0034820195713513,"wafer, wafers",environmental,0.55,model
viticultur,14.44336436655714,57,18,0.0156078860898138,0.0010806267635228,"viticultural, viticulture",environmental,0.638,model
piemont,14.44336436655714,57,18,0.0156078860898138,0.0010806267635228,"piemont, piemonte",environmental,0.685,model
scombru,14.443364366557136,38,12,0.0104052573932092,0.0007204178423485,scombrus,environmental,0.646,model
axi,14.433741871975824,250,79,0.0684556407447973,0.0047427507954613,"axi, axis",environmental,0.541,model
garda,14.384889207178365,41,13,0.0112267250821467,0.0007804526625442,garda,environmental,0.782,model
mulberri,14.384889207178365,41,13,0.0112267250821467,0.0007804526625442,mulberries,environmental,0.76,model
maternity,14.374257360018587,104,33,0.0284775465498357,0.0019811490664585,maternity,environmental,0.549,model
electrotechn,14.371649548451096,167,53,0.0457283680175246,0.0031818454703728,"electrotechnical, electrotechnics",environmental,0.57,model
reclaim,14.35393176986019,107,34,0.0292990142387732,0.0020411838866542,"reclaim, reclaimable, reclaimed, reclaiming, reclaims",environmental,0.51,model
biogen,14.334767641996558,44,14,0.0120481927710843,0.0008404874827399,"biogen, biogenic",environmental,0.967,model
ero,14.334767641996558,44,14,0.0120481927710843,0.0008404874827399,"ero, eros",environmental,0.532,model
pecan,14.334767641996558,22,7,0.0060240963855421,0.0004202437413699,"pecan, pecans",environmental,0.644,model
kinder,14.334767641996558,22,7,0.0060240963855421,0.0004202437413699,kinder,environmental,0.501,model
recueil,14.334767641996558,22,7,0.0060240963855421,0.0004202437413699,"recueil, recueillent",environmental,0.605,model
cadiz,14.334767641996558,22,7,0.0060240963855421,0.0004202437413699,cadiz,environmental,0.521,model
psychology,14.334767641996558,22,7,0.0060240963855421,0.0004202437413699,psychology,environmental,0.528,model
pregnanc,14.334767641996558,22,7,0.0060240963855421,0.0004202437413699,pregnancies,environmental,0.536,model
biennially,14.334767641996558,22,7,0.0060240963855421,0.0004202437413699,biennially,environmental,0.614,model
boca,14.334767641996558,22,7,0.0060240963855421,0.0004202437413699,"boca, bocas",environmental,0.519,model
bioethanol,14.334767641996557,66,21,0.0180722891566265,0.0012607312241099,bioethanol,environmental,0.802,model
vector,14.312299354156435,182,58,0.0498357064622124,0.0034820195713513,"vector, vectoring, vectors",environmental,0.626,model
mollusc,14.302590834719348,254,81,0.0695509309967141,0.0048628204358527,"mollusc, molluscs",environmental,0.646,model
telescop,14.299547082679611,116,37,0.0317634173055859,0.0022212883472414,"telescope, telescopes, telescopic, telescoping",environmental,0.643,model
sporad,14.278108481356258,72,23,0.0197152245345016,0.0013808008645014,"sporades, sporadic",environmental,0.567,model
lactos,14.274436128351793,169,54,0.046276013143483,0.0032418802905685,lactose,environmental,0.503,model
baixa,14.253320098576122,50,16,0.0136911281489594,0.0009605571231314,"baixa, baixas",environmental,0.507,model
diol,14.253320098576122,50,16,0.0136911281489594,0.0009605571231314,"diol, dioles, diols",environmental,0.724,model
re-introduct,14.253320098576122,25,8,0.0068455640744797,0.0004802785615657,"re-introduction, re-introductions",environmental,0.512,model
winemak,14.253320098576122,25,8,0.0068455640744797,0.0004802785615657,"winemaker, winemakers, winemaking",environmental,0.57,model
somontano,14.253320098576122,25,8,0.0068455640744797,0.0004802785615657,somontano,environmental,0.684,model
lefkada,14.253320098576122,25,8,0.0068455640744797,0.0004802785615657,"lefkada, lefkadas",environmental,0.551,model
sorbara,14.253320098576122,25,8,0.0068455640744797,0.0004802785615657,sorbara,environmental,0.631,model
dihydro,14.253320098576122,25,8,0.0068455640744797,0.0004802785615657,dihydro,environmental,0.542,model
soav,14.253320098576122,25,8,0.0068455640744797,0.0004802785615657,soave,environmental,0.614,model
fieldwork,14.253320098576122,25,8,0.0068455640744797,0.0004802785615657,fieldwork,environmental,0.928,model
cellulos,14.236043346941486,206,66,0.056407447973713,0.003962298132917,"cellulose, celluloses, cellulosic",environmental,0.835,model
enfleurag,14.2305147864184,78,25,0.0213581599123767,0.0015008705048928,enfleurage,environmental,0.647,model
budgpedia,14.219782874814769,53,17,0.014512595837897,0.0010205919433271,budgpedia,environmental,0.539,model
cepa,14.219782874814769,53,17,0.014512595837897,0.0010205919433271,"cepa, cepae, cepas",environmental,0.684,model
remotely,14.20148984367221,137,44,0.0375136911281489,0.0026415320886113,remotely,environmental,0.506,model
glycerol,14.189972009249118,112,36,0.0306681270536692,0.0021612535270456,glycerol,environmental,0.597,model
ice-cream,14.189972009249118,28,9,0.0076670317634173,0.0005403133817614,"ice-cream, ice-creams",environmental,0.531,model
deep-wat,14.189972009249118,28,9,0.0076670317634173,0.0005403133817614,deep-water,environmental,0.592,model
jardin,14.189972009249118,28,9,0.0076670317634173,0.0005403133817614,"jardin, jardines, jardins",environmental,0.801,model
fluorid,14.176275125070305,115,37,0.0314895947426067,0.0022212883472414,"fluoride, fluorides",environmental,0.582,model
butcher,14.155021339275596,90,29,0.024644030668127,0.0017410097856756,"butcher, butchered, butchering, butchers",environmental,0.557,model
debri,14.139293537787513,124,40,0.0339539978094194,0.0024013928078285,debris,environmental,0.581,model
formaldehyd,14.139293537787513,93,30,0.0254654983570646,0.0018010446058714,formaldehyde,environmental,0.548,model
zeolit,14.139293537787513,31,10,0.0084884994523548,0.0006003482019571,"zeolite, zeoliter, zeolites",environmental,0.738,model
hydrolysi,14.139293537787513,31,10,0.0084884994523548,0.0006003482019571,hydrolysis,environmental,0.713,model
fragility,14.128168995271553,127,41,0.034775465498357,0.0024614276280242,fragility,environmental,0.564,model
metallurg,14.1175741928754,65,21,0.0177984665936473,0.0012607312241099,"metallurgic, metallurgical",environmental,0.576,model
country-specif,14.105507890146445,334,108,0.0914567360350493,0.006483760581137,"country-specific, country-specificities",environmental,0.72,model
deficit,14.101633389270177,674,218,0.1845564074479737,0.0130875908026655,"deficit, deficits",environmental,0.509,model
delineat,14.097829333864384,102,33,0.0279299014238773,0.0019811490664585,"delineated, delineating",environmental,0.502,model
zoonot,14.097829333864382,68,22,0.0186199342825848,0.0013207660443056,zoonotic,environmental,0.568,model
windfal,14.097829333864382,34,11,0.0093099671412924,0.0006603830221528,"windfall, windfalls",environmental,0.558,model
smelter,14.097829333864382,34,11,0.0093099671412924,0.0006603830221528,"smelter, smelters",environmental,0.592,model
counterfactu,14.097829333864382,34,11,0.0093099671412924,0.0006603830221528,"counterfactual, counterfactuals",environmental,0.502,model
by-product,14.08095436715148,531,172,0.1453997809419496,0.0103259890736627,"by-product, by-production, by-products",environmental,0.628,model
radioact,14.072546282691745,506,164,0.1385542168674698,0.009845710512097,"radioaction, radioactive, radioactives",environmental,0.604,model
evacu,14.063275830595108,148,48,0.04052573932092,0.0028816713693942,"evacuate, evacuation, evacuations, evacuator",environmental,0.656,model
columbia,14.063275830595108,37,12,0.01013143483023,0.0007204178423485,columbia,environmental,0.553,model
amorph,14.063275830595108,37,12,0.01013143483023,0.0007204178423485,amorphous,environmental,0.561,model
gaseou,14.06041802205404,410,133,0.1122672508214676,0.0079846310860298,"gaseou, gaseous",environmental,0.685,model
literacy,14.058804200760258,262,85,0.0717415115005476,0.0051029597166356,literacy,environmental,0.569,model
drain,14.053003167460997,456,148,0.1248630887185104,0.0088851533889656,"drain, drained, draining, drains",environmental,0.679,model
tail,14.03952029709748,197,64,0.0539430449069003,0.0038422284925256,"tail, tailed, tailing, tailings, tails",environmental,0.798,model
sunflow,14.03403825090572,160,52,0.0438116100766703,0.0031218106501771,"sunflower, sunflowers",environmental,0.753,model
gees,14.03403825090572,80,26,0.0219058050383351,0.0015609053250885,geese,environmental,0.773,model
ecal,14.03403825090572,40,13,0.0109529025191675,0.0007804526625442,"ecal, ecall, ecalls",environmental,0.965,model
cellular,14.026493069050396,286,93,0.0783132530120482,0.0055832382782013,cellular,environmental,0.64,model
ground-handl,14.00897746831482,43,14,0.0117743702081051,0.0008404874827399,"ground-handlers, ground-handling",environmental,0.591,model
revolutionary,14.00897746831482,43,14,0.0117743702081051,0.0008404874827399,revolutionary,environmental,0.624,model
sulphat,14.008977468314818,215,70,0.0588718510405257,0.0042024374136999,"sulphate, sulphated, sulphates",environmental,0.611,model
phenol,13.992411866263204,181,59,0.0495618838992333,0.003542054391547,"phenol, phenolic, phenols",environmental,0.691,model
trans-bord,13.987258123402702,92,30,0.0251916757940854,0.0018010446058714,trans-border,environmental,0.539,model
basqu,13.987258123402702,46,15,0.0125958378970427,0.0009005223029357,basque,environmental,0.553,model
tangerin,13.9682536966046,49,16,0.0134173055859802,0.0009605571231314,"tangerine, tangerines",environmental,0.574,model
ember,13.959615320787282,202,66,0.0553121577217962,0.003962298132917,"ember, embers",environmental,0.548,model
chamoi,13.951485084723924,52,17,0.0142387732749178,0.0010205919433271,chamois,environmental,0.509,model
salmo,13.951485084723924,52,17,0.0142387732749178,0.0010205919433271,salmo,environmental,0.504,model
wiper,13.951485084723924,52,17,0.0142387732749178,0.0010205919433271,"wiper, wipers",environmental,0.734,model
cigarillo,13.94381943357847,107,35,0.0292990142387732,0.0021012187068499,"cigarillo, cigarillos",environmental,0.654,model
distant,13.92973120985169,113,37,0.0309419496166484,0.0022212883472414,"distant, distante, distantes, distants",environmental,0.549,model
watermelon,13.911240416210294,61,20,0.0167031763417305,0.0012006964039142,"watermelon, watermelons",environmental,0.654,model
upstream,13.906456084988394,436,143,0.1193866374589266,0.008584979287987,upstream,environmental,0.646,model
journalist,13.900380743754235,320,105,0.0876232201533406,0.0063036561205499,"journalist, journaliste, journalistes, journalistic, journalists",environmental,0.623,model
conduit,13.900380743754235,192,63,0.0525739320920043,0.0037821936723299,"conduit, conduite, conduites, conduits",environmental,0.658,model
input-output,13.900380743754235,64,21,0.0175246440306681,0.0012607312241099,input-output,environmental,0.549,model
oiticica,13.900380743754235,64,21,0.0175246440306681,0.0012607312241099,oiticica,environmental,0.529,model
linse,13.900380743754235,64,21,0.0175246440306681,0.0012607312241099,"linseed, linseeds",environmental,0.75,model
deterpen,13.865629791894852,76,25,0.0208105147864184,0.0015008705048928,deterpenation,environmental,0.616,model
ecaa,13.852115532838424,82,27,0.0224534501642935,0.0016209401452842,ecaa,environmental,0.96,model
odorifer,13.852115532838424,82,27,0.0224534501642935,0.0016209401452842,odoriferous,environmental,0.504,model
cage,13.835222709017888,91,30,0.0249178532311062,0.0018010446058714,"cage, cages",environmental,0.568,model
rumin,13.830318340811928,94,31,0.0257393209200438,0.0018610794260671,"ruminal, ruminant, ruminants",environmental,0.849,model
civilian,13.827982927380518,382,126,0.1046002190580503,0.0075643873446599,"civilian, civilians",environmental,0.523,model
oxid,13.804277447682928,684,226,0.1872946330777656,0.0135678693642312,"oxid, oxidant, oxidants, oxidation, oxidative, oxide, oxides, oxidic, oxidization, oxidize, oxidizer, oxidizers",environmental,0.7,model
groat,13.786847804440905,133,44,0.0364184008762322,0.0026415320886113,groats,environmental,0.588,model
kilometr,13.7802311761553,426,141,0.1166484118291347,0.0084649096475956,"kilometre, kilometres, kilometric",environmental,0.546,model
versu,13.759843806087604,359,119,0.098302300109529,0.0071441436032899,versus,environmental,0.541,model
aerat,13.75445389512596,193,64,0.0528477546549835,0.0038422284925256,"aerate, aerated, aerating, aeration, aerator, aerators",environmental,0.65,model
semiconductor,13.733865766094684,271,90,0.0742059145673603,0.0054031338176142,"semiconductor, semiconductores, semiconductors",environmental,0.55,model
trichloroethylen,13.68318729463308,51,17,0.0139649507119386,0.0010205919433271,trichloroethylene,environmental,0.651,model
foot-and-mouth,13.68318729463308,51,17,0.0139649507119386,0.0010205919433271,foot-and-mouth,environmental,0.8,model
esfri,13.68318729463308,51,17,0.0139649507119386,0.0010205919433271,esfri,environmental,0.823,model
in-vehicl,13.68318729463308,51,17,0.0139649507119386,0.0010205919433271,"in-vehicle, in-vehicles",environmental,0.585,model
polyolefin,13.68318729463308,27,9,0.0073932092004381,0.0005403133817614,"polyolefin, polyolefine, polyolefinic, polyolefins",environmental,0.532,model
grubbing-up,13.68318729463308,27,9,0.0073932092004381,0.0005403133817614,grubbing-up,environmental,0.526,model
gasoil,13.68318729463308,27,9,0.0073932092004381,0.0005403133817614,"gasoil, gasoils",environmental,0.638,model
household,13.683187294633075,1305,435,0.3573384446878422,0.0261151467851353,"household, householder, householders, households",environmental,0.623,model
slide,13.683187294633075,147,49,0.0402519167579408,0.0029417061895899,"slide, slides",environmental,0.53,model
avian,13.683187294633075,132,44,0.036144578313253,0.0026415320886113,"avian, avians",environmental,0.749,model
respir,13.683187294633075,90,30,0.024644030668127,0.0018010446058714,"respir, respirable, respiration, respirator, respirators, respire, respired, respirer",environmental,0.693,model
sweep,13.683187294633075,84,28,0.0230010952902519,0.0016809749654799,"sweep, sweeping, sweepings, sweeps",environmental,0.537,model
biotech,13.683187294633075,75,25,0.0205366922234392,0.0015008705048928,biotech,environmental,0.633,model
lettuc,13.683187294633075,60,20,0.0164293537787513,0.0012006964039142,"lettuce, lettuces",environmental,0.747,model
anchovi,13.683187294633075,48,16,0.013143483023001,0.0009605571231314,"anchovie, anchovies",environmental,0.663,model
valenciana,13.683187294633075,45,15,0.0123220153340635,0.0009005223029357,valenciana,environmental,0.761,model
outlier,13.683187294633075,45,15,0.0123220153340635,0.0009005223029357,"outlier, outliers",environmental,0.521,model
apicultur,13.683187294633075,42,14,0.0115005476451259,0.0008404874827399,"apicultural, apiculture",environmental,0.787,model
caravan,13.683187294633075,42,14,0.0115005476451259,0.0008404874827399,"caravan, caravans",environmental,0.56,model
youtub,13.683187294633075,42,14,0.0115005476451259,0.0008404874827399,"youtube, youtuber",environmental,0.571,model
ecotoxicolog,13.683187294633075,36,12,0.0098576122672508,0.0007204178423485,ecotoxicological,environmental,0.998,model
valdepeña,13.683187294633075,36,12,0.0098576122672508,0.0007204178423485,valdepeñas,environmental,0.523,model
pan-african,13.683187294633075,33,11,0.0090361445783132,0.0006603830221528,pan-african,environmental,0.585,model
hive,13.683187294633075,33,11,0.0090361445783132,0.0006603830221528,"hive, hives",environmental,0.591,model
biuro,13.683187294633075,33,11,0.0090361445783132,0.0006603830221528,biuro,environmental,0.798,model
marlin,13.683187294633075,30,10,0.0082146768893756,0.0006003482019571,"marlin, marline, marlins",environmental,0.682,model
handsaw,13.683187294633075,30,10,0.0082146768893756,0.0006003482019571,"handsaw, handsaws",environmental,0.674,model
grasparossa,13.683187294633075,24,8,0.0065717415115005,0.0004802785615657,grasparossa,environmental,0.689,model
undercov,13.683187294633075,24,8,0.0065717415115005,0.0004802785615657,undercover,environmental,0.545,model
farmaceutyczny,13.683187294633075,24,8,0.0065717415115005,0.0004802785615657,farmaceutyczny,environmental,0.617,model
tenor,13.683187294633075,21,7,0.0057502738225629,0.0004202437413699,"tenor, tenors",environmental,0.523,model
declassifi,13.683187294633075,21,7,0.0057502738225629,0.0004202437413699,declassified,environmental,0.501,model
liberal,13.683187294633075,21,7,0.0057502738225629,0.0004202437413699,liberale,environmental,0.584,model
muinsuskaitseamet,13.683187294633075,21,7,0.0057502738225629,0.0004202437413699,muinsuskaitseamet,environmental,0.527,model
handicapé,13.683187294633075,21,7,0.0057502738225629,0.0004202437413699,"handicapées, handicapés",environmental,0.628,model
susisiekimo,13.683187294633075,21,7,0.0057502738225629,0.0004202437413699,susisiekimo,environmental,0.593,model
statistician,13.683187294633075,21,7,0.0057502738225629,0.0004202437413699,"statistician, statisticians",environmental,0.539,model
kultúry,13.683187294633075,21,7,0.0057502738225629,0.0004202437413699,kultúry,environmental,0.792,model
poitou,13.683187294633075,21,7,0.0057502738225629,0.0004202437413699,poitou,environmental,0.515,model
exodu,13.683187294633075,21,7,0.0057502738225629,0.0004202437413699,exodus,environmental,0.509,model
furnac,13.683187294633075,177,59,0.0484665936473165,0.003542054391547,"furnace, furnaces",environmental,0.553,model
influx,13.593754697936127,152,51,0.0416210295728368,0.0030617758299813,"influx, influxes",environmental,0.564,model
small-scal,13.577932007751285,387,130,0.1059693318729463,0.0078045266254427,"small-scale, small-scaled",environmental,0.553,model
pellet,13.571941869473456,244,82,0.0668127053669222,0.0049228552560485,"pellet, pelleted, pelleting, pellets",environmental,0.595,model
cardboard,13.571941869473456,122,41,0.0334063526834611,0.0024614276280242,"cardboard, cardboards",environmental,0.559,model
eureka,13.55649111597907,107,36,0.0292990142387732,0.0021612535270456,eureka,environmental,0.599,model
yoghurt,13.552871225160382,104,35,0.0284775465498357,0.0021012187068499,"yoghurt, yoghurts",environmental,0.526,model
viscosity,13.507761816496757,154,52,0.0421686746987951,0.0031218106501771,viscosity,environmental,0.512,model
spheric,13.507761816496757,77,26,0.0210843373493975,0.0015609053250885,"spheric, spherical",environmental,0.57,model
particl,13.499520351080957,441,149,0.1207557502738225,0.0089451882091613,"particle, particles",environmental,0.716,model
crossroad,13.493143026652062,71,24,0.0194414019715224,0.0014408356846971,"crossroad, crossroads",environmental,0.524,model
ection,13.465993845511916,62,21,0.0169769989047097,0.0012607312241099,"ection, ections",environmental,0.765,model
handicraft,13.45513417305586,59,20,0.0161555312157721,0.0012006964039142,"handicraft, handicrafts",environmental,0.506,model
istanbul,13.438844664371771,165,56,0.0451807228915662,0.0033619499309599,istanbul,environmental,0.54,model
boar,13.436643379414464,109,37,0.0298466593647316,0.0022212883472414,"boar, boars",environmental,0.896,model
goat,13.433754192907996,377,128,0.1032311062431544,0.0076844569850513,"goat, goats",environmental,0.79,model
congest,13.42979493732506,424,144,0.1161007667031763,0.0086450141081827,"congest, congested, congesting, congestion, congestioned, congestions, congestive, congests",environmental,0.509,model
airbag,13.42979493732506,53,18,0.014512595837897,0.0010806267635228,"airbag, airbags",environmental,0.518,model
ductil,13.414889504542233,50,17,0.0136911281489594,0.0010205919433271,"ductil, ductile",environmental,0.53,model
hydrogenat,13.409523548740417,147,50,0.0402519167579408,0.0030017410097856,hydrogenated,environmental,0.567,model
impregnat,13.398120892661556,188,64,0.0514786418400876,0.0038422284925256,"impregnat, impregnated, impregnating",environmental,0.569,model
meter,13.366446847998052,633,216,0.1733296823658269,0.0129675211622741,"meter, metered, metering, meters",environmental,0.509,model
kohlrabi,13.357397120951338,41,14,0.0112267250821467,0.0008404874827399,"kohlrabi, kohlrabies",environmental,0.887,model
waterwai,13.340098527658505,661,226,0.1809967141292442,0.0135678693642312,"waterway, waterways",environmental,0.905,model
nativ,13.332336338360436,152,52,0.0416210295728368,0.0031218106501771,"native, natives, nativism",environmental,0.516,model
mosaic,13.332336338360436,76,26,0.0208105147864184,0.0015609053250885,"mosaic, mosaiced, mosaics",environmental,0.651,model
rovid,13.332336338360436,76,26,0.0208105147864184,0.0015609053250885,"rovid, rovide, rovided, rovider, roviders, rovides, roviding",environmental,0.508,model
grassroot,13.332336338360436,76,26,0.0208105147864184,0.0015609053250885,"grassroot, grassroots",environmental,0.843,model
pomelo,13.332336338360436,38,13,0.0104052573932092,0.0007804526625442,"pomelo, pomelos",environmental,0.556,model
mace,13.303098758671046,35,12,0.0095837897042716,0.0007204178423485,"mace, maceli",environmental,0.605,model
polypropylen,13.268545255401772,192,66,0.0525739320920043,0.003962298132917,"polypropylen, polypropylene, polypropylenes",environmental,0.523,model
entwicklung,13.268545255401772,32,11,0.008762322015334,0.0006603830221528,entwicklung,environmental,0.899,model
palli,13.268545255401772,32,11,0.008762322015334,0.0006603830221528,"palli, palliative, palliatives",environmental,0.562,model
boron,13.255587691675794,93,32,0.0254654983570646,0.0019211142462628,"boron, boroneant, boronic",environmental,0.551,model
calcar,13.248800396390756,61,21,0.0167031763417305,0.0012607312241099,"calcar, calcareous",environmental,0.558,model
unknown,13.238927966885251,447,154,0.1223986856516977,0.0092453623101398,"unknown, unknowns",environmental,0.554,model
polycarbon,13.227081051478642,116,40,0.0317634173055859,0.0024013928078285,"polycarbonate, polycarbonates",environmental,0.506,model
post-crisi,13.227081051478642,87,30,0.0238225629791894,0.0018010446058714,post-crisis,environmental,0.543,model
carob,13.227081051478642,29,10,0.0079408543263964,0.0006003482019571,"carob, carobs",environmental,0.725,model
caviti,13.227081051478642,29,10,0.0079408543263964,0.0006003482019571,cavities,environmental,0.524,model
uradni,13.227081051478642,29,10,0.0079408543263964,0.0006003482019571,uradni,environmental,0.574,model
basket,13.219350437187888,171,59,0.0468236582694414,0.003542054391547,"basket, baskets",environmental,0.603,model
nautic,13.2136661619741,197,68,0.0539430449069003,0.0040823677733085,"nautic, nautical",environmental,0.637,model
underground,13.207250345254536,333,115,0.0911829134720701,0.006904004322507,"underground, undergrounding",environmental,0.683,model
refrigerat,13.184321091182914,185,64,0.05065717415115,0.0038422284925256,"refrigerated, refrigerating",environmental,0.557,model
pharmacy,13.17640258001704,104,36,0.0284775465498357,0.0021612535270456,pharmacy,environmental,0.515,model
biomedicin,13.17640258001704,52,18,0.0142387732749178,0.0010806267635228,"biomedicinal, biomedicine, biomedicines",environmental,0.623,model
infest,13.17640258001704,52,18,0.0142387732749178,0.0010806267635228,"infestation, infestations, infested",environmental,0.722,model
saffron,13.17640258001704,52,18,0.0142387732749178,0.0010806267635228,saffron,environmental,0.63,model
giro,13.17640258001704,26,9,0.0071193866374589,0.0005403133817614,giro,environmental,0.535,model
ungul,13.17640258001704,26,9,0.0071193866374589,0.0005403133817614,"ungulate, ungulates",environmental,0.918,model
celtic,13.17640258001704,26,9,0.0071193866374589,0.0005403133817614,celtic,environmental,0.909,model
commod,13.158927245030275,502,174,0.1374589266155531,0.0104460587140541,commodities,environmental,0.664,model
babi,13.146591714451388,147,51,0.0402519167579408,0.0030617758299813,babies,environmental,0.586,model
relig,13.14415264363238,317,110,0.086801752464403,0.0066038302215284,"religion, religions",environmental,0.528,model
surplus,13.142044294280357,170,59,0.0465498357064622,0.003542054391547,surpluses,environmental,0.503,model
petroleum,13.134982675457074,599,208,0.1640197152245345,0.0124872426007084,petroleum,environmental,0.519,model
pick-up,13.113054490690033,92,32,0.0251916757940854,0.0019211142462628,"pick-up, pick-ups",environmental,0.501,model
transgen,13.113054490690033,23,8,0.0062979189485213,0.0004802785615657,"transgene, transgenes, transgenic",environmental,0.611,model
järelevalv,13.113054490690033,23,8,0.0062979189485213,0.0004802785615657,järelevalve,environmental,0.55,model
uisc,13.113054490690033,23,8,0.0062979189485213,0.0004802785615657,uisce,environmental,0.636,model
slipper,13.113054490690033,23,8,0.0062979189485213,0.0004802785615657,"slipper, slippers",environmental,0.53,model
cross-fronti,13.113054490690033,23,8,0.0062979189485213,0.0004802785615657,cross-frontier,environmental,0.669,model
wipe,13.113054490690033,23,8,0.0062979189485213,0.0004802785615657,"wipe, wipes",environmental,0.512,model
dentist,13.100924005499758,135,47,0.0369660460021905,0.0028216365491985,"dentist, dentiste, dentistes, dentists",environmental,0.542,model
crane,13.046759978603632,123,43,0.0336801752464403,0.0025814972684156,"crane, cranes",environmental,0.735,model
infant,13.037373145033875,323,113,0.0884446878422782,0.0067839346821156,"infant, infante, infantes, infants",environmental,0.6,model
buffalo,13.031606947269598,100,35,0.0273822562979189,0.0021012187068499,"buffalo, buffaloes, buffalos",environmental,0.706,model
gazprom,13.031606947269598,40,14,0.0109529025191675,0.0008404874827399,gazprom,environmental,0.812,model
efda,13.031606947269598,20,7,0.0054764512595837,0.0004202437413699,efda,environmental,0.815,model
ekstraktem,13.031606947269598,20,7,0.0054764512595837,0.0004202437413699,ekstraktem,environmental,0.507,model
microb,13.031606947269598,20,7,0.0054764512595837,0.0004202437413699,"microbe, microbes, microbic",environmental,0.892,model
lesvo,13.031606947269598,20,7,0.0054764512595837,0.0004202437413699,lesvos,environmental,0.516,model
technology-specif,13.031606947269598,20,7,0.0054764512595837,0.0004202437413699,technology-specific,environmental,0.56,model
obstetr,13.031606947269598,20,7,0.0054764512595837,0.0004202437413699,"obstetric, obstetrical, obstetrics",environmental,0.508,model
ischia,13.031606947269598,20,7,0.0054764512595837,0.0004202437413699,ischia,environmental,0.521,model
seaworthi,13.031606947269598,20,7,0.0054764512595837,0.0004202437413699,seaworthiness,environmental,0.685,model
reader,13.01976003186299,157,55,0.0429901423877327,0.0033019151107642,"reader, readers",environmental,0.693,model
northwest,13.00747434181169,77,27,0.0210843373493975,0.0016209401452842,northwest,environmental,0.503,model
rare,12.987432008465296,504,177,0.1380065717415115,0.0106261631746412,"rare, rareness, rares",environmental,0.516,model
gas-fir,12.981485382087792,74,26,0.02026286966046,0.0015609053250885,"gas-fired, gas-firing",environmental,0.589,model
eidhr,12.981485382087792,74,26,0.02026286966046,0.0015609053250885,eidhr,environmental,0.648,model
convect,12.963019542283968,54,19,0.0147864184008762,0.0011406615837185,"convection, convective",environmental,0.653,model
butan,12.95341730558598,71,25,0.0194414019715224,0.0015008705048928,"butanal, butane, butanes",environmental,0.692,model
soup,12.943555548977232,105,37,0.0287513691128148,0.0022212883472414,"soup, soups",environmental,0.543,model
catalyst,12.932280674805652,465,164,0.1273274917853231,0.009845710512097,"catalyst, catalysts",environmental,0.509,model
cyberspac,12.92301022270902,51,18,0.0139649507119386,0.0010806267635228,cyberspace,environmental,0.564,model
volunt,12.923010222709015,187,66,0.0512048192771084,0.003962298132917,"volunt, volunteer, volunteered, volunteering, volunteers",environmental,0.523,model
dentistry,12.896797220228876,82,29,0.0224534501642935,0.0017410097856756,dentistry,environmental,0.59,model
macer,12.896797220228876,82,29,0.0224534501642935,0.0017410097856756,maceration,environmental,0.595,model
re-introduc,12.878293924360545,48,17,0.013143483023001,0.0010205919433271,"re-introduce, re-introduced, re-introduces, re-introducing",environmental,0.507,model
airplan,12.878293924360545,48,17,0.013143483023001,0.0010205919433271,"airplane, airplanes",environmental,0.577,model
mous,12.853903216170467,31,11,0.0084884994523548,0.0006603830221528,"mouse, mouses",environmental,0.633,model
research-bas,12.853903216170467,31,11,0.0084884994523548,0.0006603830221528,"research-base, research-based",environmental,0.609,model
parafisc,12.853903216170467,31,11,0.0084884994523548,0.0006603830221528,parafiscal,environmental,0.551,model
leefmilieu,12.853903216170467,31,11,0.0084884994523548,0.0006603830221528,leefmilieu,environmental,0.63,model
ebro,12.827988088718511,45,16,0.0123220153340635,0.0009605571231314,ebro,environmental,0.724,model
fennel,12.827988088718511,45,16,0.0123220153340635,0.0009605571231314,"fennel, fennels",environmental,0.695,model
germin,12.827988088718511,45,16,0.0123220153340635,0.0009605571231314,"germinable, germinal, germinate, germination",environmental,0.733,model
nao,12.814413498148436,59,21,0.0161555312157721,0.0012607312241099,"nao, naos",environmental,0.506,model
condition,12.788861327663597,143,51,0.0391566265060241,0.0030617758299813,"conditionalities, conditioner, conditioners",environmental,0.667,model
needl,12.78592911137845,171,61,0.0468236582694414,0.0036621240319385,"needle, needled, needles",environmental,0.629,model
hectar,12.780999121360567,510,182,0.1396495071193866,0.0109263372756198,"hectare, hectares",environmental,0.764,model
indigen,12.770974808324205,336,120,0.0920043811610076,0.0072041784234856,"indigeneous, indigenes, indigenous",environmental,0.538,model
methylen,12.770974808324205,56,20,0.0153340635268346,0.0012006964039142,"methylen, methylene",environmental,0.597,model
sprinkler,12.770974808324205,28,10,0.0076670317634173,0.0006003482019571,"sprinkler, sprinklered, sprinklers",environmental,0.727,model
propel,12.760115135868148,235,84,0.0643483023001095,0.0050429248964399,"propel, propelant, propellant, propellants, propelled, propellent, propeller, propellers, propelling, propels",environmental,0.513,model
soldier,12.73951920534804,81,29,0.0221796276013143,0.0017410097856756,"soldier, soldiers",environmental,0.529,model
teach,12.734486308871851,349,125,0.0955640744797371,0.0075043525244641,"teach, teache, teaches, teaching, teachings",environmental,0.558,model
zirconium,12.732965954728003,67,24,0.0183461117196056,0.0014408356846971,zirconium,environmental,0.592,model
poorest,12.725927278136115,226,81,0.0618838992332968,0.0048628204358527,poorest,environmental,0.643,model
globally,12.723740504826011,862,309,0.2360350492880613,0.0185507594404754,globally,environmental,0.53,model
repositori,12.712748479410871,131,47,0.0358707557502738,0.0028216365491985,repositories,environmental,0.54,model
gooseberri,12.70581677358786,39,14,0.0106790799561883,0.0008404874827399,gooseberries,environmental,0.763,model
monosodium,12.70581677358786,39,14,0.0106790799561883,0.0008404874827399,monosodium,environmental,0.565,model
disulphid,12.70581677358786,39,14,0.0106790799561883,0.0008404874827399,"disulphide, disulphides",environmental,0.6,model
tiger,12.70581677358786,39,14,0.0106790799561883,0.0008404874827399,"tiger, tigers",environmental,0.62,model
chemistry,12.705816773587856,195,70,0.0533953997809419,0.0042024374136999,chemistry,environmental,0.638,model
cool,12.68545488773275,623,224,0.170591456736035,0.0134477997238398,"cool, cooled, cooling, coolness, cools",environmental,0.538,model
osim,12.669617865400998,75,27,0.0205366922234392,0.0016209401452842,osim,environmental,0.535,model
apulia,12.669617865400998,25,9,0.0068455640744797,0.0005403133817614,apulia,environmental,0.514,model
kefalograviera,12.669617865400998,25,9,0.0068455640744797,0.0005403133817614,kefalograviera,environmental,0.605,model
kaliningrad,12.669617865400998,25,9,0.0068455640744797,0.0005403133817614,"kaliningrad, kaliningraders",environmental,0.587,model
pruneaux,12.669617865400998,25,9,0.0068455640744797,0.0005403133817614,pruneaux,environmental,0.59,model
tachograph,12.656948247535595,111,40,0.03039430449069,0.0024013928078285,"tachograph, tachographs",environmental,0.595,model
classroom,12.646582196554814,61,22,0.0167031763417305,0.0013207660443056,"classroom, classrooms",environmental,0.633,model
turbojet,12.630634425815147,36,13,0.0098576122672508,0.0007804526625442,"turbojet, turbojets",environmental,0.504,model
asiago,12.630634425815147,36,13,0.0098576122672508,0.0007804526625442,asiago,environmental,0.57,model
firewood,12.630634425815147,36,13,0.0098576122672508,0.0007804526625442,firewood,environmental,0.634,model
pathology,12.630634425815147,36,13,0.0098576122672508,0.0007804526625442,pathology,environmental,0.711,model
ecotoxicity,12.6099961342697,47,17,0.0128696604600219,0.0010205919433271,ecotoxicity,environmental,0.993,model
echinoderm,12.6099961342697,47,17,0.0128696604600219,0.0010205919433271,echinoderms,environmental,0.957,model
cigar,12.597220049027278,116,42,0.0317634173055859,0.0025214624482199,"cigar, cigars",environmental,0.534,model
migrant,12.57308744356937,521,189,0.1426615553121577,0.0113465810169898,"migrant, migrante, migrants",environmental,0.635,model
terrac,12.542921686746988,88,32,0.0240963855421686,0.0019211142462628,"terrace, terraced, terraces, terracing",environmental,0.666,model
reced,12.542921686746988,44,16,0.0120481927710843,0.0009605571231314,"recede, receded, recedented, recedes, receding",environmental,0.573,model
eswatini,12.542921686746988,22,8,0.0060240963855421,0.0004802785615657,eswatini,environmental,0.596,model
zivania,12.542921686746988,22,8,0.0060240963855421,0.0004802785615657,zivania,environmental,0.514,model
air-cur,12.542921686746988,22,8,0.0060240963855421,0.0004802785615657,"air-cured, air-curing",environmental,0.643,model
queso,12.542921686746986,33,12,0.0090361445783132,0.0007204178423485,"queso, quesos",environmental,0.504,model
peer,12.537808388056916,613,223,0.1678532311062431,0.0133877649036441,"peer, peering, peers",environmental,0.506,model
plantat,12.516403881912428,118,43,0.0323110624315443,0.0025814972684156,"plantation, plantations",environmental,0.796,model
propan,12.510342669378815,96,35,0.0262869660460021,0.0021012187068499,"propan, propanal, propane",environmental,0.544,model
hair,12.50448576738004,244,89,0.0668127053669222,0.0053430989974185,"hair, hairs",environmental,0.613,model
museum,12.500689627195651,148,54,0.04052573932092,0.0032418802905685,"museum, museums",environmental,0.658,model
reactivat,12.482907707384562,52,19,0.0142387732749178,0.0011406615837185,"reactivated, reactivating",environmental,0.51,model
ako,12.466903979554582,82,30,0.0224534501642935,0.0018010446058714,"ako, akos",environmental,0.565,model
anti-cak,12.466903979554582,41,15,0.0112267250821467,0.0009005223029357,anti-caking,environmental,0.605,model
vandal,12.466903979554582,41,15,0.0112267250821467,0.0009005223029357,"vandal, vandalism",environmental,0.524,model
tanker,12.45782723839728,183,67,0.0501095290251916,0.0040223329531128,"tanker, tankered, tankering, tankers",environmental,0.525,model
rapese,12.439261176939162,60,22,0.0164293537787513,0.0013207660443056,"rapeseed, rapeseeds",environmental,0.841,model
chlorpyrifo,12.439261176939162,30,11,0.0082146768893756,0.0006603830221528,chlorpyrifos,environmental,0.735,model
outflow,12.43257340211285,169,62,0.046276013143483,0.0037221588521342,"outflow, outflows",environmental,0.613,model
pregnant,12.431130940875804,139,51,0.0380613362541073,0.0030617758299813,pregnant,environmental,0.559,model
roadsid,12.42889512595838,109,40,0.0298466593647316,0.0024013928078285,"roadside, roadsides",environmental,0.663,model
seawe,12.424963175586358,79,29,0.0216319824753559,0.0017410097856756,"seaweed, seaweeds",environmental,0.945,model
solvent,12.412605617274291,381,140,0.1043263964950712,0.0084048748273998,"solvent, solvente, solventes, solvents",environmental,0.53,model
digest,12.406089813800657,136,50,0.0372398685651697,0.0030017410097856,"digest, digestate, digestates, digested, digester, digesters, digestible, digesting, digestion, digestive, digests",environmental,0.668,model
tunnel,12.387430922035248,239,88,0.0654435925520262,0.0052830641772227,"tunnel, tunnelled, tunnelling, tunnels",environmental,0.722,model
turpentin,12.38002659990612,76,28,0.0208105147864184,0.0016809749654799,turpentine,environmental,0.672,model
tenant,12.38002659990612,76,28,0.0208105147864184,0.0016809749654799,"tenant, tenants",environmental,0.61,model
lichen,12.38002659990612,38,14,0.0104052573932092,0.0008404874827399,"lichen, lichens",environmental,0.93,model
sowi,12.38002659990612,38,14,0.0104052573932092,0.0008404874827399,sowie,environmental,0.547,model
asia-pacif,12.380026599906117,57,21,0.0156078860898138,0.0012607312241099,asia-pacific,environmental,0.608,model
nano,12.380026599906117,57,21,0.0156078860898138,0.0012607312241099,"nano, nanos",environmental,0.521,model
heat-treat,12.380026599906117,57,21,0.0156078860898138,0.0012607312241099,"heat-treated, heat-treatment",environmental,0.574,model
mango,12.341698344178855,92,34,0.0251916757940854,0.0020411838866542,"mango, mangoes, mangos",environmental,0.644,model
ship-sourc,12.341698344178855,46,17,0.0125958378970427,0.0010205919433271,"ship-source, ship-sourced",environmental,0.534,model
bi-later,12.341698344178855,46,17,0.0125958378970427,0.0010205919433271,bi-lateral,environmental,0.652,model
discovery,12.31486856516977,324,120,0.0887185104052574,0.0072041784234856,discovery,environmental,0.54,model
nauru,12.31486856516977,54,20,0.0147864184008762,0.0012006964039142,nauru,environmental,0.532,model
bufala,12.31486856516977,27,10,0.0073932092004381,0.0006003482019571,bufala,environmental,0.534,model
iotc,12.31486856516977,27,10,0.0073932092004381,0.0006003482019571,iotc,environmental,0.758,model
disentangl,12.31486856516977,27,10,0.0073932092004381,0.0006003482019571,"disentangle, disentangled, disentanglement, disentangling",environmental,0.527,model
arabl,12.30104716386206,267,99,0.0731106243154435,0.0059434471993756,"arable, arables",environmental,0.54,model
palau,12.295037858945664,62,23,0.0169769989047097,0.0013808008645014,palau,environmental,0.521,model
eprocur,12.279783469542505,35,13,0.0095837897042716,0.0007804526625442,eprocurement,environmental,0.548,model
nomad,12.279783469542505,35,13,0.0095837897042716,0.0007804526625442,"nomad, nomadic, nomadism, nomads",environmental,0.525,model
ochranu,12.279783469542505,35,13,0.0095837897042716,0.0007804526625442,ochranu,environmental,0.627,model
magnesium,12.260920514904193,250,93,0.0684556407447973,0.0055832382782013,magnesium,environmental,0.562,model
parachut,12.257855284775466,43,16,0.0117743702081051,0.0009605571231314,"parachute, parachuted, parachutes",environmental,0.556,model
ion,12.244280694205392,451,168,0.1234939759036144,0.0100858497928798,"ion, ione, ioned, iones, ioning, ions",environmental,0.57,model
noil,12.24285178993486,51,19,0.0139649507119386,0.0011406615837185,"noil, noils",environmental,0.665,model
onset,12.223647316538884,134,50,0.0366922234392113,0.0030017410097856,onset,environmental,0.567,model
granulat,12.223647316538884,67,25,0.0183461117196056,0.0015008705048928,"granulat, granulated, granulating, granulats",environmental,0.537,model
irrigat,12.211876832844576,83,31,0.0227272727272727,0.0018610794260671,"irrigated, irrigating",environmental,0.729,model
temper,12.209613278287977,174,65,0.0476451259583789,0.0039022633127213,"temper, temperate, tempere, tempered, tempering, tempers",environmental,0.529,model
fragil,12.20677402199444,463,173,0.1267798466593647,0.0103860238938584,"fragile, fragiles, fragilities",environmental,0.728,model
nuclear,12.16283315078496,1008,378,0.276013143483023,0.0226931620339797,"nuclear, nucleare, nucleares",environmental,0.579,model
are,12.16283315078496,96,36,0.0262869660460021,0.0021612535270456,"aree, areness, ares",environmental,0.534,model
cotnari,12.16283315078496,24,9,0.0065717415115005,0.0005403133817614,cotnari,environmental,0.641,model
escherichia,12.16283315078496,24,9,0.0065717415115005,0.0005403133817614,escherichia,environmental,0.702,model
less-develop,12.16283315078496,24,9,0.0065717415115005,0.0005403133817614,less-developed,environmental,0.528,model
methoxyphenyl,12.16283315078496,24,9,0.0065717415115005,0.0005403133817614,methoxyphenyl,environmental,0.572,model
eurasia,12.16283315078496,24,9,0.0065717415115005,0.0005403133817614,eurasia,environmental,0.865,model
silicon-electr,12.16283315078496,24,9,0.0065717415115005,0.0005403133817614,silicon-electrical,environmental,0.559,model
sprout,12.162833150784955,64,24,0.0175246440306681,0.0014408356846971,"sprout, sprouted, sprouting, sprouts",environmental,0.675,model
asparagu,12.162833150784955,64,24,0.0175246440306681,0.0014408356846971,asparagus,environmental,0.851,model
dispers,12.129960628755809,492,185,0.1347207009857612,0.011106441736207,"dispersable, dispersal, dispersant, dispersants, disperse, dispersed, dispersers, disperses, dispersible, dispersing, dispersion, dispersions, dispersive",environmental,0.628,model
parasit,12.115322083789705,85,32,0.0232749178532311,0.0019211142462628,"parasite, parasites, parasitic, parasitism",environmental,0.697,model
agronom,12.115322083789705,85,32,0.0232749178532311,0.0019211142462628,"agronomic, agronomical, agronomics",environmental,0.61,model
artichok,12.110407145824675,77,29,0.0210843373493975,0.0017410097856756,"artichoke, artichokes",environmental,0.625,model
kernel,12.104357991406184,138,52,0.0377875136911281,0.0031218106501771,"kernel, kernels",environmental,0.605,model
ice,12.086815443592553,371,140,0.1015881708652793,0.0084048748273998,"ice, ices",environmental,0.648,model
sesam,12.086815443592553,53,20,0.014512595837897,0.0012006964039142,"sesam, sesame",environmental,0.521,model
bluetongu,12.086815443592553,53,20,0.014512595837897,0.0012006964039142,bluetongue,environmental,0.504,model
niue,12.07340055408801,45,17,0.0123220153340635,0.0010205919433271,niue,environmental,0.599,model
sail,12.064745786665725,246,93,0.0673603504928806,0.0055832382782013,"sail, sailed, sailing, sailings, sails",environmental,0.61,model
food-born,12.05423642622438,37,14,0.01013143483023,0.0008404874827399,food-borne,environmental,0.557,model
eaux,12.05423642622438,37,14,0.01013143483023,0.0008404874827399,eaux,environmental,0.665,model
duster,12.05423642622438,37,14,0.01013143483023,0.0008404874827399,"duster, dusters",environmental,0.627,model
cross-fertilis,12.024619137707855,58,22,0.0158817086527929,0.0013207660443056,"cross-fertilisation, cross-fertilise, cross-fertilised, cross-fertilising",environmental,0.693,model
undergradu,12.024619137707855,29,11,0.0079408543263964,0.0006603830221528,"undergraduate, undergraduates",environmental,0.597,model
rainy,12.024619137707855,29,11,0.0079408543263964,0.0006603830221528,rainy,environmental,0.695,model
retreat,12.024619137707855,29,11,0.0079408543263964,0.0006603830221528,"retreat, retreated, retreating, retreatment, retreats",environmental,0.555,model
cultivat,12.015702104606108,245,93,0.0670865279299014,0.0055832382782013,"cultivatable, cultivated, cultivating",environmental,0.506,model
universally,12.0145059172388,108,41,0.0295728368017524,0.0024614276280242,universally,environmental,0.53,model
leather,12.008422183050383,337,128,0.0922782037239868,0.0076844569850513,"leather, leathers",environmental,0.53,model
distil,11.999102704524391,342,130,0.0936473165388828,0.0078045266254427,"distil, distilation, distillate, distillates, distillation, distillations, distilled, distillent, distiller, distillers, distilling, distils",environmental,0.507,model
unplann,11.99390491257961,71,27,0.0194414019715224,0.0016209401452842,unplanned,environmental,0.514,model
douro,11.99390491257961,71,27,0.0194414019715224,0.0016209401452842,"douro, douros",environmental,0.598,model
x-rai,11.982452150667385,155,59,0.0424424972617743,0.003542054391547,"x-ray, x-rayed, x-raying, x-rays",environmental,0.506,model
nucléair,11.972788882803943,42,16,0.0115005476451259,0.0009605571231314,"nucléaire, nucléaires",environmental,0.908,model
radiofonii,11.972788882803943,21,8,0.0057502738225629,0.0004802785615657,radiofonii,environmental,0.517,model
monterei,11.972788882803943,21,8,0.0057502738225629,0.0004802785615657,"monterei, monterey",environmental,0.515,model
rolnego,11.972788882803943,21,8,0.0057502738225629,0.0004802785615657,rolnego,environmental,0.707,model
short-dist,11.972788882803943,21,8,0.0057502738225629,0.0004802785615657,short-distance,environmental,0.533,model
genotox,11.972788882803943,21,8,0.0057502738225629,0.0004802785615657,genotoxic,environmental,0.779,model
valdobbiaden,11.972788882803943,21,8,0.0057502738225629,0.0004802785615657,valdobbiadene,environmental,0.621,model
safrol,11.972788882803943,21,8,0.0057502738225629,0.0004802785615657,safrole,environmental,0.576,model
batter,11.972788882803943,21,8,0.0057502738225629,0.0004802785615657,"batter, battered",environmental,0.535,model
podlasi,11.972788882803943,21,8,0.0057502738225629,0.0004802785615657,podlasie,environmental,0.518,model
pagalbo,11.972788882803943,21,8,0.0057502738225629,0.0004802785615657,pagalbos,environmental,0.588,model
poor,11.951672853028276,1132,432,0.3099671412924425,0.0259350423245482,"poor, poors",environmental,0.574,model
sesar,11.939251659042588,89,34,0.0243702081051478,0.0020411838866542,sesar,environmental,0.689,model
famili,11.938717201293404,657,251,0.1799014238773275,0.015068739869124,"familial, familie, familiers, families",environmental,0.546,model
nstrument,11.928932513269862,34,13,0.0093099671412924,0.0007804526625442,"nstrument, nstruments",environmental,0.603,model
panti,11.928932513269862,34,13,0.0093099671412924,0.0007804526625442,panties,environmental,0.521,model
trans-fronti,11.928932513269862,34,13,0.0093099671412924,0.0007804526625442,trans-frontier,environmental,0.592,model
horticultur,11.91957648776926,196,75,0.0536692223439211,0.0045026115146785,"horticultur, horticultural, horticulture",environmental,0.634,model
fungicid,11.91461206607506,128,49,0.0350492880613362,0.0029417061895899,"fungicidal, fungicide, fungicides",environmental,0.696,model
cordial,11.90944079347694,47,18,0.0128696604600219,0.0010806267635228,"cordial, cordials",environmental,0.632,model
liquefi,11.904372946330778,261,100,0.0714676889375684,0.0060034820195713,"liquefi, liquefied, liquefies",environmental,0.543,model
vocat,11.878810948088056,711,273,0.1946878422782037,0.0163895059134297,"vocate, vocation, vocational, vocations",environmental,0.52,model
inland,11.863614516091443,978,376,0.2677984665936473,0.0225730923935882,"inland, inlands",environmental,0.653,model
magazin,11.858762322015334,117,45,0.0320372398685651,0.0027015669088071,"magazin, magazine, magazines",environmental,0.628,model
onion,11.858762322015334,91,35,0.0249178532311062,0.0021012187068499,"onion, onions",environmental,0.569,model
irradiat,11.858762322015334,78,30,0.0213581599123767,0.0018010446058714,"irradiated, irradiating",environmental,0.549,model
poster,11.858762322015334,52,20,0.0142387732749178,0.0012006964039142,"poster, posters",environmental,0.521,model
glutam,11.858762322015334,39,15,0.0106790799561883,0.0009005223029357,"glutamate, glutamic",environmental,0.519,model
viotia,11.858762322015334,26,10,0.0071193866374589,0.0006003482019571,"viotia, viotias",environmental,0.64,model
sautern,11.858762322015334,26,10,0.0071193866374589,0.0006003482019571,"sautern, sauterne, sauternes",environmental,0.552,model
raw-materi,11.858762322015334,26,10,0.0071193866374589,0.0006003482019571,"raw-material, raw-materials",environmental,0.656,model
manganes,11.817298118092204,114,44,0.0312157721796276,0.0026415320886113,manganese,environmental,0.57,model
welfar,11.812295734240887,966,373,0.264512595837897,0.0223929879330011,welfare,environmental,0.546,model
end-consum,11.805102763997166,44,17,0.0120481927710843,0.0010205919433271,"end-consume, end-consumer, end-consumers",environmental,0.662,model
toxicology,11.795851116062996,75,29,0.0205366922234392,0.0017410097856756,toxicology,environmental,0.98,model
unfulfil,11.782744614822928,31,12,0.0084884994523548,0.0007204178423485,unfulfilled,environmental,0.505,model
gymnast,11.782744614822928,31,12,0.0084884994523548,0.0007204178423485,"gymnastic, gymnastics",environmental,0.573,model
ursula,11.782744614822928,31,12,0.0084884994523548,0.0007204178423485,ursula,environmental,0.587,model
teenag,11.782744614822928,31,12,0.0084884994523548,0.0007204178423485,"teenage, teenager, teenagers",environmental,0.671,model
carcinogen,11.767541073384448,129,50,0.0353231106243154,0.0030017410097856,"carcinogen, carcinogene, carcinogenes, carcinogenic, carcinogens",environmental,0.658,model
brucellosi,11.762739955035451,49,19,0.0134173055859802,0.0011406615837185,brucellosis,environmental,0.739,model
diod,11.72844625254264,126,49,0.0345016429353778,0.0029417061895899,"diode, diodes",environmental,0.583,model
bali,11.72844625254264,36,14,0.0098576122672508,0.0008404874827399,"bali, balie, balies",environmental,0.573,model
bogi,11.72844625254264,36,14,0.0098576122672508,0.0008404874827399,"bogi, bogie, bogies",environmental,0.724,model
polynesia,11.728446252542636,54,21,0.0147864184008762,0.0012607312241099,polynesia,environmental,0.589,model
precautionary,11.722549597815366,568,221,0.1555312157721796,0.0132676952632526,precautionary,environmental,0.516,model
cucumb,11.710835972884166,95,37,0.026013143483023,0.0022212883472414,"cucumber, cucumbers",environmental,0.768,model
aeo,11.700116672222489,59,23,0.0161555312157721,0.0013808008645014,"aeo, aeos",environmental,0.639,model
oxal,11.700116672222489,59,23,0.0161555312157721,0.0013808008645014,"oxalate, oxalic",environmental,0.576,model
territorial,11.68772248083242,41,16,0.0112267250821467,0.0009605571231314,"territoriale, territoriales",environmental,0.526,model
ophthalm,11.67631982475356,64,25,0.0175246440306681,0.0015008705048928,ophthalmic,environmental,0.532,model
accumulat,11.65604843616892,391,153,0.107064622124863,0.0091853274899441,"accumulated, accumulating",environmental,0.542,model
azafrán,11.65604843616892,23,9,0.0062979189485213,0.0005403133817614,azafrán,environmental,0.542,model
horsesho,11.65604843616892,23,9,0.0062979189485213,0.0005403133817614,"horseshoe, horseshoes",environmental,0.568,model
paradox,11.65604843616892,23,9,0.0062979189485213,0.0005403133817614,"paradox, paradoxical",environmental,0.541,model
incrementally,11.65604843616892,23,9,0.0062979189485213,0.0005403133817614,incrementally,environmental,0.55,model
piperidin,11.65604843616892,23,9,0.0062979189485213,0.0005403133817614,"piperidin, piperidine",environmental,0.581,model
asean,11.656048436168918,138,54,0.0377875136911281,0.0032418802905685,asean,environmental,0.59,model
elderly,11.648251748251749,332,130,0.0909090909090909,0.0078045266254427,elderly,environmental,0.609,model
mare,11.64092053424008,171,67,0.0468236582694414,0.0040223329531128,"mare, maree, mares",environmental,0.621,model
christian,11.63857310118216,74,29,0.02026286966046,0.0017410097856756,"christian, christiane, christians",environmental,0.57,model
coolant,11.630709200438115,51,20,0.0139649507119386,0.0012006964039142,"coolant, coolants",environmental,0.576,model
beet,11.626970624674556,311,122,0.0851588170865279,0.007324248063877,"beet, beete, beets",environmental,0.754,model
music,11.62623757060327,260,102,0.0711938663745892,0.0061235516599627,"music, musical",environmental,0.537,model
iraq,11.625146929180136,209,82,0.0572289156626506,0.0049228552560485,iraq,environmental,0.529,model
nordic,11.623352648129174,237,93,0.0648959474260679,0.0055832382782013,"nordic, nordics",environmental,0.752,model
preval,11.619242842369989,456,179,0.1248630887185104,0.0107462328150327,"preval, prevalence, prevalences, prevalent, prevaling",environmental,0.532,model
mucilag,11.60997709847655,84,33,0.0230010952902519,0.0019811490664585,"mucilage, mucilages",environmental,0.569,model
pedagog,11.60997709847655,56,22,0.0153340635268346,0.0013207660443056,"pedagogic, pedagogical, pedagogics",environmental,0.621,model
eeb,11.60997709847655,28,11,0.0076670317634173,0.0006603830221528,eeb,environmental,0.512,model
zgodni,11.60997709847655,28,11,0.0076670317634173,0.0006603830221528,zgodnie,environmental,0.513,model
fallen,11.601628601042364,379,149,0.1037787513691128,0.0089451882091613,fallen,environmental,0.537,model
leaf,11.598130183069944,178,70,0.0487404162102957,0.0042024374136999,"leaf, leafed, leafs",environmental,0.567,model
wood,11.596601548823928,867,341,0.2374041621029572,0.0204718736867383,"wood, wooded, woods",environmental,0.828,model
catalonia,11.59270034684191,61,24,0.0167031763417305,0.0014408356846971,catalonia,environmental,0.536,model
women,11.583292214763643,1026,404,0.2809419496166484,0.0242540673590682,"women, womens",environmental,0.504,model
fescu,11.57808155699722,33,13,0.0090361445783132,0.0007804526625442,fescue,environmental,0.783,model
hydraul,11.565551165701768,284,112,0.0777656078860898,0.0067238998619199,"hydraulic, hydraulics",environmental,0.561,model
neurolog,11.55469149324571,38,15,0.0104052573932092,0.0009005223029357,"neurologic, neurological",environmental,0.57,model
breastfeed,11.55469149324571,38,15,0.0104052573932092,0.0009005223029357,breastfeeding,environmental,0.53,model
heart,11.549261657017682,709,280,0.1941401971522453,0.0168097496547997,"heart, hearts",environmental,0.541,model
mile,11.529352257514908,273,108,0.0747535596933187,0.006483760581137,"mile, miles",environmental,0.543,model
galvanis,11.501809609981429,58,23,0.0158817086527929,0.0013808008645014,"galvanisation, galvanise, galvanised, galvanising",environmental,0.518,model
micronesia,11.501809609981429,58,23,0.0158817086527929,0.0013808008645014,micronesia,environmental,0.683,model
eau,11.493877327491786,63,25,0.0172508214676889,0.0015008705048928,eau,environmental,0.884,model
miner,11.493877327491784,945,375,0.258762322015334,0.0225130575733925,"miner, mineral, mineralization, minerals, miners",environmental,0.607,model
coffe,11.490368817929058,262,104,0.0717415115005476,0.0062436213003542,"coffee, coffees",environmental,0.549,model
awai,11.48655522057827,753,299,0.2061883899233297,0.0179504112385183,"away, aways",environmental,0.517,model
architectur,11.480108082415423,667,265,0.1826396495071194,0.015909227351864,"architectur, architectural, architecture, architectures",environmental,0.524,model
satellite-bas,11.45569168853002,108,43,0.0295728368017524,0.0025814972684156,satellite-based,environmental,0.593,model
localis,11.454486333764812,221,88,0.0605147864184008,0.0052830641772227,"localisation, localisations, localise, localised, localisent, localiser, localises, localising",environmental,0.536,model
bleach,11.43227336737742,193,77,0.0528477546549835,0.0046226811550699,"bleach, bleached, bleaches, bleaching",environmental,0.707,model
vapour,11.424797158625678,258,103,0.0706462212486308,0.0061835864801584,"vapour, vapours",environmental,0.615,model
quantify,11.414351110736652,488,195,0.1336254107338444,0.0117067899381641,"quantify, quantifying",environmental,0.51,model
toscana,11.4026560788609,45,18,0.0123220153340635,0.0010806267635228,toscana,environmental,0.512,model
obiectul,11.4026560788609,65,26,0.0177984665936473,0.0015609053250885,obiectul,environmental,0.895,model
oriental,11.4026560788609,40,16,0.0109529025191675,0.0009605571231314,"orientale, orientales",environmental,0.651,model
vintag,11.4026560788609,30,12,0.0082146768893756,0.0007204178423485,"vintage, vintages",environmental,0.534,model
campana,11.4026560788609,30,12,0.0082146768893756,0.0007204178423485,campana,environmental,0.505,model
arièg,11.4026560788609,20,8,0.0054764512595837,0.0004802785615657,ariège,environmental,0.839,model
adaptación,11.4026560788609,20,8,0.0054764512595837,0.0004802785615657,adaptación,environmental,0.527,model
hexan,11.4026560788609,20,8,0.0054764512595837,0.0004802785615657,"hexan, hexane",environmental,0.6,model
youngest,11.4026560788609,20,8,0.0054764512595837,0.0004802785615657,youngest,environmental,0.5,model
reoccurr,11.4026560788609,20,8,0.0054764512595837,0.0004802785615657,"reoccurr, reoccurred, reoccurrence, reoccurring",environmental,0.538,model
carrot,11.402656078860897,75,30,0.0205366922234392,0.0018010446058714,"carrot, carrots",environmental,0.625,model
echnic,11.402656078860897,50,20,0.0136911281489594,0.0012006964039142,echnical,environmental,0.619,model
neodymium,11.402656078860897,35,14,0.0095837897042716,0.0008404874827399,neodymium,environmental,0.544,model
descent,11.402656078860897,25,10,0.0068455640744797,0.0006003482019571,"descent, descents",environmental,0.595,model
chloropren,11.402656078860897,25,10,0.0068455640744797,0.0006003482019571,chloroprene,environmental,0.756,model
valanc,11.402656078860897,25,10,0.0068455640744797,0.0006003482019571,valances,environmental,0.514,model
edif,11.402656078860897,25,10,0.0068455640744797,0.0006003482019571,"edif, edifer",environmental,0.679,model
jambon,11.402656078860897,25,10,0.0068455640744797,0.0006003482019571,"jambon, jambons",environmental,0.551,model
research-intens,11.402656078860897,25,10,0.0068455640744797,0.0006003482019571,research-intensive,environmental,0.718,model
stadtentwicklung,11.402656078860897,25,10,0.0068455640744797,0.0006003482019571,stadtentwicklung,environmental,0.544,model
diversity,11.389422822289683,1291,517,0.3535049288061336,0.0310380020411838,diversity,environmental,0.607,model
aromat,11.385509227614492,332,133,0.0909090909090909,0.0079846310860298,"aromat, aromatic, aromatics",environmental,0.504,model
pave,11.384977542304524,322,129,0.088170865279299,0.007744491805247,"pave, paves",environmental,0.567,model
herbicid,11.36645717067404,157,63,0.0429901423877327,0.0037821936723299,"herbicidal, herbicide, herbicides",environmental,0.796,model
maker,11.362292694510948,563,226,0.1541621029572837,0.0135678693642312,"maker, makers",environmental,0.51,model
refuge,11.359627187997273,528,212,0.144578313253012,0.0127273818814912,"refugee, refugees",environmental,0.573,model
rose,11.348097915804148,520,209,0.1423877327491785,0.0125472774209041,"rose, roses",environmental,0.51,model
hydroxid,11.344180919482124,97,39,0.0265607886089813,0.0023413579876328,"hydroxide, hydroxides",environmental,0.6,model
bi-annu,11.337498044124551,87,35,0.0238225629791894,0.0021012187068499,bi-annual,environmental,0.549,model
controversi,11.335581631338188,169,68,0.046276013143483,0.0040823677733085,"controversial, controversies",environmental,0.606,model
cohort,11.311434830230011,62,25,0.0169769989047097,0.0015008705048928,"cohort, cohorts",environmental,0.689,model
reed,11.311434830230011,62,25,0.0169769989047097,0.0015008705048928,"reed, reeding, reeds",environmental,0.934,model
footwear,11.29230779422676,307,124,0.0840635268346111,0.0074443177042684,footwear,environmental,0.526,model
eiopa,11.268507183815476,42,17,0.0115005476451259,0.0010205919433271,eiopa,environmental,0.94,model
florina,11.250620664476086,37,15,0.01013143483023,0.0009005223029357,"florina, florinas",environmental,0.662,model
asthma,11.250620664476086,37,15,0.01013143483023,0.0009005223029357,asthma,environmental,0.596,model
newsprint,11.250620664476086,37,15,0.01013143483023,0.0009005223029357,newsprint,environmental,0.517,model
blue,11.246455310657328,540,219,0.1478641840087623,0.0131476256228612,"blue, blueing",environmental,0.561,model
weaker,11.227230600724576,192,78,0.0525739320920043,0.0046827159752656,weaker,environmental,0.527,model
epizoot,11.227230600724576,64,26,0.0175246440306681,0.0015609053250885,"epizootic, epizootics",environmental,0.848,model
versail,11.227230600724576,32,13,0.008762322015334,0.0007804526625442,versailles,environmental,0.539,model
aer,11.227230600724576,32,13,0.008762322015334,0.0007804526625442,"aer, aeres, aers",environmental,0.551,model
iroda,11.227230600724576,32,13,0.008762322015334,0.0007804526625442,iroda,environmental,0.563,model
roquefort,11.227230600724576,32,13,0.008762322015334,0.0007804526625442,roquefort,environmental,0.52,model
crustacean,11.216490265328474,241,98,0.0659912376779846,0.0058834123791799,"crustacean, crustaceans",environmental,0.736,model
brassica,11.21261181087988,59,24,0.0161555312157721,0.0014408356846971,"brassica, brassicas",environmental,0.536,model
csp,11.195335059245249,81,33,0.0221796276013143,0.0019811490664585,"csp, csps",environmental,1.0,known_acronym
masticha,11.195335059245243,27,11,0.0073932092004381,0.0006603830221528,masticha,environmental,0.524,model
admixtur,11.195335059245243,27,11,0.0073932092004381,0.0006603830221528,"admixture, admixtures",environmental,0.521,model
reblochon,11.195335059245243,27,11,0.0073932092004381,0.0006603830221528,reblochon,environmental,0.515,model
eu-armenia,11.195335059245243,27,11,0.0073932092004381,0.0006603830221528,eu-armenia,environmental,0.537,model
chlorophyl,11.195335059245243,27,11,0.0073932092004381,0.0006603830221528,"chlorophyl, chlorophyll, chlorophylls",environmental,0.831,model
nutrit,11.173511794022543,512,209,0.140197152245345,0.0125472774209041,"nutrition, nutritional, nutritive, nutritives",environmental,0.587,model
southern,11.161512294715802,810,331,0.2217962760131434,0.0198715254847811,"southern, southerners",environmental,0.529,model
epidemiology,11.14926372155288,110,45,0.0301204819277108,0.0027015669088071,epidemiology,environmental,0.814,model
etween,11.14926372155288,22,9,0.0060240963855421,0.0005403133817614,etween,environmental,0.59,model
unanticipat,11.14926372155288,22,9,0.0060240963855421,0.0005403133817614,unanticipated,environmental,0.537,model
acacia,11.14926372155288,22,9,0.0060240963855421,0.0005403133817614,acacia,environmental,0.722,model
alkan,11.14926372155288,22,9,0.0060240963855421,0.0005403133817614,"alkan, alkane, alkanes, alkans",environmental,0.69,model
volkshuisvest,11.14926372155288,22,9,0.0060240963855421,0.0005403133817614,volkshuisvesting,environmental,0.625,model
amet,11.14926372155288,22,9,0.0060240963855421,0.0005403133817614,"amet, ameter, ameters",environmental,0.557,model
infinit,11.14926372155288,22,9,0.0060240963855421,0.0005403133817614,infinite,environmental,0.539,model
oblast,11.14926372155288,22,9,0.0060240963855421,0.0005403133817614,"oblast, oblasts",environmental,0.606,model
enpi,11.149263721552876,132,54,0.036144578313253,0.0032418802905685,enpi,environmental,0.654,model
oxygen,11.145907531389858,369,151,0.1010405257393209,0.0090652578495527,"oxygen, oxygenate, oxygenates, oxygenation",environmental,0.768,model
root,11.130237674246471,715,293,0.1957831325301204,0.017590202317344,"root, rooted, rooting, roots",environmental,0.671,model
radiat,11.120792670169957,651,267,0.1782584884994523,0.0160292969922555,"radiate, radiated, radiating, radiation, radiations, radiator, radiators",environmental,0.576,model
greenland,11.117589676889374,117,48,0.0320372398685651,0.0028816713693942,"greenland, greenlanders, greenlandic",environmental,0.901,model
rural,11.107941275591878,1583,650,0.4334611171960569,0.0390226331272137,"rural, rurale, rurales",environmental,0.779,model
celex,11.09447618483763,360,148,0.0985761226725082,0.0088851533889656,celex,environmental,0.523,model
andalucía,11.076865905179158,68,28,0.0186199342825848,0.0016809749654799,andalucía,environmental,0.664,model
hermetically,11.076865905179158,51,21,0.0139649507119386,0.0012607312241099,hermetically,environmental,0.525,model
oceania,11.076865905179158,34,14,0.0093099671412924,0.0008404874827399,oceania,environmental,0.735,model
watchkeep,11.076865905179158,34,14,0.0093099671412924,0.0008404874827399,"watchkeepers, watchkeeping",environmental,0.651,model
biosafety,11.063002493533126,114,47,0.0312157721796276,0.0028216365491985,biosafety,environmental,0.93,model
flower,11.048780545379008,281,116,0.0769441401971522,0.0069640391427027,"flower, flowered, flowering, flowerings, flowers",environmental,0.738,model
bream,11.042572202686342,46,19,0.0125958378970427,0.0011406615837185,"bream, breams",environmental,0.851,model
arithmet,11.034828463413772,75,31,0.0205366922234392,0.0018610794260671,"arithmetic, arithmetical",environmental,0.544,model
deeper,11.025084685521133,365,151,0.0999452354874041,0.0090652578495527,deeper,environmental,0.517,model
neutron,11.022567542898868,58,24,0.0158817086527929,0.0014408356846971,"neutron, neutronics, neutrons",environmental,0.545,model
uropean,11.007364001460388,181,75,0.0495618838992333,0.0045026115146785,uropean,environmental,0.823,model
organically,11.000209393724631,41,17,0.0112267250821467,0.0010205919433271,organically,environmental,0.674,model
downstream,10.951427977344478,449,187,0.122946330777656,0.0112265113765984,"downstream, downstreaming, downstreamness",environmental,0.75,model
isoglucos,10.946549835706463,108,45,0.0295728368017524,0.0027015669088071,isoglucose,environmental,0.508,model
cuttlefish,10.946549835706463,36,15,0.0098576122672508,0.0009005223029357,"cuttlefish, cuttlefishes",environmental,0.805,model
harengu,10.946549835706463,36,15,0.0098576122672508,0.0009005223029357,harengus,environmental,0.738,model
alken,10.94654983570646,24,10,0.0065717415115005,0.0006003482019571,"alken, alkene, alkenes",environmental,0.692,model
sailfish,10.94654983570646,24,10,0.0065717415115005,0.0006003482019571,"sailfish, sailfishes",environmental,0.723,model
gioia,10.94654983570646,24,10,0.0065717415115005,0.0006003482019571,gioia,environmental,0.689,model
farmer,10.94419877259742,931,388,0.2549288061336254,0.0232935102359368,"farmer, farmers",environmental,0.627,model
open-end,10.890700091646734,117,49,0.0320372398685651,0.0029417061895899,"open-end, open-ended",environmental,0.535,model
harbour,10.889536555312157,191,80,0.0523001095290251,0.004802785615657,"harbour, harboured, harbouring, harbours",environmental,0.72,model
weather,10.876379644451934,651,273,0.1782584884994523,0.0163895059134297,"weather, weathered, weathering, weathers",environmental,0.634,model
agua,10.876379644451934,31,13,0.0084884994523548,0.0007804526625442,"agua, aguas",environmental,0.799,model
electro-magnet,10.876379644451934,31,13,0.0084884994523548,0.0007804526625442,"electro-magnetic, electro-magnets",environmental,0.538,model
regenerat,10.868914730488688,112,47,0.0306681270536692,0.0028216365491985,"regenerated, regenerating",environmental,0.69,model
reson,10.866060498679207,81,34,0.0221796276013143,0.0020411838866542,"resonance, resonances, resonant, resonate, resonates, resonator, resonators",environmental,0.519,model
coberto,10.859672456057998,100,42,0.0273822562979189,0.0025214624482199,cobertos,environmental,0.589,model
observatoir,10.832523274917854,38,16,0.0104052573932092,0.0009605571231314,observatoire,environmental,0.534,model
tea,10.820392789727576,223,94,0.0610624315443592,0.005643273098397,"tea, teas",environmental,0.629,model
chemically,10.81838775085315,287,121,0.0785870755750273,0.0072642132436813,chemically,environmental,0.687,model
hemispher,10.80251628523664,45,19,0.0123220153340635,0.0011406615837185,"hemisphere, hemispheres, hemispheric, hemispherical",environmental,0.539,model
product-relat,10.80251628523664,45,19,0.0123220153340635,0.0011406615837185,product-related,environmental,0.52,model
garden,10.78069302001394,364,154,0.0996714129244249,0.0092453623101398,"garden, gardene, gardener, gardeners, gardening, gardens",environmental,0.696,model
maladi,10.78069302001394,26,11,0.0071193866374589,0.0006603830221528,"maladie, maladies",environmental,0.5,model
excepto,10.78069302001394,26,11,0.0071193866374589,0.0006603830221528,excepto,environmental,0.546,model
ammonium,10.751075731497416,231,98,0.0632530120481927,0.0058834123791799,ammonium,environmental,0.604,model
iran,10.735183527903189,193,82,0.0528477546549835,0.0049228552560485,iran,environmental,0.514,model
thermomet,10.731911603633788,80,34,0.0219058050383351,0.0020411838866542,"thermometer, thermometers",environmental,0.583,model
infancy,10.718496714129245,47,20,0.0128696604600219,0.0012006964039142,infancy,environmental,0.513,model
chariti,10.718496714129245,47,20,0.0128696604600219,0.0012006964039142,charities,environmental,0.552,model
scienc,10.715261918078504,1325,564,0.362814895947426,0.0338596385903824,"scienc, science, sciences",environmental,0.827,model
topic,10.7016367557247,1206,514,0.3302300109529025,0.0308578975805967,"topic, topical, topics",environmental,0.559,model
locust,10.689990073932092,75,32,0.0205366922234392,0.0019211142462628,"locust, locusts",environmental,0.88,model
sheep,10.677032510206114,412,176,0.112814895947426,0.0105661283544455,sheep,environmental,0.836,model
mould,10.675530183977012,323,138,0.0884446878422782,0.0082848051870084,"mould, moulded, moulding, mouldings, moulds",environmental,0.528,model
surviv,10.666611612394746,442,189,0.1210295728368017,0.0113465810169898,"survivable, survival, survivals, survivants, survive, survived, survives, surviving",environmental,0.58,model
yogurt,10.64247900693684,63,27,0.0172508214676889,0.0016209401452842,"yogurt, yogurts",environmental,0.533,model
stone,10.642479006936838,392,168,0.1073384446878422,0.0100858497928798,"stone, stones",environmental,0.566,model
bamboo,10.642479006936838,77,33,0.0210843373493975,0.0019811490664585,"bamboo, bamboos",environmental,0.787,model
public-health,10.642479006936838,21,9,0.0057502738225629,0.0005403133817614,public-health,environmental,0.548,model
konsumentenschutz,10.642479006936838,21,9,0.0057502738225629,0.0005403133817614,konsumentenschutz,environmental,0.573,model
wind-jacket,10.642479006936838,21,9,0.0057502738225629,0.0005403133817614,wind-jackets,environmental,0.683,model
canyon,10.642479006936838,21,9,0.0057502738225629,0.0005403133817614,"canyon, canyons",environmental,0.855,model
brushless,10.642479006936838,21,9,0.0057502738225629,0.0005403133817614,brushless,environmental,0.548,model
cywilnego,10.642479006936838,21,9,0.0057502738225629,0.0005403133817614,cywilnego,environmental,0.694,model
bardolino,10.642479006936838,21,9,0.0057502738225629,0.0005403133817614,bardolino,environmental,0.517,model
tuvalu,10.642479006936837,56,24,0.0153340635268346,0.0014408356846971,tuvalu,environmental,0.578,model
hydroxy,10.642479006936837,35,15,0.0095837897042716,0.0009005223029357,hydroxy,environmental,0.538,model
sculptur,10.642479006936837,28,12,0.0076670317634173,0.0007204178423485,"sculpture, sculptures",environmental,0.599,model
kinet,10.642479006936837,28,12,0.0076670317634173,0.0007204178423485,"kinetic, kinetics",environmental,0.595,model
globe,10.61047155127688,221,95,0.0605147864184008,0.0057033079185927,"globe, globes",environmental,0.68,model
plasma,10.597762708588366,158,68,0.0432639649507119,0.0040823677733085,"plasma, plasmas",environmental,0.718,model
asylum,10.594967939941585,446,192,0.1221248630887185,0.0115266854775769,asylum,environmental,0.63,model
pharmaci,10.593435324877222,72,31,0.0197152245345016,0.0018610794260671,"pharmacie, pharmacies",environmental,0.504,model
deep,10.59070224042808,750,323,0.2053669222343921,0.0193912469232154,"deep, deepeing",environmental,0.751,model
ioniz,10.581664841182914,116,50,0.0317634173055859,0.0030017410097856,"ionizate, ionization, ionize, ionized, ionizing, ionizings",environmental,0.608,model
beech,10.581664841182914,58,25,0.0158817086527929,0.0015008705048928,"beech, beeches",environmental,0.892,model
copolym,10.577783085922023,109,47,0.0298466593647316,0.0028216365491985,"copolymer, copolymers",environmental,0.536,model
territoriality,10.577783085922023,109,47,0.0298466593647316,0.0028216365491985,territoriality,environmental,0.586,model
satsuma,10.573372000398289,51,22,0.0139649507119386,0.0013207660443056,"satsuma, satsumas",environmental,0.615,model
sensor,10.566461299744432,278,120,0.0761226725082146,0.0072041784234856,"sensor, sensoric, sensoring, sensors",environmental,0.603,model
transpond,10.562460367786937,44,19,0.0120481927710843,0.0011406615837185,"transponde, transponder, transponders",environmental,0.534,model
alli,10.557065852788067,206,89,0.056407447973713,0.0053430989974185,"alli, allied, allies",environmental,0.504,model
continent,10.552517223277183,391,169,0.107064622124863,0.0101458846130755,"continental, continente, continentes",environmental,0.707,model
food-produc,10.52552868817929,60,26,0.0164293537787513,0.0015609053250885,food-producing,environmental,0.597,model
peloponnes,10.52552868817929,30,13,0.0082146768893756,0.0007804526625442,peloponnese,environmental,0.774,model
smallest,10.521541745494376,203,88,0.0555859802847754,0.0052830641772227,"smallest, smallests",environmental,0.556,model
religi,10.505156697169912,357,155,0.0977546549835706,0.0093053971303355,religious,environmental,0.524,model
nectar,10.490443592552026,23,10,0.0062979189485213,0.0006003482019571,"nectar, nectared, nectars",environmental,0.667,model
ethiopia,10.473550768731492,124,54,0.0339539978094194,0.0032418802905685,ethiopia,environmental,0.814,model
metrology,10.470363443482334,365,159,0.0999452354874041,0.0095455364111184,metrology,environmental,0.616,model
piedmont,10.463613813542942,39,17,0.0106790799561883,0.0010205919433271,piedmont,environmental,0.533,model
handwrit,10.463613813542942,39,17,0.0106790799561883,0.0010205919433271,handwriting,environmental,0.521,model
exploratory,10.458987989575858,266,116,0.0728368017524644,0.0069640391427027,exploratory,environmental,0.822,model
cooker,10.42528555781568,80,35,0.0219058050383351,0.0021012187068499,"cooker, cookers",environmental,0.581,model
silkworm,10.42528555781568,64,28,0.0175246440306681,0.0016809749654799,"silkworm, silkworms",environmental,0.863,model
energia,10.42528555781568,48,21,0.013143483023001,0.0012607312241099,"energia, energias",environmental,0.862,model
camembert,10.42528555781568,32,14,0.008762322015334,0.0008404874827399,camembert,environmental,0.518,model
pumpkin,10.42528555781568,32,14,0.008762322015334,0.0008404874827399,"pumpkin, pumpkins",environmental,0.591,model
angular,10.42528555781568,32,14,0.008762322015334,0.0008404874827399,"angular, angulares",environmental,0.641,model
insect,10.418897515194468,233,102,0.0638006571741511,0.0061235516599627,"insect, insectes, insects",environmental,0.776,model
uncov,10.411120767655603,105,46,0.0287513691128148,0.0027616017290028,"uncover, uncovered, uncovering, uncovers",environmental,0.553,model
pasta,10.409954255524772,194,85,0.0531215772179627,0.0051029597166356,"pasta, pastas",environmental,0.535,model
abandon,10.406931181833608,486,213,0.1330777656078861,0.0127874167016869,"abandon, abandoned, abandoning, abandonment, abandonments, abandons",environmental,0.507,model
bike,10.39922234392114,57,25,0.0156078860898138,0.0015008705048928,"bike, bikes",environmental,0.692,model
geographically,10.391290061431496,262,115,0.0717415115005476,0.006904004322507,geographically,environmental,0.643,model
rarely,10.38908664962882,328,144,0.0898138006571741,0.0086450141081827,rarely,environmental,0.543,model
monohydr,10.38908664962882,41,18,0.0112267250821467,0.0010806267635228,"monohydrate, monohydric",environmental,0.579,model
infra,10.366050980782637,50,22,0.0136911281489594,0.0013207660443056,"infra, infras",environmental,0.688,model
peptid,10.366050980782637,25,11,0.0068455640744797,0.0006603830221528,"peptide, peptides",environmental,0.624,model
submerg,10.350103210042969,59,26,0.0161555312157721,0.0015609053250885,"submerge, submerged, submergence, submerging",environmental,0.653,model
newslett,10.34582453984452,93,41,0.0254654983570646,0.0024614276280242,"newsletter, newsletters",environmental,0.587,model
novel,10.331081170245056,376,166,0.1029572836801752,0.0099657801524884,"novel, novelle, novels",environmental,0.508,model
friuli,10.322404450337237,43,19,0.0117743702081051,0.0011406615837185,friuli,environmental,0.527,model
explor,10.319236556998456,1543,682,0.4225082146768893,0.0409437473734766,"explor, exploration, explorations, explorative, explore, explored, explorer, explorers, explores, exploring",environmental,0.793,model
literatur,10.311967236535072,312,138,0.0854326396495071,0.0082848051870084,"literatur, literature, literatures",environmental,0.521,model
egul,10.311967236535072,208,92,0.0569550930996714,0.0055232034580056,"egulate, egulates, egulation, egulations, egulators",environmental,0.697,model
therapy,10.302635139488434,192,85,0.0525739320920043,0.0051029597166356,therapy,environmental,0.513,model
shortcom,10.28519578313253,902,400,0.2469879518072289,0.0240139280782854,"shortcoming, shortcomings",environmental,0.508,model
micro-organ,10.26239047097481,243,108,0.066538882803943,0.006483760581137,"micro-organism, micro-organisms",environmental,0.865,model
cellar,10.26239047097481,81,36,0.0221796276013143,0.0021612535270456,"cellar, cellaring, cellars",environmental,0.677,model
mackerel,10.26239047097481,72,32,0.0197152245345016,0.0019211142462628,"mackerel, mackerels",environmental,0.815,model
ceremony,10.26239047097481,63,28,0.0172508214676889,0.0016809749654799,ceremony,environmental,0.562,model
mercosur,10.262390470974807,90,40,0.024644030668127,0.0024013928078285,mercosur,environmental,0.511,model
hydrobromofluorocarbon,10.262390470974807,27,12,0.0073932092004381,0.0007204178423485,hydrobromofluorocarbons,environmental,0.715,model
ethnograph,10.262390470974807,27,12,0.0073932092004381,0.0007204178423485,"ethnographer, ethnographic, ethnographical",environmental,0.72,model
nowher,10.262390470974807,27,12,0.0073932092004381,0.0007204178423485,nowhere,environmental,0.683,model
freez,10.25594829239918,398,177,0.1089813800657174,0.0106261631746412,"freeze, freezes, freezing",environmental,0.596,model
academ,10.232773182458288,691,308,0.1892113910186199,0.0184907246202797,"academ, academe, academic, academics",environmental,0.661,model
bhutan,10.20809210869452,47,21,0.0128696604600219,0.0012607312241099,"bhutan, bhutanitis",environmental,0.508,model
antler,10.20809210869452,47,21,0.0128696604600219,0.0012607312241099,"antler, antlers",environmental,0.79,model
automot,10.19973851449755,407,182,0.1114457831325301,0.0109263372756198,"automotive, automotives",environmental,0.511,model
scientifically,10.199042381647804,161,72,0.0440854326396495,0.0043225070540913,scientifically,environmental,0.85,model
enormously,10.195316023452095,38,17,0.0104052573932092,0.0010205919433271,enormously,environmental,0.519,model
patholog,10.195316023452095,38,17,0.0104052573932092,0.0010205919433271,pathological,environmental,0.598,model
quench,10.195316023452095,38,17,0.0104052573932092,0.0010205919433271,"quench, quenched, quenching",environmental,0.602,model
downsid,10.186372763782405,67,30,0.0183461117196056,0.0018010446058714,"downside, downsides",environmental,0.517,model
siev,10.182837056471127,96,43,0.0262869660460021,0.0025814972684156,"sieve, sieved, sieves, sieving",environmental,0.517,model
breast,10.180942927554376,125,56,0.0342278203723986,0.0033619499309599,"breast, breasted, breasts",environmental,0.569,model
glucos,10.178956402105094,183,82,0.0501095290251916,0.0049228552560485,"glucose, glucoses",environmental,0.581,model
dichloro,10.174677731906648,29,13,0.0079408543263964,0.0007804526625442,dichloro,environmental,0.53,model
commodity,10.149234341947944,583,262,0.1596385542168674,0.0157291228912769,commodity,environmental,0.595,model
sucros,10.1356942923208,180,81,0.0492880613362541,0.0048628204358527,sucrose,environmental,0.523,model
home-grown,10.1356942923208,20,9,0.0054764512595837,0.0005403133817614,home-grown,environmental,0.539,model
northward,10.1356942923208,20,9,0.0054764512595837,0.0005403133817614,"northward, northwards",environmental,0.508,model
wearabl,10.1356942923208,20,9,0.0054764512595837,0.0005403133817614,"wearable, wearables",environmental,0.508,model
arthropod,10.1356942923208,20,9,0.0054764512595837,0.0005403133817614,"arthropod, arthropode, arthropods",environmental,0.765,model
prepolym,10.1356942923208,20,9,0.0054764512595837,0.0005403133817614,"prepolymer, prepolymers",environmental,0.52,model
bosco,10.1356942923208,20,9,0.0054764512595837,0.0005403133817614,bosco,environmental,0.545,model
minority,10.126395490217751,484,218,0.1325301204819277,0.0130875908026655,minority,environmental,0.586,model
conveyor,10.113660174294017,102,46,0.0279299014238773,0.0027616017290028,"conveyor, conveyors",environmental,0.544,model
eu4health,10.113660174294017,51,23,0.0139649507119386,0.0013808008645014,eu4health,environmental,0.605,model
histori,10.099495384133938,31,14,0.0084884994523548,0.0008404874827399,"histori, historial, historie, histories",environmental,0.524,model
mushroom,10.095151515151516,166,75,0.0454545454545454,0.0045026115146785,"mushroom, mushroomed, mushrooming, mushrooms",environmental,0.806,model
classic,10.094704352168032,301,136,0.082420591456736,0.008164735546617,"classic, classical, classics",environmental,0.525,model
vétérinair,10.08234853288753,42,19,0.0115005476451259,0.0011406615837185,"vétérinaire, vétérinaires",environmental,0.854,model
rattan,10.08234853288753,42,19,0.0115005476451259,0.0011406615837185,"rattan, rattans",environmental,0.656,model
game,10.068760462088491,351,159,0.0961117196056955,0.0095455364111184,"game, games",environmental,0.58,model
euro-m,10.061167128406677,75,34,0.0205366922234392,0.0020411838866542,euro-med,environmental,0.591,model
georgian,10.052953930750832,108,49,0.0295728368017524,0.0029417061895899,"georgian, georgians",environmental,0.574,model
roam,10.04755782021366,152,69,0.0416210295728368,0.0041424025935042,"roam, roamed, roaming, roams",environmental,0.706,model
tourism,10.03433734939759,1034,470,0.2831325301204819,0.0282163654919853,"tourism, tourisme, tourismou, tourisms",environmental,0.542,model
erod,10.03433734939759,165,75,0.0451807228915662,0.0045026115146785,"erod, erode, eroded, erodes, erodible, eroding",environmental,0.701,model
eagf,10.03433734939759,99,45,0.0271084337349397,0.0027015669088071,eagf,environmental,0.897,model
eu-georgia,10.03433734939759,44,20,0.0120481927710843,0.0012006964039142,eu-georgia,environmental,0.567,model
apfel,10.03433734939759,22,10,0.0060240963855421,0.0006003482019571,apfel,environmental,0.916,model
palo,10.03433734939759,22,10,0.0060240963855421,0.0006003482019571,"palo, palos",environmental,0.641,model
siurana,10.03433734939759,22,10,0.0060240963855421,0.0006003482019571,siurana,environmental,0.532,model
pieria,10.03433734939759,22,10,0.0060240963855421,0.0006003482019571,"pieria, pierias",environmental,0.552,model
vidau,10.03433734939759,22,10,0.0060240963855421,0.0006003482019571,vidaus,environmental,0.706,model
naturel,10.034337349397587,66,30,0.0180722891566265,0.0018010446058714,"naturel, naturell, naturelle, naturellement, naturelles, naturels",environmental,0.956,model
trichloroethan,10.034337349397587,33,15,0.0090361445783132,0.0009005223029357,trichloroethane,environmental,0.676,model
quercy,10.034337349397587,33,15,0.0090361445783132,0.0009005223029357,quercy,environmental,0.513,model
drama,10.034337349397587,33,15,0.0090361445783132,0.0009005223029357,"drama, dramas",environmental,0.519,model
quadricycl,10.034337349397587,33,15,0.0090361445783132,0.0009005223029357,"quadricycle, quadricycles",environmental,0.629,model
ceram,10.022716808170726,345,157,0.0944687842278203,0.009425466770727,"ceramic, ceramics",environmental,0.559,model
deceler,10.00899811366679,79,36,0.0216319824753559,0.0021612535270456,"decelerate, decelerates, deceleration, decelerations",environmental,0.533,model
biomed,10.00491114016182,68,31,0.0186199342825848,0.0018610794260671,biomedical,environmental,0.526,model
walnut,9.999252253770326,57,26,0.0156078860898138,0.0015609053250885,"walnut, walnuts",environmental,0.705,model
outbreak,9.99089865957336,414,189,0.1133625410733844,0.0113465810169898,"outbreak, outbreakes, outbreaks",environmental,0.555,model
shipyard,9.985028566353868,81,37,0.0221796276013143,0.0022212883472414,"shipyard, shipyards",environmental,0.564,model
sensitivity,9.983892419279126,475,217,0.130065717415115,0.0130275559824698,sensitivity,environmental,0.524,model
rail,9.981455466133308,1057,483,0.2894304490690033,0.0289968181545296,"rail, railing, railings, rails",environmental,0.501,model
tetrahydrofuran,9.977324069003284,35,16,0.0095837897042716,0.0009605571231314,"tetrahydrofuran, tetrahydrofurane",environmental,0.633,model
culturally,9.977324069003284,35,16,0.0095837897042716,0.0009605571231314,culturally,environmental,0.693,model
espoo,9.970694617794646,94,43,0.0257393209200438,0.0025814972684156,espoo,environmental,0.674,model
adsorpt,9.95140894155133,48,22,0.013143483023001,0.0013207660443056,"adsorpt, adsorption",environmental,0.628,model
spectral,9.95140894155133,24,11,0.0065717415115005,0.0006603830221528,spectral,environmental,0.585,model
cepi,9.95140894155133,24,11,0.0065717415115005,0.0006603830221528,"cepi, cepis",environmental,0.749,model
hydrant,9.95140894155133,24,11,0.0065717415115005,0.0006603830221528,"hydrant, hydrants",environmental,0.505,model
carboxymethylcellulos,9.95140894155133,24,11,0.0065717415115005,0.0006603830221528,carboxymethylcellulose,environmental,0.517,model
paraglid,9.95140894155133,24,11,0.0065717415115005,0.0006603830221528,"paragliders, paragliding",environmental,0.546,model
ecsa,9.927018233361254,37,17,0.01013143483023,0.0010205919433271,ecsa,environmental,0.893,model
apsaugo,9.927018233361254,37,17,0.01013143483023,0.0010205919433271,apsaugos,environmental,0.517,model
gallu,9.92031078860898,87,40,0.0238225629791894,0.0024013928078285,gallus,environmental,0.547,model
chlorinat,9.92031078860898,87,40,0.0238225629791894,0.0024013928078285,chlorinated,environmental,0.527,model
expos,9.917659008125527,935,430,0.2560240963855422,0.0258149726841568,"exposant, expose, exposed, exposes, exposing",environmental,0.526,model
gaug,9.909646434002852,302,139,0.0826944140197152,0.0083448400072041,"gauge, gauged, gauges, gauging",environmental,0.517,model
erupt,9.90851493749292,63,29,0.0172508214676889,0.0017410097856756,"erupt, erupted, erupting, eruption, eruptions, erupts",environmental,0.741,model
migrat,9.901793654805704,1016,468,0.2782037239868565,0.0280962958515939,"migrate, migrated, migrates, migrating, migration, migrations",environmental,0.536,model
hydroxymethyl,9.88230193501278,39,18,0.0106790799561883,0.0010806267635228,hydroxymethyl,environmental,0.531,model
coumarin,9.882301935012778,26,12,0.0071193866374589,0.0007204178423485,"coumarin, coumarins",environmental,0.623,model
bacillu,9.882301935012778,26,12,0.0071193866374589,0.0007204178423485,bacillus,environmental,0.654,model
divers,9.880759993690416,1068,493,0.2924424972617743,0.0295971663564867,"diverse, diversement, diverses, diversion, diversions, diversities",environmental,0.556,model
peak,9.879873254271809,678,313,0.1856516976998904,0.0187908987212583,"peak, peaked, peaking, peaks",environmental,0.509,model
scientist,9.863008100699986,426,197,0.1166484118291347,0.0118268595785555,"scientist, scientists",environmental,0.875,model
e-health,9.85778009398297,134,62,0.0366922234392113,0.0037221588521342,e-health,environmental,0.687,model
wool,9.855152753872634,242,112,0.0662650602409638,0.0067238998619199,"wool, wools",environmental,0.505,model
deteriorat,9.853616007770365,458,212,0.1254107338444688,0.0127273818814912,"deteriorat, deteriorated, deteriorating",environmental,0.503,model
slope,9.851894852135816,162,75,0.0443592552026287,0.0045026115146785,"slope, slopes",environmental,0.657,model
aluminium,9.84866578138782,488,226,0.1336254107338444,0.0135678693642312,aluminium,environmental,0.503,model
rubber,9.835587142883366,386,179,0.1056955093099671,0.0107462328150327,"rubber, rubbers",environmental,0.522,model
alpin,9.829875930052498,125,58,0.0342278203723986,0.0034820195713513,alpine,environmental,0.659,model
ekonomiska,9.823826775634004,28,13,0.0076670317634173,0.0007804526625442,ekonomiska,environmental,0.663,model
tourain,9.823826775634004,28,13,0.0076670317634173,0.0007804526625442,touraine,environmental,0.561,model
vultur,9.823826775634004,28,13,0.0076670317634173,0.0007804526625442,"vultur, vulture, vultures",environmental,0.793,model
fintech,9.823826775634004,28,13,0.0076670317634173,0.0007804526625442,"fintech, fintechs",environmental,0.506,model
membran,9.810587116906737,114,53,0.0312157721796276,0.0031818454703728,"membrane, membranes",environmental,0.684,model
gavi,9.806284227820372,43,20,0.0117743702081051,0.0012006964039142,gavi,environmental,0.604,model
oilse,9.801432033744264,101,47,0.0276560788608981,0.0028216365491985,"oilseed, oilseeds",environmental,0.55,model
pilot,9.79808087812335,1493,695,0.4088170865279299,0.0417242000360208,"pilot, pilote, piloted, pilotes, piloting, pilots",environmental,0.501,model
ecowa,9.797837815910103,58,27,0.0158817086527929,0.0016209401452842,ecowas,environmental,0.986,model
outdoor,9.791638614508072,234,109,0.0640744797371303,0.0065437954013327,"outdoor, outdoors",environmental,0.882,model
tourist,9.781901189664318,341,159,0.0933734939759036,0.0095455364111184,"tourist, touristic, tourists",environmental,0.576,model
refriger,9.778641425204952,283,132,0.0774917853231106,0.0079245962658341,"refrigerant, refrigerants, refrigeration, refrigerator, refrigerators",environmental,0.564,model
flue,9.7737052104522,75,35,0.0205366922234392,0.0021012187068499,"flue, flues",environmental,0.79,model
squid,9.7737052104522,60,28,0.0164293537787513,0.0016809749654799,"squid, squids",environmental,0.653,model
algarv,9.7737052104522,45,21,0.0123220153340635,0.0012607312241099,algarve,environmental,0.529,model
hopper,9.7737052104522,45,21,0.0123220153340635,0.0012607312241099,"hopper, hoppers",environmental,0.623,model
forestal,9.7737052104522,30,14,0.0082146768893756,0.0008404874827399,"forestale, forestales, forestall, forestalled, forestalling, forestalls",environmental,0.76,model
cinema,9.758552179118164,92,43,0.0251916757940854,0.0025814972684156,"cinema, cinemas",environmental,0.572,model
sativa,9.755605756358769,77,36,0.0210843373493975,0.0021612535270456,sativa,environmental,0.55,model
propion,9.744087921935677,47,22,0.0128696604600219,0.0013207660443056,"propionate, propionates, propionic",environmental,0.522,model
diphenylamin,9.744087921935677,47,22,0.0128696604600219,0.0013207660443056,diphenylamine,environmental,0.632,model
sea-go,9.744087921935677,47,22,0.0128696604600219,0.0013207660443056,sea-going,environmental,0.662,model
teacher,9.73920978029766,363,170,0.0993975903614457,0.0102059194332712,"teacher, teachers",environmental,0.803,model
expo,9.730266520627966,32,15,0.008762322015334,0.0009005223029357,"expo, expos",environmental,0.502,model
excurs,9.717046049811897,49,23,0.0134173055859802,0.0013808008645014,"excursion, excursions",environmental,0.781,model
lobster,9.717046049811897,49,23,0.0134173055859802,0.0013808008645014,"lobster, lobsters",environmental,0.829,model
airborn,9.712380001288576,181,85,0.0495618838992333,0.0051029597166356,"airborn, airborne",environmental,0.708,model
atlant,9.69490944751522,457,215,0.1251369112814896,0.0129074863420784,"atlant, atlante, atlantic, atlantics",environmental,0.596,model
shear,9.692257667031765,68,32,0.0186199342825848,0.0019211142462628,"shear, sheared, shearing, shears",environmental,0.538,model
damper,9.692257667031765,34,16,0.0093099671412924,0.0009605571231314,"damper, dampers",environmental,0.509,model
swimwear,9.692257667031765,34,16,0.0093099671412924,0.0009605571231314,swimwear,environmental,0.559,model
fewer,9.686827830803734,669,315,0.1831872946330777,0.0189109683616497,fewer,environmental,0.582,model
coal,9.684615136147809,792,373,0.216867469879518,0.0223929879330011,"coal, coals",environmental,0.654,model
nectarin,9.674980915397123,70,33,0.0191675794085432,0.0019811490664585,"nectarine, nectarines",environmental,0.631,model
seaport,9.672597915171655,123,58,0.0336801752464403,0.0034820195713513,"seaport, seaports",environmental,0.561,model
arena,9.672597915171655,123,58,0.0336801752464403,0.0034820195713513,"arena, arenas",environmental,0.624,model
chlorid,9.6706070542238,335,158,0.0917305585980284,0.0094855015909227,"chloride, chlorides",environmental,0.562,model
pool,9.66510848589162,801,378,0.2193318729463307,0.0226931620339797,"pool, poole, pooled, pooling, pools",environmental,0.623,model
pneumat,9.661605365744505,197,93,0.0539430449069003,0.0055832382782013,"pneumatic, pneumatics",environmental,0.553,model
brewer,9.65872044327041,36,17,0.0098576122672508,0.0010205919433271,"brewer, brewers",environmental,0.507,model
opera,9.65872044327041,36,17,0.0098576122672508,0.0010205919433271,"opera, operas",environmental,0.507,model
chicken,9.648401297497683,110,52,0.0301204819277108,0.0031218106501771,"chicken, chickens",environmental,0.616,model
beeswax,9.648401297497683,55,26,0.0150602409638554,0.0015609053250885,beeswax,environmental,0.626,model
ferment,9.646030682928272,313,148,0.0857064622124863,0.0088851533889656,"ferment, fermentable, fermentation, fermentations, fermentative, fermented, fermenter, fermenters, fermenting, ferments",environmental,0.612,model
mediterranean,9.645883228433526,884,418,0.2420591456736035,0.0250945548418082,mediterranean,environmental,0.727,model
deform,9.62890957770476,76,36,0.0208105147864184,0.0021612535270456,"deform, deformable, deformation, deformations, deformed, deforming, deformities, deforms",environmental,0.577,model
sequenc,9.609785626209812,335,159,0.0917305585980284,0.0095455364111184,"sequenc, sequence, sequenced, sequencers, sequences, sequencing",environmental,0.545,model
endang,9.60882359816205,691,328,0.1892113910186199,0.019691421024194,"endanger, endangered, endangering, endangers",environmental,0.506,model
agro,9.602236697988124,80,38,0.0219058050383351,0.0022813231674371,"agro, agros",environmental,0.962,model
historically,9.598653773847085,282,134,0.0772179627601314,0.0080446659062256,historically,environmental,0.556,model
externally,9.598653773847085,141,67,0.0386089813800657,0.0040223329531128,externally,environmental,0.629,model
campania,9.593958907731237,61,29,0.0167031763417305,0.0017410097856756,campania,environmental,0.573,model
store,9.591170290446115,593,282,0.1623767798466593,0.0169298192951912,"store, stores",environmental,0.508,model
eurojust,9.587539396919777,206,98,0.056407447973713,0.0058834123791799,eurojust,environmental,0.508,model
seafar,9.578231106243155,126,60,0.0345016429353778,0.0036020892117428,"seafare, seafarer, seafarers, seafaring",environmental,0.751,model
kultury,9.578231106243154,21,10,0.0057502738225629,0.0006003482019571,kultury,environmental,0.819,model
bibliograph,9.578231106243154,21,10,0.0057502738225629,0.0006003482019571,"bibliographic, bibliographical",environmental,0.519,model
ollect,9.578231106243154,21,10,0.0057502738225629,0.0006003482019571,"ollect, ollected, ollecting, ollection, ollective",environmental,0.631,model
unexplain,9.578231106243154,21,10,0.0057502738225629,0.0006003482019571,"unexplainable, unexplained",environmental,0.514,model
pipe,9.557731949247447,373,178,0.1021358159912376,0.010686197994837,"pipe, pipes",environmental,0.75,model
tissu,9.55241377172498,333,159,0.0911829134720701,0.0095455364111184,"tissu, tissue, tissues, tissus",environmental,0.54,model
discharg,9.537666342752196,964,461,0.2639649507119386,0.0276760521102239,"discharg, discharge, discharged, discharger, dischargers, discharges, discharging",environmental,0.566,model
pornography,9.536766902320023,69,33,0.018893756845564,0.0019811490664585,pornography,environmental,0.527,model
scooter,9.536766902320023,46,22,0.0125958378970427,0.0013207660443056,"scooter, scooters",environmental,0.605,model
nicotin,9.536766902320023,46,22,0.0125958378970427,0.0013207660443056,"nicotinate, nicotine, nicotinic, nicotinism",environmental,0.556,model
inelast,9.536766902320023,23,11,0.0062979189485213,0.0006603830221528,inelastic,environmental,0.525,model
réfugié,9.536766902320023,23,11,0.0062979189485213,0.0006603830221528,réfugiés,environmental,0.728,model
blossom,9.536766902320023,23,11,0.0062979189485213,0.0006603830221528,"blossom, blossomed, blossoming, blossoms",environmental,0.751,model
tisza,9.536766902320023,23,11,0.0062979189485213,0.0006603830221528,tisza,environmental,0.545,model
morpholin,9.536766902320023,23,11,0.0062979189485213,0.0006603830221528,"morpholine, morpholines",environmental,0.722,model
neurodegen,9.536766902320023,23,11,0.0062979189485213,0.0006603830221528,neurodegenerative,environmental,0.597,model
lesion,9.536766902320023,23,11,0.0062979189485213,0.0006603830221528,"lesion, lesiones, lesions",environmental,0.527,model
lessen,9.530578215167315,140,67,0.0383351588170865,0.0040223329531128,"lessen, lessened, lessening, lessens",environmental,0.512,model
allevi,9.52605659134357,566,271,0.1549835706462212,0.0162694362730383,"alleviate, alleviates, alleviation, alleviations",environmental,0.544,model
combatt,9.513073071506806,219,105,0.0599671412924424,0.0063036561205499,"combattants, combatted, combatting",environmental,0.595,model
fire,9.505518516754766,719,345,0.1968784227820372,0.0207120129675211,"fire, fires",environmental,0.783,model
upland,9.502213399050747,25,12,0.0068455640744797,0.0007204178423485,"upland, uplands",environmental,0.898,model
balsamico,9.502213399050747,25,12,0.0068455640744797,0.0007204178423485,balsamico,environmental,0.533,model
aceto,9.502213399050747,25,12,0.0068455640744797,0.0007204178423485,aceto,environmental,0.769,model
pre-condit,9.495302698396896,229,110,0.0627053669222344,0.0066038302215284,"pre-condition, pre-conditioned, pre-conditioning, pre-conditions",environmental,0.535,model
piper,9.487009857612268,52,25,0.0142387732749178,0.0015008705048928,"piper, pipers",environmental,0.679,model
pallet,9.479855249876511,106,51,0.029025191675794,0.0030617758299813,"pallet, pallets",environmental,0.522,model
moor,9.47297581936136,81,39,0.0221796276013143,0.0023413579876328,"moor, moore, moored, mooring, moorings, moors",environmental,0.564,model
irradi,9.47297581936136,81,39,0.0221796276013143,0.0023413579876328,"irradiance, irradiate, irradiation, irradiations, irradiators",environmental,0.62,model
ucit,9.47297581936136,81,39,0.0221796276013143,0.0023413579876328,ucits,environmental,0.55,model
technology-bas,9.47297581936136,54,26,0.0147864184008762,0.0015609053250885,technology-based,environmental,0.589,model
pre-dat,9.47297581936136,27,13,0.0073932092004381,0.0007804526625442,"pre-date, pre-dated, pre-dates, pre-dating",environmental,0.501,model
deaf,9.47297581936136,27,13,0.0073932092004381,0.0007804526625442,"deaf, deafness",environmental,0.577,model
tuotevalvontakesku,9.47297581936136,27,13,0.0073932092004381,0.0007804526625442,tuotevalvontakeskus,environmental,0.797,model
curvatur,9.47297581936136,27,13,0.0073932092004381,0.0007804526625442,curvature,environmental,0.555,model
peel,9.459981339499413,224,108,0.0613362541073384,0.006483760581137,"peel, peeled, peeling, peelings, peels",environmental,0.527,model
aquila,9.44791503677046,29,14,0.0079408543263964,0.0008404874827399,aquila,environmental,0.632,model
genotyp,9.44791503677046,29,14,0.0079408543263964,0.0008404874827399,"genotype, genotyped, genotypes, genotypic, genotyping",environmental,0.62,model
broiler,9.44791503677046,29,14,0.0079408543263964,0.0008404874827399,"broiler, broilers",environmental,0.542,model
jean,9.433106392512196,91,44,0.0249178532311062,0.0026415320886113,"jean, jeans",environmental,0.554,model
genetically,9.428236435675588,308,149,0.0843373493975903,0.0089451882091613,genetically,environmental,0.695,model
coe,9.426195691858345,124,60,0.0339539978094194,0.0036020892117428,"coe, coes",environmental,0.566,model
conversely,9.423108678368296,407,197,0.1114457831325301,0.0118268595785555,conversely,environmental,0.526,model
eif,9.421210924173597,126,61,0.0345016429353778,0.0036621240319385,eif,environmental,0.888,model
fissil,9.416386955446418,64,31,0.0175246440306681,0.0018610794260671,"fissile, fissiles",environmental,0.556,model
fédérale,9.40719126506024,33,16,0.0090361445783132,0.0009605571231314,"fédérale, fédérales",environmental,0.767,model
périgord,9.40719126506024,33,16,0.0090361445783132,0.0009605571231314,périgord,environmental,0.503,model
palmit,9.40719126506024,33,16,0.0090361445783132,0.0009605571231314,"palmitate, palmitic",environmental,0.601,model
teruel,9.40719126506024,33,16,0.0090361445783132,0.0009605571231314,teruel,environmental,0.502,model
orchard,9.398552889242922,68,33,0.0186199342825848,0.0019811490664585,"orchard, orchards",environmental,0.7,model
by-catch,9.39578860898138,103,50,0.0282037239868565,0.0030017410097856,"by-catch, by-catches",environmental,0.816,model
afriqu,9.37551722039674,37,18,0.01013143483023,0.0010806267635228,afrique,environmental,0.521,model
hormon,9.366467493350024,115,56,0.0314895947426067,0.0033619499309599,"hormon, hormonal, hormone, hormones",environmental,0.563,model
andalusia,9.362180780538422,39,19,0.0106790799561883,0.0011406615837185,andalusia,environmental,0.7,model
bavaria,9.362180780538422,39,19,0.0106790799561883,0.0011406615837185,bavaria,environmental,0.507,model
plateau,9.356025500603812,80,39,0.0219058050383351,0.0023413579876328,"plateau, plateaued, plateauing, plateaus",environmental,0.588,model
cider,9.356025500603812,80,39,0.0219058050383351,0.0023413579876328,"cider, ciders",environmental,0.532,model
genet,9.355030178742046,482,235,0.1319824753559693,0.0141081827459926,"genet, genetic, genetical, genetics",environmental,0.707,model
filter,9.3520943974523,488,238,0.1336254107338444,0.0142882872065798,"filter, filtered, filteres, filtering, filters",environmental,0.632,model
euco,9.350177984665937,82,40,0.0224534501642935,0.0024013928078285,euco,environmental,0.885,model
survivor,9.344615713407954,84,41,0.0230010952902519,0.0024614276280242,"survivor, survivors",environmental,0.615,model
soybean,9.33931831220988,43,21,0.0117743702081051,0.0012607312241099,"soybean, soybeans",environmental,0.644,model
metal,9.336763095161396,1044,510,0.2858707557502738,0.0306177582998138,"metal, metales, metalic, metall, metaller, metalli, metallic, metallics, metalling, metallization, metals",environmental,0.506,model
basilicata,9.329445882704372,45,22,0.0123220153340635,0.0013207660443056,basilicata,environmental,0.528,model
satellit,9.3215882347306,701,343,0.1919496166484118,0.0205919433271297,"satellite, satellites",environmental,0.629,model
rectangular,9.320431925329776,141,69,0.0386089813800657,0.0041424025935042,"rectangular, rectangulares",environmental,0.527,model
sardinia,9.304567360350491,51,25,0.0139649507119386,0.0015008705048928,sardinia,environmental,0.559,model
tartu,9.304567360350491,51,25,0.0139649507119386,0.0015008705048928,tartu,environmental,0.618,model
trough,9.300990056482616,104,51,0.0284775465498357,0.0030617758299813,"trough, troughs",environmental,0.564,model
cuba,9.300990056482616,104,51,0.0284775465498357,0.0030617758299813,"cuba, cubas",environmental,0.541,model
beverag,9.289674095267898,499,245,0.1366374589266155,0.0147085309479498,"beverag, beverage, beverages",environmental,0.524,model
dehydrat,9.28798167878124,112,55,0.0306681270536692,0.0033019151107642,"dehydratation, dehydrated, dehydrating",environmental,0.608,model
pastur,9.263188649631328,197,97,0.0539430449069003,0.0058233775589842,"pasturable, pasture, pastured, pastures, pasturing",environmental,0.949,model
vibrat,9.245396820698025,150,74,0.0410733844468784,0.0044425766944828,"vibrate, vibrated, vibrating, vibration, vibrational, vibrations, vibrator, vibrators",environmental,0.55,model
mother,9.221278394209248,186,92,0.0509309967141292,0.0055232034580056,"mother, mothers",environmental,0.621,model
silica,9.217146997079226,97,48,0.0265607886089813,0.0028816713693942,"silica, silicas",environmental,0.655,model
urea,9.217146997079226,97,48,0.0265607886089813,0.0028816713693942,"urea, ureas",environmental,0.57,model
dairy,9.214267538473452,400,198,0.1095290251916757,0.0118868943987512,"dairy, dairying",environmental,0.57,model
epa,9.206588982191391,218,108,0.0596933187294633,0.006483760581137,"epa, epas",environmental,0.631,model
microbi,9.20214350223862,115,57,0.0314895947426067,0.0034219847511556,"microbial, microbials",environmental,0.927,model
saudi,9.198142570281124,121,60,0.0331325301204819,0.0036020892117428,saudi,environmental,0.539,model
exposur,9.197514324767138,976,484,0.2672508214676889,0.0290568529747253,"exposur, exposure, exposures",environmental,0.602,model
tractor,9.158323771275578,253,126,0.0692771084337349,0.0075643873446599,"tractor, tractores, tractors",environmental,0.61,model
on-go,9.14521885008388,792,395,0.216867469879518,0.0237137539773068,on-going,environmental,0.546,model
surfac,9.12935317122112,1263,631,0.3458378970427163,0.0378819715434952,"surfacants, surface, surfaced, surfacer, surfacers, surfaces, surfacing",environmental,0.668,model
cloud,9.12212486308872,250,125,0.0684556407447973,0.0075043525244641,"cloud, clouded, clouding, clouds",environmental,0.563,model
triangl,9.12212486308872,86,43,0.0235487404162102,0.0025814972684156,"triangle, triangles",environmental,0.518,model
dormant,9.12212486308872,72,36,0.0197152245345016,0.0021612535270456,"dormant, dormants",environmental,0.564,model
caico,9.12212486308872,46,23,0.0125958378970427,0.0013808008645014,caicos,environmental,0.576,model
end-product,9.12212486308872,44,22,0.0120481927710843,0.0013207660443056,"end-product, end-products",environmental,0.519,model
mitten,9.12212486308872,36,18,0.0098576122672508,0.0010806267635228,"mitten, mittens",environmental,0.576,model
diet,9.122124863088718,220,110,0.0602409638554216,0.0066038302215284,"diet, diets",environmental,0.554,model
bacteria,9.122124863088718,160,80,0.0438116100766703,0.004802785615657,bacteria,environmental,0.884,model
trainer,9.122124863088718,156,78,0.0427163198247535,0.0046827159752656,"trainer, trainers",environmental,0.648,model
lee,9.122124863088718,80,40,0.0219058050383351,0.0024013928078285,"lee, lees",environmental,0.527,model
sardin,9.122124863088718,62,31,0.0169769989047097,0.0018610794260671,"sardine, sardines",environmental,0.685,model
antigua,9.122124863088718,62,31,0.0169769989047097,0.0018610794260671,"antigua, antiguas",environmental,0.689,model
volcan,9.122124863088718,62,31,0.0169769989047097,0.0018610794260671,"volcan, volcanic",environmental,0.865,model
eu-western,9.122124863088718,56,28,0.0153340635268346,0.0016809749654799,eu-western,environmental,0.51,model
zagora,9.122124863088718,38,19,0.0104052573932092,0.0011406615837185,"zagora, zagoras",environmental,0.61,model
stockfarm,9.122124863088718,34,17,0.0093099671412924,0.0010205919433271,"stockfarm, stockfarmer, stockfarmers, stockfarming, stockfarms",environmental,0.634,model
ecurity,9.122124863088718,34,17,0.0093099671412924,0.0010205919433271,ecurity,environmental,0.852,model
two-phas,9.122124863088718,32,16,0.008762322015334,0.0009605571231314,"two-phase, two-phased",environmental,0.559,model
plant-health,9.122124863088718,32,16,0.008762322015334,0.0009605571231314,plant-health,environmental,0.946,model
ebola,9.122124863088718,32,16,0.008762322015334,0.0009605571231314,ebola,environmental,0.547,model
valtellina,9.122124863088718,32,16,0.008762322015334,0.0009605571231314,valtellina,environmental,0.616,model
rainbow,9.122124863088718,32,16,0.008762322015334,0.0009605571231314,rainbow,environmental,0.532,model
oest,9.122124863088718,30,15,0.0082146768893756,0.0009005223029357,"oest, oeste",environmental,0.537,model
kultur,9.122124863088718,30,15,0.0082146768893756,0.0009005223029357,"kultur, kulture",environmental,0.736,model
underp,9.122124863088718,28,14,0.0076670317634173,0.0008404874827399,"underp, underpants",environmental,0.558,model
bathrob,9.122124863088718,28,14,0.0076670317634173,0.0008404874827399,bathrobes,environmental,0.508,model
biopharmaceut,9.122124863088718,26,13,0.0071193866374589,0.0007804526625442,"biopharmaceutical, biopharmaceuticals, biopharmaceutics",environmental,0.524,model
uproot,9.122124863088718,26,13,0.0071193866374589,0.0007804526625442,"uproot, uprooted, uprooter, uprooting",environmental,0.761,model
tuna-fish,9.122124863088718,26,13,0.0071193866374589,0.0007804526625442,tuna-fishing,environmental,0.589,model
astronomy,9.122124863088718,26,13,0.0071193866374589,0.0007804526625442,astronomy,environmental,0.578,model
regexpert,9.122124863088718,24,12,0.0065717415115005,0.0007204178423485,regexpert,environmental,0.814,model
blackcurr,9.122124863088718,24,12,0.0065717415115005,0.0007204178423485,"blackcurrant, blackcurrants",environmental,0.627,model
ground-nut,9.122124863088718,24,12,0.0065717415115005,0.0007204178423485,"ground-nut, ground-nuts",environmental,0.66,model
coco,9.122124863088718,24,12,0.0065717415115005,0.0007204178423485,"coco, cocos",environmental,0.625,model
ragusano,9.122124863088718,20,10,0.0054764512595837,0.0006003482019571,ragusano,environmental,0.586,model
argolida,9.122124863088718,20,10,0.0054764512595837,0.0006003482019571,"argolida, argolidas",environmental,0.59,model
skeleton,9.122124863088718,20,10,0.0054764512595837,0.0006003482019571,"skeleton, skeletons",environmental,0.667,model
cave,9.122124863088718,20,10,0.0054764512595837,0.0006003482019571,"cave, caves",environmental,0.865,model
apennin,9.122124863088718,20,10,0.0054764512595837,0.0006003482019571,"apennine, apennines",environmental,0.736,model
technician,9.059644555807289,145,73,0.0397042716319824,0.004382541874287,"technician, technicians",environmental,0.592,model
tungsten,9.048559339999294,123,62,0.0336801752464403,0.0037221588521342,tungsten,environmental,0.508,model
dietary,9.043485855648298,115,58,0.0314895947426067,0.0034820195713513,dietary,environmental,0.572,model
erklærer,9.036067081361466,105,53,0.0287513691128148,0.0031818454703728,erklærer,environmental,0.614,model
eksportøren,9.036067081361466,105,53,0.0287513691128148,0.0031818454703728,eksportøren,environmental,0.533,model
automobil,9.028082338726978,192,97,0.0525739320920043,0.0058233775589842,"automobil, automobile, automobiles",environmental,0.503,model
editori,9.020767920165513,178,90,0.0487404162102957,0.0054031338176142,"editorial, editorials",environmental,0.537,model
ultraviolet,9.020767920165513,89,45,0.0243702081051478,0.0027015669088071,"ultraviolet, ultraviolets",environmental,0.628,model
outlet,9.006361857211958,389,197,0.1065169769989047,0.0118268595785555,"outlet, outlets",environmental,0.552,model
encephalopathi,8.99885290547941,73,37,0.0199890470974808,0.0022212883472414,encephalopathies,environmental,0.528,model
rope,8.991808793616022,207,105,0.0566812705366922,0.0063036561205499,"rope, ropes",environmental,0.554,model
clai,8.989920154928011,136,69,0.0372398685651697,0.0041424025935042,"clai, clais, clay, clayed, clays",environmental,0.677,model
seasonality,8.979591662102958,63,32,0.0172508214676889,0.0019211142462628,seasonality,environmental,0.669,model
deterior,8.96663409837698,865,440,0.2368565169769989,0.0264153208861139,"deteriorate, deteriorates, deterioration, deteriorations",environmental,0.555,model
quaternary,8.959229776247849,55,28,0.0150602409638554,0.0016809749654799,quaternary,environmental,0.725,model
waarop,8.953196624883372,106,54,0.029025191675794,0.0032418802905685,waarop,environmental,0.504,model
helicopt,8.953196624883372,106,54,0.029025191675794,0.0032418802905685,"helicopter, helicopters",environmental,0.582,model
submers,8.953196624883372,53,27,0.014512595837897,0.0016209401452842,"submersed, submersible, submersibles, submersion, submersions",environmental,0.641,model
ever-increas,8.953196624883372,53,27,0.014512595837897,0.0016209401452842,ever-increasing,environmental,0.515,model
migration-relat,8.953196624883372,53,27,0.014512595837897,0.0016209401452842,migration-related,environmental,0.532,model
plutonium,8.953196624883372,53,27,0.014512595837897,0.0016209401452842,plutonium,environmental,0.502,model
speci,8.939377787367407,1174,599,0.3214676889375684,0.0359608572972324,"speci, specie, species",environmental,0.903,model
stateless,8.937216926674756,145,74,0.0397042716319824,0.0044425766944828,"stateless, statelessness",environmental,0.598,model
exogen,8.932080595107703,47,24,0.0128696604600219,0.0014408356846971,"exogenic, exogenous",environmental,0.722,model
smoke,8.928859505819888,231,118,0.0632530120481927,0.0070841087830941,"smoke, smokes",environmental,0.533,model
seasonally,8.92381780084766,45,23,0.0123220153340635,0.0013808008645014,seasonally,environmental,0.588,model
tobago,8.919410977242304,88,45,0.0240963855421686,0.0027015669088071,tobago,environmental,0.54,model
military,8.918278497433104,700,358,0.1916757940854326,0.0214924656300654,military,environmental,0.523,model
technologically,8.914803843473067,129,66,0.0353231106243154,0.003962298132917,technologically,environmental,0.62,model
embryo,8.909982424412236,84,43,0.0230010952902519,0.0025814972684156,"embryo, embryos",environmental,0.761,model
famil,8.904931413967558,41,21,0.0112267250821467,0.0012607312241099,"famil, famille, familles",environmental,0.52,model
labour,8.895206334156162,1568,804,0.4293537787513691,0.0482679954373536,"labour, labourer, labourers, labouring, labours",environmental,0.598,model
aubergin,8.8940717415115,39,20,0.0106790799561883,0.0012006964039142,"aubergine, aubergines",environmental,0.804,model
environn,8.886207840767458,113,58,0.0309419496166484,0.0034820195713513,"environnement, environnent, environnment",environmental,0.985,model
botan,8.882068945639015,74,38,0.02026286966046,0.0022813231674371,"botanic, botanical, botanicals",environmental,0.864,model
civet,8.882068945639015,37,19,0.01013143483023,0.0011406615837185,"civet, civets",environmental,0.552,model
cantharid,8.882068945639015,37,19,0.01013143483023,0.0011406615837185,cantharides,environmental,0.578,model
seago,8.875580947870104,72,37,0.0197152245345016,0.0022212883472414,"seago, seagoing",environmental,0.683,model
ursprungswaren,8.868732505780699,105,54,0.0287513691128148,0.0032418802905685,ursprungswaren,environmental,0.69,model
andersluidend,8.868732505780699,105,54,0.0287513691128148,0.0032418802905685,andersluidende,environmental,0.523,model
angegeben,8.868732505780699,105,54,0.0287513691128148,0.0032418802905685,angegeben,environmental,0.552,model
ellei,8.868732505780699,105,54,0.0287513691128148,0.0032418802905685,ellei,environmental,0.542,model
siemen,8.868732505780699,35,18,0.0095837897042716,0.0010806267635228,siemens,environmental,0.713,model
physico-chem,8.853827072997873,132,68,0.036144578313253,0.0040823677733085,physico-chemical,environmental,0.65,model
adaptor,8.853827072997873,33,17,0.0090361445783132,0.0010205919433271,"adaptor, adaptors",environmental,0.732,model
azerbaijan,8.843586699330285,254,131,0.0695509309967141,0.0078645614456384,azerbaijan,environmental,0.505,model
theoret,8.837058461117197,279,144,0.0763964950711938,0.0086450141081827,"theoretic, theoretical",environmental,0.604,model
keton,8.837058461117197,62,32,0.0169769989047097,0.0019211142462628,"ketonal, ketone, ketones",environmental,0.502,model
encompass,8.835136665148848,862,445,0.2360350492880613,0.0267154949870925,"encompass, encompassed, encompasses, encompassing",environmental,0.516,model
toxicity,8.83021686746988,242,125,0.0662650602409638,0.0075043525244641,toxicity,environmental,0.589,model
eu-africa,8.818054034319095,87,45,0.0238225629791894,0.0027015669088071,eu-africa,environmental,0.541,model
gene,8.80972332668157,141,73,0.0386089813800657,0.004382541874287,"gene, genes",environmental,0.603,model
deze,8.802050306489114,110,57,0.0301204819277108,0.0034219847511556,deze,environmental,0.568,model
angivet,8.790411231703676,106,55,0.029025191675794,0.0033019151107642,angivet,environmental,0.558,model
omfatta,8.790411231703676,106,55,0.029025191675794,0.0033019151107642,omfattas,environmental,0.55,model
alkuperätuotteita,8.784268386678026,104,54,0.0284775465498357,0.0032418802905685,alkuperätuotteita,environmental,0.587,model
altfel,8.78004518072289,77,40,0.0210843373493975,0.0024013928078285,altfel,environmental,0.761,model
exceptând,8.78004518072289,77,40,0.0210843373493975,0.0024013928078285,exceptând,environmental,0.521,model
noise-relat,8.771273906816075,25,13,0.0068455640744797,0.0007804526625442,noise-related,environmental,0.537,model
etuc,8.771273906816075,25,13,0.0068455640744797,0.0007804526625442,"etuc, etuce",environmental,0.596,model
dehesa,8.771273906816075,25,13,0.0068455640744797,0.0007804526625442,"dehesa, dehesas",environmental,0.604,model
vinegar,8.757239868565168,192,100,0.0525739320920043,0.0060034820195713,"vinegar, vinegars",environmental,0.636,model
geometr,8.757239868565168,48,25,0.013143483023001,0.0015008705048928,"geometric, geometrical",environmental,0.636,model
pelo,8.754297247641592,119,62,0.0325848849945235,0.0037221588521342,"pelo, pelos",environmental,0.542,model
proliferat,8.742036327126689,23,12,0.0062979189485213,0.0007204178423485,"proliferated, proliferating",environmental,0.521,model
first-gener,8.742036327126689,23,12,0.0062979189485213,0.0007204178423485,first-generation,environmental,0.591,model
occasion,8.739584143023707,297,155,0.0813253012048192,0.0093053971303355,"occasional, occasione",environmental,0.5,model
pea,8.73559414855106,113,59,0.0309419496166484,0.003542054391547,"pea, peas",environmental,0.795,model
diagnost,8.731683721088812,492,257,0.1347207009857612,0.0154289487902983,"diagnostic, diagnostics",environmental,0.583,model
jersei,8.731176654670632,67,35,0.0183461117196056,0.0021012187068499,"jersey, jerseys",environmental,0.507,model
influenza,8.717980090673397,151,79,0.0413472070098576,0.0047427507954613,"influenza, influenzae, influenzas",environmental,0.773,model
freezer,8.716697091395888,172,90,0.0470974808324205,0.0054031338176142,"freezer, freezers",environmental,0.588,model
gradually,8.713202024398534,1108,580,0.3033953997809419,0.0348201957135138,gradually,environmental,0.533,model
adip,8.707482823857415,63,33,0.0172508214676889,0.0019811490664585,"adipate, adipates, adipic",environmental,0.501,model
exporteur,8.707482823857413,105,55,0.0287513691128148,0.0033019151107642,exporteur,environmental,0.654,model
ouzo,8.707482823857413,42,22,0.0115005476451259,0.0013207660443056,ouzo,environmental,0.52,model
keel,8.707482823857413,21,11,0.0057502738225629,0.0006603830221528,"keel, keele, keeles, keeling, keels",environmental,0.504,model
anaemia,8.707482823857413,21,11,0.0057502738225629,0.0006603830221528,"anaemia, anaemias",environmental,0.603,model
cítrico,8.707482823857413,21,11,0.0057502738225629,0.0006603830221528,"cítrico, cítricos",environmental,0.544,model
publicly-fund,8.707482823857413,21,11,0.0057502738225629,0.0006603830221528,publicly-funded,environmental,0.56,model
hugely,8.707482823857413,21,11,0.0057502738225629,0.0006603830221528,hugely,environmental,0.515,model
kultuuriministeerium,8.707482823857413,21,11,0.0057502738225629,0.0006603830221528,kultuuriministeerium,environmental,0.729,model
pane,8.707482823857413,21,11,0.0057502738225629,0.0006603830221528,"pane, panes",environmental,0.533,model
peac,8.704027473530486,687,360,0.1881161007667031,0.0216125352704568,"peac, peace, peaceful, peacefulness",environmental,0.529,model
rainfal,8.699804267575352,206,108,0.056407447973713,0.006483760581137,"rainfall, rainfalls",environmental,0.862,model
histor,8.698597637302457,1068,560,0.2924424972617743,0.0336194993095995,"histor, historic, historical",environmental,0.59,model
filament,8.693307027644376,223,117,0.0610624315443592,0.0070240739628984,"filament, filaments",environmental,0.564,model
devot,8.693184822504609,608,319,0.1664841182913472,0.0191511076424326,"devote, devoted, devotes, devoting",environmental,0.521,model
boat,8.690024211679253,362,190,0.0991237677984666,0.0114066158371855,"boat, boating, boats",environmental,0.588,model
assai,8.687737964846399,40,21,0.0109529025191675,0.0012607312241099,"assay, assayed, assaying, assays",environmental,0.567,model
giulia,8.687737964846399,40,21,0.0109529025191675,0.0012607312241099,giulia,environmental,0.635,model
weed,8.680731724552167,59,31,0.0161555312157721,0.0018610794260671,"weed, weeding, weeds",environmental,0.927,model
junip,8.666018619934283,38,20,0.0104052573932092,0.0012006964039142,"juniper, junipers",environmental,0.91,model
badger,8.666018619934283,38,20,0.0104052573932092,0.0012006964039142,"badger, badgers",environmental,0.877,model
extract,8.661332596888174,1109,584,0.3036692223439211,0.0350603349942966,"extract, extractable, extracted, extracting, extraction, extractions, extractive, extractives, extracts",environmental,0.614,model
student,8.659408384526248,786,414,0.2152245345016429,0.0248544155610253,"student, students",environmental,0.732,model
vine,8.644804376066634,163,86,0.0446330777656078,0.0051629945368313,"vine, vines",environmental,0.731,model
audienc,8.63468307651146,248,131,0.0679079956188389,0.0078645614456384,"audience, audiences",environmental,0.533,model
topography,8.626357207486071,87,46,0.0238225629791894,0.0027616017290028,topography,environmental,0.614,model
generat,8.624466568121484,1785,944,0.4887732749178532,0.0566728702647535,"generat, generated, generating",environmental,0.517,model
breed,8.622738465474372,518,274,0.1418400876232201,0.0164495407336255,"breed, breede, breeded, breeding, breeds",environmental,0.717,model
diseas,8.618492775002172,1215,643,0.3326944140197152,0.0386023893858437,"disease, diseased, diseases",environmental,0.577,model
healthcar,8.618286571232074,650,344,0.1779846659364731,0.0206519781473254,"healthcar, healthcare",environmental,0.575,model
tirol,8.61534014847268,51,27,0.0139649507119386,0.0016209401452842,"tirol, tirole, tiroler",environmental,0.52,model
cariforum,8.61534014847268,34,18,0.0093099671412924,0.0010806267635228,cariforum,environmental,0.541,model
mammalian,8.61534014847268,34,18,0.0093099671412924,0.0010806267635228,"mammalian, mammalians",environmental,0.711,model
veterinarian,8.605778172725206,100,53,0.0273822562979189,0.0031818454703728,"veterinarian, veterinarians",environmental,0.597,model
metabol,8.603822314049587,83,44,0.0227272727272727,0.0026415320886113,"metabolic, metabolism, metabolisms, metabolities",environmental,0.57,model
delinquency,8.585529282907029,32,17,0.008762322015334,0.0010205919433271,delinquency,environmental,0.511,model
ferro-silicon,8.585529282907029,32,17,0.008762322015334,0.0010205919433271,"ferro-silicon, ferro-silicone",environmental,0.539,model
unwant,8.571651811005777,109,58,0.0298466593647316,0.0034820195713513,unwanted,environmental,0.521,model
breath,8.567401053846837,139,74,0.0380613362541073,0.0044425766944828,"breath, breathe, breathed, breathes, breathing, breaths",environmental,0.51,model
legum,8.565897737290625,77,41,0.0210843373493975,0.0024614276280242,"legume, legumes",environmental,0.776,model
haulag,8.551992059145674,120,64,0.0328587075575027,0.0038422284925256,haulage,environmental,0.611,model
esportator,8.551992059145674,105,56,0.0287513691128148,0.0033619499309599,esportatore,environmental,0.539,model
vinyliden,8.551992059145674,45,24,0.0123220153340635,0.0014408356846971,vinylidene,environmental,0.594,model
espac,8.551992059145674,45,24,0.0123220153340635,0.0014408356846971,"espace, espaces",environmental,0.621,model
cuttle-bon,8.551992059145674,30,16,0.0082146768893756,0.0009605571231314,cuttle-bone,environmental,0.567,model
chaloss,8.551992059145674,30,16,0.0082146768893756,0.0009605571231314,chalosse,environmental,0.523,model
windscreen,8.533600678373318,58,31,0.0158817086527929,0.0018610794260671,"windscreen, windscreens",environmental,0.569,model
coli,8.527203676365543,43,23,0.0117743702081051,0.0013808008645014,"coli, colis",environmental,0.668,model
eppo,8.519720390997954,99,53,0.0271084337349397,0.0031818454703728,eppo,environmental,0.924,model
alleviat,8.519009169661366,226,121,0.0618838992332968,0.0072642132436813,"alleviat, alleviated, alleviating",environmental,0.504,model
calcium,8.516674097839466,211,113,0.0577765607886089,0.0067839346821156,calcium,environmental,0.528,model
territoir,8.51398320554947,56,30,0.0153340635268346,0.0018010446058714,"territoire, territoires",environmental,0.516,model
two-stag,8.51398320554947,56,30,0.0153340635268346,0.0018010446058714,"two-stage, two-staged",environmental,0.511,model
região,8.51398320554947,28,15,0.0076670317634173,0.0009005223029357,região,environmental,0.55,model
ecommerc,8.50016180424176,41,22,0.0112267250821467,0.0013207660443056,ecommerce,environmental,0.779,model
death,8.497171597228073,775,416,0.2122124863088718,0.0249744852014168,"death, deaths",environmental,0.544,model
newsroom,8.49609668621008,95,51,0.026013143483023,0.0030617758299813,"newsroom, newsrooms",environmental,0.502,model
disability,8.493012803565358,324,174,0.0887185104052574,0.0104460587140541,disability,environmental,0.611,model
replenish,8.487040220721783,147,79,0.0402519167579408,0.0047427507954613,"replenish, replenished, replenishes, replenishing, replenishment, replenishments",environmental,0.542,model
evolutionary,8.470544515725239,39,21,0.0106790799561883,0.0012607312241099,evolutionary,environmental,0.63,model
shelf-lif,8.470544515725239,26,14,0.0071193866374589,0.0008404874827399,shelf-life,environmental,0.728,model
random,8.467318870441261,375,202,0.102683461117196,0.0121270336795341,"random, randomness",environmental,0.528,model
friend,8.456969925155166,89,48,0.0243702081051478,0.0028816713693942,"friend, friends",environmental,0.535,model
shade,8.43105479770321,61,33,0.0167031763417305,0.0019811490664585,"shade, shades",environmental,0.536,model
east,8.425704577842161,859,465,0.2352135815991237,0.0279161913910067,"east, easts",environmental,0.563,model
valpolicella,8.420422950543433,24,13,0.0065717415115005,0.0007804526625442,valpolicella,environmental,0.548,model
coast,8.412626262626263,581,315,0.1590909090909091,0.0189109683616497,"coast, coasting, coasts",environmental,0.624,model
race,8.403847314814016,234,127,0.0640744797371303,0.0076244221648556,"race, races",environmental,0.508,model
andet,8.401957110739609,105,57,0.0287513691128148,0.0034219847511556,andet,environmental,0.603,model
preferenzial,8.401957110739609,105,57,0.0287513691128148,0.0034219847511556,preferenziale,environmental,0.562,model
contraria,8.401957110739609,105,57,0.0287513691128148,0.0034219847511556,contraria,environmental,0.524,model
caa,8.401957110739607,35,19,0.0095837897042716,0.0011406615837185,"caa, caas",environmental,0.506,model
electr,8.39958031947773,1302,707,0.3565169769989047,0.0424446178783694,"electr, electric, electrical, electricals, electrics, electrive",environmental,0.635,model
neighbourhood,8.395689332216117,705,383,0.1930449069003285,0.0229933361349582,"neighbourhood, neighbourhoods",environmental,0.567,model
origem,8.386469632194467,114,62,0.0312157721796276,0.0037221588521342,origem,environmental,0.551,model
strawberri,8.379626327721033,79,43,0.0216319824753559,0.0025814972684156,strawberries,environmental,0.727,model
legend,8.374409710376527,112,61,0.0306681270536692,0.0036621240319385,"legend, legends",environmental,0.521,model
audiovisu,8.369119272975263,389,212,0.1065169769989047,0.0127273818814912,audiovisual,environmental,0.53,model
t-shirt,8.36194779116466,33,18,0.0090361445783132,0.0010806267635228,"t-shirt, t-shirts",environmental,0.502,model
fire-fight,8.361947791164658,88,48,0.0240963855421686,0.0028816713693942,"fire-fighter, fire-fighters, fire-fighting",environmental,0.543,model
sonar,8.361947791164658,22,12,0.0060240963855421,0.0007204178423485,"sonar, sonars",environmental,0.682,model
nose,8.361947791164658,22,12,0.0060240963855421,0.0007204178423485,"nose, noses",environmental,0.682,model
herund,8.361947791164658,22,12,0.0060240963855421,0.0007204178423485,herunder,environmental,0.507,model
solubl,8.332710211475272,95,52,0.026013143483023,0.0031218106501771,"solubilities, soluble, solubles",environmental,0.535,model
epidem,8.32017982017982,166,91,0.0454545454545454,0.0054631686378099,"epidemic, epidemics",environmental,0.544,model
media,8.317613139743768,1282,703,0.3510405257393209,0.0422044785975866,"media, medias",environmental,0.556,model
ochrony,8.317231492816186,31,17,0.0084884994523548,0.0010205919433271,ochrony,environmental,0.884,model
ambient,8.308686977208195,572,314,0.1566265060240964,0.018850933541454,"ambient, ambiental, ambiente",environmental,0.858,model
offal,8.30764942888437,204,112,0.0558598028477546,0.0067238998619199,"offal, offals",environmental,0.857,model
writer,8.30764942888437,51,28,0.0139649507119386,0.0016809749654799,"writer, writers",environmental,0.695,model
gradient,8.30764942888437,51,28,0.0139649507119386,0.0016809749654799,"gradient, gradientes, gradients",environmental,0.652,model
laboratory,8.30649958121255,774,425,0.2119386637458926,0.0255147985831782,"laboratory, laboratorys",environmental,0.736,model
ignit,8.305218158931519,244,134,0.0668127053669222,0.0080446659062256,"ignitable, ignite, ignited, igniter, igniters, ignites, igniting, ignition, ignitions",environmental,0.511,model
geosynthet,8.292840784626108,20,11,0.0054764512595837,0.0006603830221528,"geosynthetic, geosynthetics",environmental,0.978,model
esrom,8.292840784626108,20,11,0.0054764512595837,0.0006603830221528,esrom,environmental,0.891,model
sparu,8.292840784626108,20,11,0.0054764512595837,0.0006603830221528,sparus,environmental,0.684,model
insemin,8.292840784626108,20,11,0.0054764512595837,0.0006603830221528,"insemination, inseminations, inseminator",environmental,0.584,model
unmet,8.27355510838279,78,43,0.0213581599123767,0.0025814972684156,"unmet, unmetered",environmental,0.507,model
unexpect,8.272823582732183,263,145,0.0720153340635268,0.0087050489283784,unexpected,environmental,0.546,model
hydrostat,8.266925657174152,29,16,0.0079408543263964,0.0009605571231314,hydrostatic,environmental,0.527,model
einec,8.266925657174152,29,16,0.0079408543263964,0.0009605571231314,einecs,environmental,0.915,model
diisocyan,8.266925657174152,29,16,0.0079408543263964,0.0009605571231314,"diisocyanate, diisocyanates",environmental,0.659,model
travel-relat,8.266925657174152,29,16,0.0079408543263964,0.0009605571231314,travel-related,environmental,0.553,model
elsewher,8.256911614950328,773,427,0.2116648411829134,0.0256348682235696,elsewhere,environmental,0.508,model
oxidiz,8.253351066604079,38,21,0.0104052573932092,0.0012607312241099,"oxidized, oxidizing",environmental,0.584,model
bai,8.249573789228059,208,115,0.0569550930996714,0.006904004322507,"bai, bais, bay, bays",environmental,0.633,model
breeder,8.248729929388736,85,47,0.0232749178532311,0.0028216365491985,"breeder, breeders",environmental,0.787,model
zone,8.24499747240711,1410,780,0.3860898138006571,0.0468271597526565,"zone, zones",environmental,0.64,model
collat,8.242883912429566,150,83,0.0410733844468784,0.0049828900762442,"collat, collate, collated, collates, collating, collation",environmental,0.512,model
motorcycl,8.240574981361657,215,119,0.0588718510405257,0.0071441436032899,"motorcycle, motorcycles, motorcycling",environmental,0.513,model
ursprung,8.239338586015617,112,62,0.0306681270536692,0.0037221588521342,"ursprung, ursprungs",environmental,0.577,model
angola,8.237142600251753,121,67,0.0331325301204819,0.0040223329531128,angola,environmental,0.613,model
eib,8.222323431015342,795,441,0.2176889375684556,0.0264753557063096,"eib, eibs",environmental,0.521,model
surround,8.219095723957453,537,298,0.1470427163198247,0.0178903764183226,"surround, surrounded, surrounding, surroundings, surrounds",environmental,0.562,model
confectionery,8.218944183574983,182,101,0.0498357064622124,0.006063516839767,confectionery,environmental,0.554,model
pathogen,8.209912376779847,180,100,0.0492880613362541,0.0060034820195713,"pathogen, pathogenic, pathogens",environmental,0.786,model
coronaviru,8.209912376779847,72,40,0.0197152245345016,0.0024013928078285,coronavirus,environmental,0.684,model
degelatinis,8.209912376779847,36,20,0.0098576122672508,0.0012006964039142,degelatinised,environmental,0.509,model
clementin,8.209912376779846,54,30,0.0147864184008762,0.0018010446058714,"clementine, clementines",environmental,0.578,model
eagl,8.209912376779846,27,15,0.0073932092004381,0.0009005223029357,"eagle, eagles",environmental,0.737,model
windcheat,8.209912376779846,27,15,0.0073932092004381,0.0009005223029357,windcheaters,environmental,0.655,model
feed,8.207597116662312,1418,788,0.3882803943044907,0.0473074383142222,"feed, feeding, feeds",environmental,0.569,model
live,8.207582332114946,1409,783,0.3858159912376779,0.0470072642132436,"live, lives",environmental,0.571,model
sprai,8.201910512864856,205,114,0.0561336254107338,0.0068439695023113,"spray, sprayed, spraying, sprayings, sprays",environmental,0.554,model
stolen,8.196691905963776,124,69,0.0339539978094194,0.0041424025935042,stolen,environmental,0.501,model
rescu,8.1952779518658,336,187,0.0920043811610076,0.0112265113765984,"rescue, rescued, rescueing, rescues, rescuing",environmental,0.529,model
pedestrian,8.183082597770762,122,68,0.0334063526834611,0.0040823677733085,"pedestrian, pedestrianize, pedestrians",environmental,0.584,model
tetra,8.178456773803678,52,29,0.0142387732749178,0.0017410097856756,tetra,environmental,0.567,model
spermaceti,8.171903523183644,43,24,0.0117743702081051,0.0014408356846971,spermaceti,environmental,0.712,model
coach,8.169497899538316,283,158,0.0774917853231106,0.0094855015909227,"coach, coached, coaches, coaching",environmental,0.563,model
habit,8.166473686955614,188,105,0.0514786418400876,0.0063036561205499,"habit, habitable, habitant, habitants, habitation, habited, habiter, habits",environmental,0.735,model
gascogn,8.161901193289905,34,19,0.0093099671412924,0.0011406615837185,gascogne,environmental,0.687,model
conceptually,8.161901193289905,34,19,0.0093099671412924,0.0011406615837185,conceptually,environmental,0.517,model
multi-media,8.144754342043498,25,14,0.0068455640744797,0.0008404874827399,multi-media,environmental,0.549,model
cane,8.134678357290454,173,97,0.0473713033953997,0.0058233775589842,"cane, canes",environmental,0.68,model
sensit,8.134544393580539,1252,702,0.3428258488499452,0.0421444437773908,"sensit, sensitive, sensitiveness, sensitives, sensitivities, sensitization, sensitizations, sensitize, sensitizers",environmental,0.508,model
transduc,8.130589551883423,41,23,0.0112267250821467,0.0013808008645014,"transduced, transducer, transducers, transducing",environmental,0.551,model
aqueou,8.11342836380487,185,104,0.05065717415115,0.0062436213003542,aqueous,environmental,0.552,model
expedit,8.112709406927262,217,122,0.0594194961664841,0.007324248063877,"expedite, expedited, expedites, expediting, expedition, expeditions",environmental,0.638,model
not-for-profit,8.108555433856639,64,36,0.0175246440306681,0.0021612535270456,not-for-profit,environmental,0.506,model
predecessor,8.08875915594195,227,128,0.062157721796276,0.0076844569850513,"predecessor, predecessors",environmental,0.578,model
theory,8.06957199427079,161,91,0.0440854326396495,0.0054631686378099,theory,environmental,0.553,model
inlet,8.06957199427079,92,52,0.0251916757940854,0.0031218106501771,"inlet, inlets",environmental,0.717,model
vanuatu,8.06957199427079,69,39,0.018893756845564,0.0023413579876328,vanuatu,environmental,0.619,model
sicilia,8.06957199427079,46,26,0.0125958378970427,0.0015609053250885,sicilia,environmental,0.612,model
humid,8.06957199427079,46,26,0.0125958378970427,0.0015609053250885,"humid, humide, humides, humidities",environmental,0.669,model
tricycl,8.06957199427079,46,26,0.0125958378970427,0.0015609053250885,"tricycle, tricycles, tricyclic",environmental,0.524,model
isonzo,8.06957199427079,23,13,0.0062979189485213,0.0007804526625442,isonzo,environmental,0.591,model
ciencia,8.06957199427079,23,13,0.0062979189485213,0.0007804526625442,"ciencia, ciencias",environmental,0.661,model
kiwi,8.06957199427079,23,13,0.0062979189485213,0.0007804526625442,"kiwi, kiwis",environmental,0.593,model
thyrostat,8.06957199427079,23,13,0.0062979189485213,0.0007804526625442,"thyrostatic, thyrostatics",environmental,0.645,model
renal,8.06957199427079,23,13,0.0062979189485213,0.0007804526625442,"renal, renales",environmental,0.759,model
molecular,8.061412669706309,152,86,0.0416210295728368,0.0051629945368313,"molecular, moleculare",environmental,0.562,model
asia,8.060745555119277,562,318,0.1538882803943045,0.0190910728222368,"asia, asias",environmental,0.505,model
sphere,8.058477892886675,447,253,0.1223986856516977,0.0151888095095155,"sphere, spheres",environmental,0.61,model
shortfal,8.054642166344294,249,141,0.0681818181818181,0.0084649096475956,"shortfall, shortfalls",environmental,0.528,model
balear,8.054642166344294,83,47,0.0227272727272727,0.0028216365491985,"balear, baleares, balearic, balearics, balears",environmental,0.576,model
queen,8.054642166344294,83,47,0.0227272727272727,0.0028216365491985,"queen, queens",environmental,0.537,model
amplif,8.048933702725341,30,17,0.0082146768893756,0.0010205919433271,"amplif, amplification",environmental,0.536,model
bait,8.041873234565054,67,38,0.0183461117196056,0.0022813231674371,"bait, baited, baiting, baits",environmental,0.509,model
crisi,8.034165017032265,1344,763,0.3680175246440306,0.0458065678093294,"crisi, crisis",environmental,0.506,model
vessel,8.03340833331683,974,553,0.2667031763417306,0.0331992555682295,"vessel, vessels",environmental,0.635,model
insular,8.021178758922838,51,29,0.0139649507119386,0.0017410097856756,"insular, insulare, insulares",environmental,0.561,model
delta,8.018642016747341,109,62,0.0298466593647316,0.0037221588521342,"delta, deltas",environmental,0.624,model
fragment,8.015998944061494,1174,668,0.3214676889375684,0.0401032598907366,"fragment, fragmentation, fragmentations, fragmented, fragmenter, fragmenting, fragments",environmental,0.505,model
adolesc,8.003373700634441,93,53,0.0254654983570646,0.0031818454703728,"adolescence, adolescent, adolescents",environmental,0.693,model
uedoc,7.981859255202629,49,28,0.0134173055859802,0.0016809749654799,uedocs,environmental,0.659,model
retsina,7.981859255202629,28,16,0.0076670317634173,0.0009605571231314,retsina,environmental,0.561,model
pyjama,7.981859255202629,28,16,0.0076670317634173,0.0009605571231314,pyjamas,environmental,0.545,model
luminair,7.981859255202628,42,24,0.0115005476451259,0.0014408356846971,"luminaire, luminaires",environmental,0.524,model
avalanch,7.981859255202628,35,20,0.0095837897042716,0.0012006964039142,"avalanche, avalanches",environmental,0.782,model
actinid,7.981859255202628,21,12,0.0057502738225629,0.0007204178423485,"actinide, actinides",environmental,0.534,model
campagn,7.981859255202628,21,12,0.0057502738225629,0.0007204178423485,"campagne, campagnes",environmental,0.594,model
tetrafluoroethylen,7.981859255202628,21,12,0.0057502738225629,0.0007204178423485,tetrafluoroethylene,environmental,0.547,model
reappear,7.981859255202628,21,12,0.0057502738225629,0.0007204178423485,"reappear, reappearance, reappeared, reappearing, reappears",environmental,0.544,model
farrow,7.981859255202628,21,12,0.0057502738225629,0.0007204178423485,"farrow, farrowed, farrowing",environmental,0.577,model
spill-ov,7.956520019471827,157,90,0.0429901423877327,0.0054031338176142,"spill-ove, spill-over, spill-overs",environmental,0.612,model
mountain,7.947003974612224,399,229,0.1092552026286966,0.0137479738248183,"mountain, mountaineering, mountaineers, mountainou, mountainous, mountains",environmental,0.646,model
baker,7.946593308566976,169,97,0.046276013143483,0.0058233775589842,"baker, bakers",environmental,0.515,model
radionuclid,7.945076493657917,54,31,0.0147864184008762,0.0018610794260671,"radionuclide, radionuclides",environmental,0.506,model
soya,7.943423335835681,155,89,0.0424424972617743,0.0053430989974185,soya,environmental,0.647,model
imag,7.9382425379610835,637,366,0.1744249726177437,0.0219727441916311,"imag, image, imaged, imager, imagers, images, imaging",environmental,0.546,model
resistivity,7.932282489642364,40,23,0.0109529025191675,0.0013808008645014,resistivity,environmental,0.512,model
nutmeg,7.932282489642364,40,23,0.0109529025191675,0.0013808008645014,"nutmeg, nutmegs",environmental,0.581,model
ethnic,7.928129462160876,332,191,0.0909090909090909,0.0114666506573812,"ethnic, ethnical, ethnicities, ethnics",environmental,0.509,model
lesser,7.922624678169585,535,308,0.1464950711938663,0.0184907246202797,lesser,environmental,0.537,model
courgett,7.921845275840202,33,19,0.0090361445783132,0.0011406615837185,"courgette, courgettes",environmental,0.703,model
iaea,7.914784807679918,118,68,0.0323110624315443,0.0040823677733085,iaea,environmental,0.517,model
abu,7.905841548010223,26,15,0.0071193866374589,0.0009005223029357,"abu, abus",environmental,0.507,model
smaller,7.895502199891316,1120,647,0.3066812705366922,0.0388425286666266,smaller,environmental,0.505,model
guiana,7.894146516134469,45,26,0.0123220153340635,0.0015609053250885,guiana,environmental,0.599,model
triazin,7.894146516134469,45,26,0.0123220153340635,0.0015609053250885,"triazin, triazine, triazines",environmental,0.544,model
single-phas,7.894146516134469,45,26,0.0123220153340635,0.0015609053250885,single-phase,environmental,0.556,model
autumn,7.887180161407032,479,277,0.1311610076670317,0.0166296451942126,"autumn, autumnal, autumns",environmental,0.711,model
anchorag,7.886837121212121,83,48,0.0227272727272727,0.0028816713693942,"anchorage, anchorages",environmental,0.577,model
optic,7.879884282139645,425,246,0.1163745892661555,0.0147685657681455,"optic, optical, optics",environmental,0.54,model
beak,7.878198745394803,38,22,0.0104052573932092,0.0013207660443056,"beak, beaks",environmental,0.766,model
yeast,7.8700685093314435,176,102,0.0481927710843373,0.0061235516599627,"yeast, yeasts",environmental,0.745,model
laboratori,7.856555342248113,627,364,0.1716867469879518,0.0218526745512397,"laboratori, laboratorial, laboratorie, laboratorier, laboratories",environmental,0.565,model
ashor,7.855163076548619,62,36,0.0169769989047097,0.0021612535270456,ashore,environmental,0.69,model
snowboard,7.855163076548619,31,18,0.0084884994523548,0.0010806267635228,"snowboard, snowboarders, snowboards",environmental,0.57,model
ago,7.850290146600387,358,208,0.0980284775465498,0.0124872426007084,"ago, agos",environmental,0.55,model
librari,7.847710360157206,117,68,0.0320372398685651,0.0040823677733085,libraries,environmental,0.536,model
outboard,7.845027382256299,43,25,0.0117743702081051,0.0015008705048928,"outboard, outboards",environmental,0.524,model
experienc,7.8323162246601905,838,488,0.2294633077765608,0.0292969922555081,"experienc, experienced, experiencing",environmental,0.524,model
leisur,7.831258137179938,182,106,0.0498357064622124,0.0063636909407456,leisure,environmental,0.552,model
isol,7.83008328691745,503,293,0.1377327491785323,0.017590202317344,"isol, isolable, isolate, isolates, isolation, isolations, isolator, isolators, isole, isoler",environmental,0.501,model
trace,7.825822908860321,326,190,0.0892661555312157,0.0114066158371855,"trace, traces",environmental,0.586,model
chloro,7.81896416836176,60,35,0.0164293537787513,0.0021012187068499,chloro,environmental,0.557,model
droplet,7.81896416836176,36,21,0.0098576122672508,0.0012607312241099,"droplet, droplets",environmental,0.632,model
savoi,7.818964168361759,48,28,0.013143483023001,0.0016809749654799,"savoie, savoy",environmental,0.598,model
redfish,7.818964168361759,24,14,0.0065717415115005,0.0008404874827399,redfish,environmental,0.593,model
movi,7.818964168361759,24,14,0.0065717415115005,0.0008404874827399,"movi, movie, movies",environmental,0.614,model
winter,7.800989538089663,496,290,0.1358159912376779,0.0174100978567569,"winter, wintering, winterization, winters",environmental,0.802,model
palestin,7.797945447479066,106,62,0.029025191675794,0.0037221588521342,"palestin, palestine",environmental,0.678,model
amelior,7.797945447479066,53,31,0.014512595837897,0.0018610794260671,"ameliorate, amelioration, ameliorations, ameliorative",environmental,0.554,model
energi,7.78355219296157,471,276,0.1289704271631982,0.0165696103740169,"energi, energie, energier, energies, energis",environmental,0.587,model
ethylvanillin,7.780635912634496,29,17,0.0079408543263964,0.0010205919433271,ethylvanillin,environmental,0.561,model
penetrat,7.770698957445946,46,27,0.0125958378970427,0.0016209401452842,"penetrated, penetrating",environmental,0.554,model
tonga,7.766133329386341,63,37,0.0172508214676889,0.0022212883472414,tonga,environmental,0.515,model
collis,7.759729591328715,131,77,0.0358707557502738,0.0046226811550699,"collision, collisions",environmental,0.514,model
reproduct,7.755120560839112,590,347,0.1615553121577218,0.0208320826079125,"reproduct, reproduction, reproductions, reproductive, reproductives",environmental,0.723,model
toepass,7.746566351988038,107,63,0.0292990142387732,0.0037821936723299,toepassing,environmental,0.63,model
lactat,7.7399847323177005,56,33,0.0153340635268346,0.0019811490664585,"lactate, lactates, lactating, lactation, lactations",environmental,0.583,model
cape,7.722707980683063,149,88,0.0407995618838992,0.0052830641772227,"cape, capes",environmental,0.648,model
eniac,7.718721037998147,22,13,0.0060240963855421,0.0007804526625442,eniac,environmental,0.614,model
padom,7.718721037998147,22,13,0.0060240963855421,0.0007804526625442,"padome, padomes",environmental,0.688,model
piglet,7.718721037998147,22,13,0.0060240963855421,0.0007804526625442,"piglet, piglets",environmental,0.72,model
neighbourhood-enlarg,7.718721037998147,22,13,0.0060240963855421,0.0007804526625442,neighbourhood-enlargement,environmental,0.512,model
collagen,7.718721037998147,22,13,0.0060240963855421,0.0007804526625442,"collagen, collagenous",environmental,0.513,model
euganei,7.718721037998147,22,13,0.0060240963855421,0.0007804526625442,euganei,environmental,0.754,model
constel,7.706622729161158,49,29,0.0134173055859802,0.0017410097856756,"constellation, constellations",environmental,0.518,model
emcdda,7.696792853231107,108,64,0.0295728368017524,0.0038422284925256,emcdda,environmental,0.526,model
sulphuris,7.696792853231107,54,32,0.0147864184008762,0.0019211142462628,"sulphurisation, sulphurised",environmental,0.748,model
abroad,7.689004153723687,617,366,0.1689485213581599,0.0219727441916311,abroad,environmental,0.6,model
phenomenon,7.686663590216891,332,197,0.0909090909090909,0.0118268595785555,phenomenon,environmental,0.611,model
vermouth,7.681789358390499,64,38,0.0175246440306681,0.0022813231674371,vermouth,environmental,0.569,model
bayonn,7.681789358390499,32,19,0.008762322015334,0.0011406615837185,bayonne,environmental,0.569,model
horn-cor,7.681789358390499,32,19,0.008762322015334,0.0011406615837185,horn-cores,environmental,0.537,model
asian,7.673037319733479,323,192,0.0884446878422782,0.0115266854775769,"asian, asians",environmental,0.565,model
physiology,7.6708777257791505,37,22,0.01013143483023,0.0013207660443056,physiology,environmental,0.865,model
eksportētāj,7.662584884994523,84,50,0.0230010952902519,0.0030017410097856,eksportētājs,environmental,0.557,model
athlet,7.662584884994523,42,25,0.0115005476451259,0.0015008705048928,"athlete, athletes, athletic, athletics",environmental,0.538,model
undergo,7.656413468596662,794,473,0.2174151150054764,0.0283964699525724,"undergo, undergoes, undergoing",environmental,0.545,model
cater,7.6554934805073165,475,283,0.130065717415115,0.0169898541153869,"cater, catered, caterer, caterers, catering, caters",environmental,0.519,model
trigger,7.649596429063636,1013,604,0.2773822562979189,0.0362610313982109,"trigger, triggere, triggered, triggering, triggers",environmental,0.593,model
prize,7.634821896280776,154,92,0.0421686746987951,0.0055232034580056,"prize, prizes",environmental,0.558,model
danger,7.634821896280775,1078,644,0.2951807228915662,0.0386624242060395,"danger, dangered, dangerous, dangerousness, dangers",environmental,0.511,model
evolv,7.628107562677337,1062,635,0.2907995618838992,0.038122110824278,"evolve, evolved, evolvement, evolves, evolving",environmental,0.58,model
wagon,7.625526252738226,107,64,0.0292990142387732,0.0038422284925256,"wagon, wagons",environmental,0.597,model
absorpt,7.625251092118562,433,259,0.118565169769989,0.0155490184306898,"absorption, absorptions, absorptive",environmental,0.583,model
pure,7.624462572133853,448,268,0.1226725082146768,0.0160893318124512,"pure, puree, purees, pures",environmental,0.54,model
diagnosi,7.621015708403233,264,158,0.072289156626506,0.0094855015909227,"diagnosi, diagnosis",environmental,0.565,model
epidemiolog,7.6017707192406,240,144,0.0657174151150054,0.0086450141081827,"epidemiolog, epidemiologic, epidemiological",environmental,0.623,model
landbouw,7.6017707192406,30,18,0.0082146768893756,0.0010806267635228,"landbouw, landbouwers",environmental,0.731,model
socta,7.601770719240599,55,33,0.0150602409638554,0.0019811490664585,"socta, soctas",environmental,0.502,model
plane,7.601770719240598,160,96,0.0438116100766703,0.0057633427387884,"plane, planes",environmental,0.568,model
transfronti,7.601770719240598,50,30,0.0136911281489594,0.0018010446058714,transfrontier,environmental,0.571,model
tragic,7.601770719240598,35,21,0.0095837897042716,0.0012607312241099,tragic,environmental,0.632,model
raffia,7.601770719240598,35,21,0.0095837897042716,0.0012607312241099,raffia,environmental,0.505,model
aec,7.601770719240598,20,12,0.0054764512595837,0.0007204178423485,"aec, aecs",environmental,0.888,model
zeeland,7.601770719240598,20,12,0.0054764512595837,0.0007204178423485,zeeland,environmental,0.821,model
garonn,7.601770719240598,20,12,0.0054764512595837,0.0007204178423485,garonne,environmental,0.622,model
astana,7.601770719240598,20,12,0.0054764512595837,0.0007204178423485,astana,environmental,0.59,model
ambiental,7.601770719240598,20,12,0.0054764512595837,0.0007204178423485,"ambientale, ambientales",environmental,0.922,model
ehealth,7.57838065548909,108,65,0.0295728368017524,0.0039022633127213,ehealth,environmental,0.981,model
ex-ant,7.569125078115025,541,326,0.1481380065717415,0.0195713513838026,"ex-ant, ex-ante",environmental,0.509,model
distanc,7.564138190927526,1005,606,0.2751916757940854,0.0363811010386023,"distanc, distance, distanced, distances, distancing",environmental,0.514,model
donor,7.553119386637459,621,375,0.1700438116100766,0.0225130575733925,"donor, donors",environmental,0.528,model
pyramid,7.543295559861826,43,26,0.0117743702081051,0.0015609053250885,"pyramid, pyramidal, pyramide, pyramides, pyramidical, pyramids",environmental,0.501,model
technologi,7.529822229888594,2128,1289,0.5826944140197152,0.0773848832322747,"technologi, technologie, technologies",environmental,0.523,model
patient,7.510442025087178,466,283,0.1276013143483023,0.0169898541153869,"patient, patients",environmental,0.553,model
quest,7.503683355121366,51,31,0.0139649507119386,0.0018610794260671,"quest, queste, quested, quests",environmental,0.512,model
hazelnut,7.493173994680019,69,42,0.018893756845564,0.0025214624482199,"hazelnut, hazelnuts",environmental,0.616,model
anec,7.493173994680019,23,14,0.0062979189485213,0.0008404874827399,anec,environmental,0.939,model
cohésion,7.493173994680019,23,14,0.0062979189485213,0.0008404874827399,cohésion,environmental,0.712,model
recondit,7.493173994680019,23,14,0.0062979189485213,0.0008404874827399,"recondition, reconditioned, reconditioning, reconditions",environmental,0.515,model
ispa,7.48482040048305,64,39,0.0175246440306681,0.0023413579876328,ispa,environmental,0.541,model
petrochem,7.463556706163498,72,44,0.0197152245345016,0.0026415320886113,"petrochem, petrochemical, petrochemicals",environmental,0.505,model
currant,7.463556706163498,36,22,0.0098576122672508,0.0013207660443056,"currant, currants",environmental,0.642,model
géographiqu,7.441733440940796,31,19,0.0084884994523548,0.0011406615837185,"géographique, géographiquement, géographiques",environmental,0.758,model
indépend,7.441733440940796,31,19,0.0084884994523548,0.0011406615837185,"indépendance, indépendant, indépendants",environmental,0.624,model
asturia,7.436514834039716,75,46,0.0205366922234392,0.0027616017290028,asturias,environmental,0.703,model
acrylonitril,7.428015959943672,57,35,0.0156078860898138,0.0021012187068499,"acrylonitrile, acrylonitrilic",environmental,0.562,model
charit,7.428015959943672,57,35,0.0156078860898138,0.0021012187068499,charitable,environmental,0.583,model
gearbox,7.411726451259584,52,32,0.0142387732749178,0.0019211142462628,"gearbox, gearboxes",environmental,0.523,model
sub-area,7.411726451259584,26,16,0.0071193866374589,0.0009605571231314,"sub-area, sub-areas",environmental,0.535,model
nitrit,7.411726451259583,78,48,0.0213581599123767,0.0028816713693942,"nitrite, nitrited, nitrites, nitrition",environmental,0.618,model
gouda,7.411726451259583,39,24,0.0106790799561883,0.0014408356846971,gouda,environmental,0.531,model
spread,7.4040314072799855,1323,815,0.3622672508214677,0.0489283784595065,"spread, spreading, spreads",environmental,0.507,model
doctor,7.394858616823399,274,169,0.0750273822562979,0.0101458846130755,"doctor, doctoral, doctorant, doctorate, doctorates, doctoreal, doctores, doctors",environmental,0.575,model
ongo,7.388258515019798,2007,1239,0.5495618838992333,0.074383142222489,"ongo, ongoing",environmental,0.524,model
voltag,7.385573570344765,353,218,0.0966593647316538,0.0130875908026655,"voltage, voltages",environmental,0.514,model
fiber,7.378189227498228,55,34,0.0150602409638554,0.0020411838866542,"fiber, fibers",environmental,0.567,model
sorghum,7.375334995688752,76,47,0.0208105147864184,0.0028216365491985,sorghum,environmental,0.736,model
elintarviketurvallisuusvirasto,7.367870081725503,21,13,0.0057502738225629,0.0007804526625442,elintarviketurvallisuusvirasto,environmental,0.623,model
disintegr,7.367870081725503,21,13,0.0057502738225629,0.0007804526625442,"disintegrate, disintegrates, disintegration",environmental,0.527,model
kulturo,7.367870081725503,21,13,0.0057502738225629,0.0007804526625442,"kulturo, kulturos",environmental,0.658,model
foster,7.360669782249759,1730,1072,0.4737130339539978,0.0643573272498048,"foster, fostere, fostered, fostering, fosters",environmental,0.618,model
season,7.358740131190527,868,538,0.2376779846659364,0.0322987332652938,"season, seasonable, seasonal, seasonalization, seasoned, seasoning, seasonings, seasons",environmental,0.609,model
gather,7.356215238962724,1408,873,0.3855421686746988,0.0524103980308578,"gather, gathered, gatherer, gatherers, gathering, gatherings, gathers",environmental,0.716,model
decorat,7.34837836193258,29,18,0.0079408543263964,0.0010806267635228,"decorated, decorating",environmental,0.545,model
fromag,7.34837836193258,29,18,0.0079408543263964,0.0010806267635228,"fromage, fromager, fromages",environmental,0.818,model
minima,7.325342693086395,53,33,0.014512595837897,0.0019811490664585,minima,environmental,0.508,model
educ,7.31592756957978,1766,1101,0.4835706462212486,0.0660983370354805,"educ, educate, educates, education, educational, educations, educative, educator, educators, educe, educed, educes, educing",environmental,0.593,model
woven,7.306146302381242,173,108,0.0473713033953997,0.006483760581137,"woven, wovens",environmental,0.526,model
steelmak,7.297699890470974,32,20,0.008762322015334,0.0012006964039142,"steelmakers, steelmaking",environmental,0.529,model
overflight,7.297699890470974,24,15,0.0065717415115005,0.0009005223029357,"overflight, overflights",environmental,0.518,model
dietet,7.297699890470974,24,15,0.0065717415115005,0.0009005223029357,"dietetic, dietetics",environmental,0.577,model
steirisch,7.297699890470974,24,15,0.0065717415115005,0.0009005223029357,"steirische, steirischer, steirisches",environmental,0.554,model
militair,7.297699890470974,24,15,0.0065717415115005,0.0009005223029357,"militaire, militaires",environmental,0.508,model
fishermen,7.278291114166531,150,94,0.0410733844468784,0.005643273098397,fishermen,environmental,0.721,model
veget,7.276748013576955,903,566,0.2472617743702081,0.0339797082307738,"veget, vegetable, vegetables, vegetal, vegetation, vegetative",environmental,0.839,model
cultiv,7.2645285273324705,438,275,0.1199342825848849,0.0165095755538212,"cultivable, cultivate, cultivates, cultivation, cultivational, cultivations, cultivator, cultivators",environmental,0.683,model
gdzie,7.263914242829906,86,54,0.0235487404162102,0.0032418802905685,gdzie,environmental,0.522,model
spongiform,7.256235686547845,105,66,0.0287513691128148,0.003962298132917,"spongiform, spongiforme",environmental,0.761,model
downward,7.254112945732667,466,293,0.1276013143483023,0.017590202317344,"downward, downwards",environmental,0.556,model
weekend,7.244040332452807,54,34,0.0147864184008762,0.0020411838866542,"weekend, weekends",environmental,0.52,model
engin,7.234604302320655,1353,853,0.3704819277108434,0.0512097016269436,"engin, engine, engined, engineer, engineered, engineering, engineers, engines, engins",environmental,0.561,model
sapard,7.22168218327857,57,36,0.0156078860898138,0.0021612535270456,sapard,environmental,0.513,model
oleoresin,7.221682183278569,95,60,0.026013143483023,0.0036020892117428,"oleoresin, oleoresins",environmental,0.645,model
haulier,7.206478641840088,79,50,0.0216319824753559,0.0030017410097856,"haulier, hauliers",environmental,0.597,model
azor,7.201677523491093,120,76,0.0328587075575027,0.0045626463348742,"azor, azore, azores",environmental,0.777,model
whalebon,7.201677523491093,30,19,0.0082146768893756,0.0011406615837185,whalebone,environmental,0.581,model
salmon,7.194915384971384,112,71,0.0306681270536692,0.0042624722338956,"salmon, salmones, salmons",environmental,0.758,model
madeira,7.192444603589181,164,104,0.044906900328587,0.0062436213003542,madeira,environmental,0.529,model
galicia,7.192444603589181,82,52,0.0224534501642935,0.0031218106501771,galicia,environmental,0.589,model
cote,7.192444603589181,41,26,0.0112267250821467,0.0015609053250885,"cote, cotee, cotes",environmental,0.564,model
ester,7.18947129040043,186,118,0.0509309967141292,0.0070841087830941,"ester, esteres, esters",environmental,0.502,model
co-exist,7.174171116283315,151,96,0.0413472070098576,0.0057633427387884,"co-exist, co-existance, co-existed, co-existence, co-existing, co-exists",environmental,0.606,model
detector,7.167383820998279,110,70,0.0301204819277108,0.0042024374136999,"detector, detectors",environmental,0.652,model
haitian,7.167383820998279,22,14,0.0060240963855421,0.0008404874827399,"haitian, haitians",environmental,0.591,model
vitamin,7.151295417359674,127,81,0.034775465498357,0.0048628204358527,"vitamin, vitaminization, vitamins",environmental,0.552,model
douanièr,7.147933661375488,105,67,0.0287513691128148,0.0040223329531128,"douanière, douanières",environmental,0.587,model
acoust,7.143832724105624,130,83,0.0355969331872946,0.0049828900762442,"acoust, acoustic, acoustical, acoustics",environmental,0.648,model
summer,7.143832724105623,650,415,0.1779846659364731,0.0249144503812211,"summer, summering, summers",environmental,0.605,model
children,7.128547906254759,944,604,0.2584884994523548,0.0362610313982109,"children, childrens",environmental,0.615,model
sardo,7.126660049288061,25,16,0.0068455640744797,0.0009605571231314,sardo,environmental,0.622,model
indépendant,7.126660049288061,25,16,0.0068455640744797,0.0009605571231314,"indépendante, indépendantes",environmental,0.6,model
lanzarot,7.1152573932092,39,25,0.0106790799561883,0.0015008705048928,lanzarote,environmental,0.554,model
vari,7.104021064366498,961,617,0.2631434830230011,0.0370414840607552,"vari, varie, varied, varies, varis",environmental,0.509,model
eksportuotoja,7.094986004624559,84,54,0.0230010952902519,0.0032418802905685,eksportuotojas,environmental,0.514,model
nenurodyta,7.094986004624559,84,54,0.0230010952902519,0.0032418802905685,nenurodyta,environmental,0.52,model
jasno,7.094986004624559,84,54,0.0230010952902519,0.0032418802905685,jasno,environmental,0.513,model
eksportija,7.094986004624559,84,54,0.0230010952902519,0.0032418802905685,eksportija,environmental,0.551,model
pastil,7.094986004624559,28,18,0.0076670317634173,0.0010806267635228,"pastille, pastilles",environmental,0.569,model
prosciutto,7.094986004624559,28,18,0.0076670317634173,0.0010806267635228,prosciutto,environmental,0.589,model
crowdfund,7.094986004624559,28,18,0.0076670317634173,0.0010806267635228,"crowdfunded, crowdfunding",environmental,0.512,model
equida,7.077510669637799,45,29,0.0123220153340635,0.0017410097856756,"equida, equidae",environmental,0.636,model
fluctuat,7.073512076039133,549,354,0.150328587075575,0.0212523263492825,"fluctuate, fluctuated, fluctuates, fluctuating, fluctuation, fluctuations",environmental,0.522,model
vallei,7.069646768893756,248,160,0.0679079956188389,0.0096055712313141,"valley, valleys",environmental,0.763,model
cone,7.069646768893756,93,60,0.0254654983570646,0.0036020892117428,"cone, cones",environmental,0.646,model
counterpart,7.060274722801543,452,292,0.1237677984665936,0.0175301674971483,"counterpart, counterparts",environmental,0.569,model
apart,7.0597314157817035,890,575,0.2437020810514786,0.0345200216125352,"apart, aparte, apartment, apartments",environmental,0.523,model
input,7.059528371008078,1814,1172,0.4967141292442497,0.0703608092693762,"input, inputs",environmental,0.525,model
home,7.05915274197494,1379,891,0.3776013143483023,0.0534910247943807,"home, homes",environmental,0.571,model
eur-m,7.048914666932191,34,22,0.0093099671412924,0.0013207660443056,eur-med,environmental,0.741,model
linol,7.048914666932191,34,22,0.0093099671412924,0.0013207660443056,"linoleate, linoleic, linolic",environmental,0.547,model
islam,7.031637915297555,111,72,0.03039430449069,0.0043225070540913,"islam, islamic",environmental,0.51,model
gaza,7.021635585403815,117,76,0.0320372398685651,0.0045626463348742,gaza,environmental,0.885,model
orient,7.021386564742562,1113,723,0.3047645125958379,0.0434051750015008,"orient, oriental, orientate, orientates, orientation, orientations, orientative, orientator, oriente, oriented, orienter, orienting, orients",environmental,0.581,model
tuni,7.01701912545286,40,26,0.0109529025191675,0.0015609053250885,"tuni, tunis",environmental,0.565,model
calvado,7.01701912545286,40,26,0.0109529025191675,0.0015609053250885,calvados,environmental,0.594,model
caregiv,7.01701912545286,20,13,0.0054764512595837,0.0007804526625442,"caregiver, caregivers, caregiving",environmental,0.611,model
genoa,7.01701912545286,20,13,0.0054764512595837,0.0007804526625442,genoa,environmental,0.65,model
meal,7.015238156131679,303,197,0.0829682365826944,0.0118268595785555,"meal, meals",environmental,0.542,model
televis,6.998655025813245,557,363,0.1525191675794085,0.021792639731044,"televised, television, televisions, televisive",environmental,0.544,model
volo,6.993629061701351,23,15,0.0062979189485213,0.0009005223029357,"volo, volos",environmental,0.588,model
remedi,6.9866845403265145,939,613,0.2571193866374589,0.0368013447799723,"remedi, remediable, remedial, remediate, remediation, remediations, remedied, remedies",environmental,0.519,model
burkina,6.9841268483023,98,64,0.0268346111719605,0.0038422284925256,burkina,environmental,0.531,model
faso,6.9841268483023,98,64,0.0268346111719605,0.0038422284925256,faso,environmental,0.57,model
waterstaat,6.975742542361962,26,17,0.0071193866374589,0.0010205919433271,waterstaat,environmental,0.71,model
mould-releas,6.975742542361962,26,17,0.0071193866374589,0.0010205919433271,mould-release,environmental,0.511,model
in-vitro,6.975742542361962,26,17,0.0071193866374589,0.0010205919433271,in-vitro,environmental,0.577,model
pelag,6.968289825970549,55,36,0.0150602409638554,0.0021612535270456,"pelagic, pelagics, pelagous",environmental,0.923,model
disturb,6.967292218264612,582,381,0.1593647316538883,0.0228732664945668,"disturb, disturbance, disturbances, disturbed, disturbing, disturbs",environmental,0.538,model
sofia,6.959552158477168,177,116,0.0484665936473165,0.0069640391427027,"sofia, sofias",environmental,0.579,model
algemen,6.9501903718771185,32,21,0.008762322015334,0.0012607312241099,algemene,environmental,0.754,model
banana,6.94766486665478,131,86,0.0358707557502738,0.0051629945368313,"banana, bananas",environmental,0.612,model
thermosett,6.940747178437069,35,23,0.0095837897042716,0.0013808008645014,thermosetting,environmental,0.64,model
potato,6.928471026965003,319,210,0.0873493975903614,0.0126073122410998,"potato, potatoe, potatoes",environmental,0.645,model
l-esportatur,6.926057766419212,82,54,0.0224534501642935,0.0032418802905685,l-esportatur,environmental,0.592,model
unfound,6.924022486440836,126,83,0.0345016429353778,0.0049828900762442,"unfoundation, unfounded",environmental,0.518,model
rosin,6.920232654756959,44,29,0.0120481927710843,0.0017410097856756,"rosin, rosins",environmental,0.512,model
sometim,6.919385555933544,845,557,0.2313800657174151,0.0334393948490124,"sometime, sometimes",environmental,0.517,model
haiti,6.9107006538550895,100,66,0.0273822562979189,0.003962298132917,haiti,environmental,0.558,model
technology,6.8934239022204515,2261,1496,0.6191128148959474,0.0898120910127874,technology,environmental,0.671,model
saccharata,6.892272118778143,68,45,0.0186199342825848,0.0027015669088071,saccharata,environmental,0.538,model
vacuum,6.889104714311792,290,192,0.0794085432639649,0.0115266854775769,"vacuum, vacuums",environmental,0.7,model
save,6.883825706867875,652,432,0.1785323110624315,0.0259350423245482,"save, saves",environmental,0.526,model
rear,6.88160296689149,344,228,0.0941949616648411,0.0136879390046226,"rear, reared, rearing, rears",environmental,0.503,model
eksport,6.88160296689149,86,57,0.0235487404162102,0.0034219847511556,"eksport, eksporter, eksports",environmental,0.524,model
ecuador,6.866654429907442,137,91,0.0375136911281489,0.0054631686378099,ecuador,environmental,0.942,model
sierra,6.866654429907442,137,91,0.0375136911281489,0.0054631686378099,"sierra, sierras",environmental,0.735,model
série,6.8415936473165395,27,18,0.0073932092004381,0.0010806267635228,série,environmental,0.606,model
produkty,6.841593647316539,87,58,0.0238225629791894,0.0034820195713513,produkty,environmental,0.527,model
off-road,6.841593647316539,39,26,0.0106790799561883,0.0015609053250885,off-road,environmental,0.706,model
chainsaw,6.841593647316539,30,20,0.0082146768893756,0.0012006964039142,"chainsaw, chainsaws",environmental,0.605,model
snowmobil,6.841593647316539,30,20,0.0082146768893756,0.0012006964039142,"snowmobil, snowmobile, snowmobiles",environmental,0.598,model
cultivar,6.841593647316539,30,20,0.0082146768893756,0.0012006964039142,"cultivar, cultivars",environmental,0.829,model
oro,6.841593647316539,24,16,0.0065717415115005,0.0009605571231314,"oro, oros",environmental,0.503,model
undocu,6.841593647316539,24,16,0.0065717415115005,0.0009605571231314,undocumented,environmental,0.525,model
electrolytically,6.841593647316539,24,16,0.0065717415115005,0.0009605571231314,electrolytically,environmental,0.756,model
clandestin,6.841593647316539,21,14,0.0057502738225629,0.0008404874827399,"clandestine, clandestines, clandestins",environmental,0.793,model
eal,6.841593647316539,21,14,0.0057502738225629,0.0008404874827399,"eal, ealed, ealing",environmental,0.595,model
eurofound,6.841593647316539,21,14,0.0057502738225629,0.0008404874827399,eurofound,environmental,0.62,model
relatively,6.836977187365584,1481,988,0.4055312157721796,0.0593144023533649,relatively,environmental,0.506,model
residu,6.832459343381537,1122,749,0.3072289156626506,0.0449660803265894,"residu, residual, residuals, residue, residues, residus",environmental,0.617,model
agri,6.824947434062727,205,137,0.0561336254107338,0.0082247703668127,agri,environmental,0.853,model
coexist,6.822429519452907,178,119,0.0487404162102957,0.0071441436032899,"coexist, coexisted, coexistence, coexisting, coexists",environmental,0.675,model
vendor,6.814117367608441,124,83,0.0339539978094194,0.0049828900762442,"vendor, vendors",environmental,0.518,model
temperatur,6.80916903287428,945,633,0.258762322015334,0.0380020411838866,"temperatur, temperature, temperaturer, temperaturers, temperatures",environmental,0.583,model
reaction,6.808266468797947,715,479,0.1957831325301204,0.0287566788737467,"reaction, reactions",environmental,0.5,model
multi-annu,6.797311487786982,614,412,0.1681270536692223,0.0247343459206339,multi-annual,environmental,0.52,model
physically,6.785970934736729,305,205,0.0835158817086527,0.0123071381401212,physically,environmental,0.684,model
virgin,6.781048570791613,168,113,0.0460021905805038,0.0067839346821156,"virgin, virgins",environmental,0.608,model
threshold,6.776897726301726,1257,846,0.3441949616648412,0.0507894578855736,"threshold, thresholds",environmental,0.513,model
lupa,6.765575940124132,89,60,0.0243702081051478,0.0036020892117428,lupa,environmental,0.524,model
deficiency,6.765575940124132,89,60,0.0243702081051478,0.0036020892117428,deficiency,environmental,0.526,model
elicit,6.762954639876119,43,29,0.0117743702081051,0.0017410097856756,"elicit, elicitation, elicited, eliciting, elicits",environmental,0.506,model
vapor,6.7571295282138655,40,27,0.0109529025191675,0.0016209401452842,"vapor, vaporative, vapores, vaporization, vaporize, vaporizer, vaporizers, vaporizes, vaporous, vapors",environmental,0.556,model
chilean,6.7571295282138655,40,27,0.0109529025191675,0.0016209401452842,"chilean, chileans",environmental,0.501,model
unwil,6.750372398685652,74,50,0.02026286966046,0.0030017410097856,unwilling,environmental,0.52,model
chemist,6.750372398685652,37,25,0.01013143483023,0.0015008705048928,"chemist, chemists",environmental,0.617,model
sosiaali,6.750372398685652,37,25,0.01013143483023,0.0015008705048928,sosiaali,environmental,0.575,model
inhal,6.737933137508713,130,88,0.0355969331872946,0.0052830641772227,"inhalable, inhalants, inhalation, inhalational, inhalator, inhalators, inhale, inhaled, inhaler, inhalers, inhales, inhaling",environmental,0.545,model
antenna,6.736338360434746,96,65,0.0262869660460021,0.0039022633127213,"antenna, antennae, antennas",environmental,0.606,model
sulfat,6.732996922755959,31,21,0.0084884994523548,0.0012607312241099,"sulfate, sulfates",environmental,0.622,model
amin,6.727567086527929,59,40,0.0161555312157721,0.0024013928078285,"amin, aminants, amine, amines",environmental,0.549,model
renew,6.724942434233562,2306,1564,0.6314348302300109,0.0938944587860959,"renew, renewable, renewables, renewal, renewals, renewed, renewing, renews",environmental,0.717,model
cauliflow,6.721565688591687,56,38,0.0153340635268346,0.0022813231674371,"cauliflower, cauliflowers",environmental,0.656,model
languedoc,6.721565688591687,28,19,0.0076670317634173,0.0011406615837185,languedoc,environmental,0.53,model
terrain,6.697256228596782,116,79,0.0317634173055859,0.0047427507954613,"terrain, terrains",environmental,0.772,model
modulat,6.696027825033209,69,47,0.018893756845564,0.0028216365491985,"modulated, modulating",environmental,0.519,model
country-by-country,6.689558232931727,66,45,0.0180722891566265,0.0027015669088071,country-by-country,environmental,0.515,model
viewfind,6.689558232931727,22,15,0.0060240963855421,0.0009005223029357,"viewfinder, viewfinders",environmental,0.538,model
ecstasy,6.689558232931727,22,15,0.0060240963855421,0.0009005223029357,ecstasy,environmental,0.925,model
filial,6.689558232931727,22,15,0.0060240963855421,0.0009005223029357,"filial, filiale, filialer, filiales",environmental,0.525,model
gingerbread,6.678698560475669,41,28,0.0112267250821467,0.0016809749654799,gingerbread,environmental,0.652,model
nitro,6.678698560475669,41,28,0.0112267250821467,0.0016809749654799,nitro,environmental,0.54,model
cardiovascular,6.666168169180218,95,65,0.026013143483023,0.0039022633127213,"cardiovascular, cardiovasculares",environmental,0.525,model
liver,6.660599106382239,92,63,0.0251916757940854,0.0037821936723299,"liver, livered, livers",environmental,0.57,model
tomography,6.651549379335523,35,24,0.0095837897042716,0.0014408356846971,tomography,environmental,0.51,model
pooblastilo,6.634272627700886,80,55,0.0219058050383351,0.0033019151107642,pooblastilo,environmental,0.642,model
cough,6.634272627700886,32,22,0.008762322015334,0.0013207660443056,"cough, coughing",environmental,0.551,model
scandinavian,6.624400198195378,61,42,0.0167031763417305,0.0025214624482199,"scandinavian, scandinavians",environmental,0.586,model
railwai,6.619651963412053,1029,709,0.2817634173055859,0.0425646875187608,"railway, railways",environmental,0.542,model
chemic,6.616752541536183,1751,1207,0.4794633077765607,0.0724620279762262,"chemic, chemical, chemicals",environmental,0.558,model
resceu,6.613540525739321,29,20,0.0079408543263964,0.0012006964039142,resceu,environmental,0.544,model
radio,6.596375237018456,807,558,0.2209748083242059,0.0334994296692081,"radio, radios",environmental,0.59,model
easa,6.594307129943653,120,83,0.0328587075575027,0.0049828900762442,easa,environmental,0.854,model
subgroup,6.594307129943653,120,83,0.0328587075575027,0.0049828900762442,"subgroup, subgroups",environmental,0.521,model
microorgan,6.588201290008518,91,63,0.0249178532311062,0.0037821936723299,"microorganic, microorganism, microorganisms",environmental,0.9,model
ethylen,6.578455430112056,150,104,0.0410733844468784,0.0062436213003542,ethylene,environmental,0.588,model
sour,6.578455430112056,75,52,0.0205366922234392,0.0031218106501771,"sour, soure, soured, souring, sourness",environmental,0.561,model
brine,6.572239566713525,183,127,0.0501095290251916,0.0076244221648556,"brine, brines",environmental,0.809,model
predatory,6.567929901423877,36,25,0.0098576122672508,0.0015008705048928,predatory,environmental,0.721,model
extinguish,6.565925038816604,131,91,0.0358707557502738,0.0054631686378099,"extinguish, extinguishant, extinguished, extinguisher, extinguishers, extinguishes, extinguishing, extinguishment",environmental,0.553,model
food,6.561689413589973,2145,1491,0.5873493975903614,0.0895119169118088,"food, foods",environmental,0.57,model
aliment,6.556527245345016,46,32,0.0125958378970427,0.0019211142462628,"aliment, alimentate, alimentation, alimentent, alimenter, alimentes, aliments",environmental,0.544,model
ufficial,6.556527245345016,23,16,0.0062979189485213,0.0009605571231314,ufficiale,environmental,0.703,model
enfant,6.556527245345016,23,16,0.0062979189485213,0.0009605571231314,"enfant, enfants",environmental,0.575,model
resort,6.554282628006658,365,254,0.0999452354874041,0.0152488443297112,"resort, resorted, resorting, resorts",environmental,0.557,model
gozan,6.5513442198546255,79,55,0.0216319824753559,0.0033019151107642,gozan,environmental,0.566,model
receptacl,6.540391411271157,76,53,0.0208105147864184,0.0031818454703728,"receptacle, receptacles",environmental,0.561,model
pentaerythritol,6.537522818546916,43,30,0.0117743702081051,0.0018010446058714,pentaerythritol,environmental,0.507,model
guadeloup,6.53061211789306,63,44,0.0172508214676889,0.0026415320886113,guadeloupe,environmental,0.568,model
grenada,6.515803473634799,60,42,0.0164293537787513,0.0025214624482199,grenada,environmental,0.588,model
romagna,6.515803473634799,40,28,0.0109529025191675,0.0016809749654799,romagna,environmental,0.521,model
watercraft,6.515803473634799,30,21,0.0082146768893756,0.0012607312241099,"watercraft, watercrafts",environmental,0.594,model
grai,6.515803473634799,30,21,0.0082146768893756,0.0012607312241099,"grai, gray, grays",environmental,0.559,model
algin,6.515803473634799,30,21,0.0082146768893756,0.0012607312241099,"alginate, alginic",environmental,0.675,model
lago,6.515803473634799,30,21,0.0082146768893756,0.0012607312241099,"lago, lagos",environmental,0.784,model
región,6.515803473634799,30,21,0.0082146768893756,0.0012607312241099,región,environmental,0.556,model
porter,6.515803473634799,30,21,0.0082146768893756,0.0012607312241099,"porter, portering, porters",environmental,0.599,model
anorak,6.515803473634799,30,21,0.0082146768893756,0.0012607312241099,"anorak, anoraks",environmental,0.646,model
distilleri,6.515803473634799,20,14,0.0054764512595837,0.0008404874827399,"distillerie, distilleries",environmental,0.558,model
radiography,6.515803473634799,20,14,0.0054764512595837,0.0008404874827399,radiography,environmental,0.569,model
peza,6.515803473634799,20,14,0.0054764512595837,0.0008404874827399,peza,environmental,0.598,model
oxo,6.515803473634799,20,14,0.0054764512595837,0.0008404874827399,oxo,environmental,0.512,model
grenadin,6.499513964950712,57,40,0.0156078860898138,0.0024013928078285,"grenadine, grenadines",environmental,0.849,model
scrutiny,6.489147913969929,626,440,0.1714129244249726,0.0264153208861139,scrutiny,environmental,0.506,model
grave,6.483493704344048,172,121,0.0470974808324205,0.0072642132436813,"grave, graves",environmental,0.671,model
evoc,6.481509771141984,27,19,0.0073932092004381,0.0011406615837185,"evocation, evocations, evocative",environmental,0.5,model
aquitain,6.481509771141984,27,19,0.0073932092004381,0.0011406615837185,"aquitaine, aquitains",environmental,0.636,model
pre-clin,6.481509771141984,27,19,0.0073932092004381,0.0011406615837185,pre-clinical,environmental,0.567,model
hydroxyl,6.481509771141984,27,19,0.0073932092004381,0.0011406615837185,hydroxyl,environmental,0.505,model
router,6.481509771141984,27,19,0.0073932092004381,0.0011406615837185,"router, routers",environmental,0.565,model
pre-exist,6.477475217907536,169,119,0.046276013143483,0.0071441436032899,"pre-existed, pre-existence, pre-existing",environmental,0.551,model
criter,6.476497002564149,612,431,0.1675794085432639,0.0258750075043525,"criter, criterion, criterions",environmental,0.599,model
pupil,6.473766031869413,176,124,0.0481927710843373,0.0074443177042684,"pupil, pupils",environmental,0.814,model
irrit,6.468415812008364,78,55,0.0213581599123767,0.0033019151107642,"irrit, irritant, irritants, irritates, irritation, irritative",environmental,0.526,model
fishery,6.467178074577822,570,402,0.156078860898138,0.0241339977186768,fishery,environmental,0.93,model
plain,6.4615051113545094,255,180,0.0698247535596933,0.0108062676352284,"plain, plaine, plained, plaines, plaining, plains",environmental,0.577,model
milkfat,6.439146962180272,48,34,0.013143483023001,0.0020411838866542,"milkfat, milkfats",environmental,0.529,model
tunisian,6.439146962180272,48,34,0.013143483023001,0.0020411838866542,"tunisian, tunisians",environmental,0.744,model
efpia,6.439146962180272,24,17,0.0065717415115005,0.0010205919433271,efpia,environmental,0.949,model
guinea,6.435471649987247,206,146,0.056407447973713,0.0087650837485741,guinea,environmental,0.507,model
forum,6.434197779644616,1453,1030,0.3978641840087623,0.0618358648015849,"forum, forums",environmental,0.502,model
venezuela,6.426951608085234,93,66,0.0254654983570646,0.003962298132917,venezuela,environmental,0.692,model
cryogen,6.426951608085234,31,22,0.0084884994523548,0.0013207660443056,"cryogene, cryogenic, cryogenics",environmental,0.605,model
ferrit,6.419273051803173,38,27,0.0104052573932092,0.0016209401452842,"ferrite, ferrites, ferritic",environmental,0.687,model
philippin,6.416409861325115,166,118,0.0454545454545454,0.0070841087830941,"philippin, philippine, philippines",environmental,0.591,model
almond,6.407206749074218,59,42,0.0161555312157721,0.0025214624482199,"almond, almonds",environmental,0.581,model
nasal,6.385487404162102,21,15,0.0057502738225629,0.0009005223029357,"nasal, nasale, nasales",environmental,0.555,model
mina,6.385487404162102,21,15,0.0057502738225629,0.0009005223029357,"mina, minas",environmental,0.567,model
ouest,6.385487404162102,21,15,0.0057502738225629,0.0009005223029357,ouest,environmental,0.523,model
age-relat,6.385487404162102,21,15,0.0057502738225629,0.0009005223029357,age-related,environmental,0.549,model
ultra,6.366482977364002,67,48,0.0183461117196056,0.0028816713693942,"ultra, ultras",environmental,0.616,model
studi,6.355524220305242,1909,1370,0.5227272727272727,0.0822477036681275,"studi, studie, studied, studies",environmental,0.508,model
luggag,6.354031801185935,202,145,0.0553121577217962,0.0087050489283784,luggage,environmental,0.52,model
alluvi,6.3529083867939296,39,28,0.0106790799561883,0.0016809749654799,alluvial,environmental,0.89,model
euipo,6.3529083867939296,39,28,0.0106790799561883,0.0016809749654799,euipo,environmental,0.663,model
südtirol,6.345825991713891,32,23,0.008762322015334,0.0013808008645014,"südtirol, südtiroler",environmental,0.627,model
grain-ori,6.334808932700499,25,18,0.0068455640744797,0.0010806267635228,grain-oriented,environmental,0.609,model
plai,6.332714780987209,2352,1694,0.6440306681270537,0.1016989854115387,"play, played, playing, plays",environmental,0.502,model
bouquet,6.326634985690563,43,31,0.0117743702081051,0.0018610794260671,"bouquet, bouquets",environmental,0.569,model
apricot,6.321472492842183,79,57,0.0216319824753559,0.0034219847511556,"apricot, apricots",environmental,0.606,model
bermuda,6.3153172129075745,36,26,0.0098576122672508,0.0015609053250885,bermuda,environmental,0.506,model
chambéry,6.298610024513639,29,21,0.0079408543263964,0.0012607312241099,chambéry,environmental,0.568,model
toecap,6.298610024513639,29,21,0.0079408543263964,0.0012607312241099,"toecap, toecaps",environmental,0.698,model
aeroplan,6.294266155531216,69,50,0.018893756845564,0.0030017410097856,"aeroplane, aeroplanes",environmental,0.587,model
cedefop,6.291120595233599,40,29,0.0109529025191675,0.0017410097856756,cedefop,environmental,0.514,model
physician,6.286869838074657,51,37,0.0139649507119386,0.0022212883472414,"physician, physicians",environmental,0.59,model
clove,6.286869838074657,51,37,0.0139649507119386,0.0022212883472414,"clove, cloves",environmental,0.672,model
eastern,6.2865083367326955,940,682,0.2573932092004381,0.0409437473734766,eastern,environmental,0.682,model
drawback,6.285366521518446,226,164,0.0618838992332968,0.009845710512097,"drawback, drawbacks",environmental,0.545,model
congo,6.276691419556457,150,109,0.0410733844468784,0.0065437954013327,congo,environmental,0.518,model
granul,6.271460843373495,121,88,0.0331325301204819,0.0052830641772227,"granulate, granulates, granulation, granulators, granule, granules",environmental,0.616,model
auf,6.271460843373494,143,104,0.0391566265060241,0.0062436213003542,auf,environmental,0.571,model
friuli-venezia,6.271460843373494,22,16,0.0060240963855421,0.0009605571231314,friuli-venezia,environmental,0.592,model
cano,6.271460843373493,33,24,0.0090361445783132,0.0014408356846971,"cano, canoe, canoeing, canoes",environmental,0.684,model
technolog,6.2527754357302765,1715,1251,0.46960569550931,0.0751035600648376,"technolog, technologes, technologic, technological",environmental,0.517,model
toffe,6.241453853692281,26,19,0.0071193866374589,0.0011406615837185,"toffee, toffees",environmental,0.54,model
health-car,6.233451989777291,41,30,0.0112267250821467,0.0018010446058714,health-care,environmental,0.56,model
vasco,6.233451989777291,41,30,0.0112267250821467,0.0018010446058714,vasco,environmental,0.701,model
guardian,6.219630588469581,105,77,0.0287513691128148,0.0046226811550699,"guardian, guardians",environmental,0.575,model
travers,6.203044906900328,34,25,0.0093099671412924,0.0015008705048928,"traverse, traversed, traversent, traversers, traverses, traversing",environmental,0.583,model
naturalis,6.203044906900328,34,25,0.0093099671412924,0.0015008705048928,"naturalisation, naturalisations, naturalised, naturalising",environmental,0.607,model
serra,6.203044906900328,34,25,0.0093099671412924,0.0015008705048928,serra,environmental,0.505,model
toxicolog,6.194875839858756,91,67,0.0249178532311062,0.0040223329531128,"toxicolog, toxicologic, toxicological",environmental,0.817,model
radiology,6.190013299953059,38,28,0.0104052573932092,0.0016809749654799,radiology,environmental,0.635,model
humidity,6.1879382033054044,213,157,0.0583242059145673,0.009425466770727,humidity,environmental,0.566,model
origen,6.179503939511713,126,93,0.0345016429353778,0.0055832382782013,"origen, origens",environmental,0.576,model
albumin,6.176438709382986,65,48,0.0177984665936473,0.0028816713693942,"albumin, albuminates, albumines, albuminous, albumins",environmental,0.64,model
beer,6.173559250777214,134,99,0.0366922234392113,0.0059434471993756,"beer, beers",environmental,0.552,model
porcin,6.170849172089428,46,34,0.0125958378970427,0.0020411838866542,"porcine, porcines, porcins",environmental,0.662,model
chernobyl,6.170849172089428,46,34,0.0125958378970427,0.0020411838866542,chernobyl,environmental,0.504,model
burial,6.170849172089428,46,34,0.0125958378970427,0.0020411838866542,"burial, burials",environmental,0.548,model
overcurr,6.170849172089428,23,17,0.0062979189485213,0.0010205919433271,overcurrent,environmental,0.513,model
aveyron,6.157434282584885,27,20,0.0073932092004381,0.0012006964039142,aveyron,environmental,0.504,model
portalegr,6.157434282584885,27,20,0.0073932092004381,0.0012006964039142,portalegre,environmental,0.707,model
régionaux,6.157434282584885,27,20,0.0073932092004381,0.0012006964039142,régionaux,environmental,0.662,model
armagnac,6.147518929472833,31,23,0.0084884994523548,0.0013808008645014,armagnac,environmental,0.5,model
parish,6.147518929472833,31,23,0.0084884994523548,0.0013808008645014,"parish, parishes",environmental,0.649,model
festiv,6.135714937672769,113,84,0.0309419496166484,0.0050429248964399,"festival, festivals, festive, festivities",environmental,0.512,model
carcinogenicity,6.128927642387733,43,32,0.0117743702081051,0.0019211142462628,carcinogenicity,environmental,0.56,model
handicap,6.118498383779018,110,82,0.0301204819277108,0.0049228552560485,"handicap, handicaper, handicaps",environmental,0.575,model
flour,6.115970078661754,236,176,0.0646221248630887,0.0105661283544455,"flour, flouring, flours",environmental,0.518,model
decai,6.115970078661754,59,44,0.0161555312157721,0.0026415320886113,"decay, decayed, decaying, decays",environmental,0.69,model
pasteuris,6.115970078661754,59,44,0.0161555312157721,0.0026415320886113,"pasteurisation, pasteurised, pasteuriser, pasteurisers, pasteurising",environmental,0.538,model
cook,6.111823658269441,402,300,0.1100766703176341,0.018010446058714,"cook, cooked, cooking, cooks",environmental,0.542,model
airspac,6.108565756532624,150,112,0.0410733844468784,0.0067238998619199,"airspace, airspaces",environmental,0.745,model
alternatively,6.103292174584538,372,278,0.1018619934282584,0.0166896800144083,alternatively,environmental,0.505,model
leon,6.1019619016606965,99,74,0.0271084337349397,0.0044425766944828,"leon, leone, leones",environmental,0.503,model
viral,6.081416575392479,72,54,0.0197152245345016,0.0032418802905685,"viral, virals",environmental,0.54,model
eutf,6.081416575392479,24,18,0.0065717415115005,0.0010806267635228,"eutf, eutfs",environmental,0.591,model
tomato,6.0814165753924785,160,120,0.0438116100766703,0.0072041784234856,"tomato, tomatoe, tomatoes",environmental,0.622,model
grenobl,6.0814165753924785,32,24,0.008762322015334,0.0014408356846971,grenoble,environmental,0.732,model
ecommend,6.0814165753924785,32,24,0.008762322015334,0.0014408356846971,"ecommend, ecommendation, ecommendations, ecommended",environmental,0.608,model
aero,6.0814165753924785,28,21,0.0076670317634173,0.0012607312241099,"aero, aeros",environmental,0.735,model
calai,6.0814165753924785,20,15,0.0054764512595837,0.0009005223029357,calais,environmental,0.505,model
desicc,6.0814165753924785,20,15,0.0054764512595837,0.0009005223029357,"desiccant, desiccants, desiccation, desiccator",environmental,0.724,model
halon,6.0814165753924785,20,15,0.0054764512595837,0.0009005223029357,"halon, halons",environmental,0.543,model
population-bas,6.0814165753924785,20,15,0.0054764512595837,0.0009005223029357,population-based,environmental,0.791,model
artist,6.055203572912339,231,174,0.0632530120481927,0.0104460587140541,"artist, artiste, artistes, artistic, artists",environmental,0.536,model
palma,6.055203572912339,77,58,0.0210843373493975,0.0034820195713513,"palma, palmae, palmas",environmental,0.524,model
ovin,6.053773772777059,73,55,0.0199890470974808,0.0033019151107642,"ovine, ovines, ovins",environmental,0.725,model
occurr,6.052956744128327,1347,1015,0.3688389923329682,0.0609353424986492,"occurr, occurre, occurred, occurrence, occurrences, occurring",environmental,0.545,model
buri,6.048365398352303,61,46,0.0167031763417305,0.0027616017290028,"buri, buried",environmental,0.557,model
lemon,6.02711821311219,74,56,0.02026286966046,0.0033619499309599,"lemon, lemons",environmental,0.656,model
caprin,6.016720654377666,62,47,0.0169769989047097,0.0028216365491985,"caprine, caprines",environmental,0.565,model
andean,6.0123095688539285,58,44,0.0158817086527929,0.0026415320886113,"andean, andeans",environmental,0.568,model
other,6.008880595247053,2071,1572,0.5670865279299014,0.0943747373476616,"othere, others",environmental,0.538,model
peace-keep,6.001397936242578,25,19,0.0068455640744797,0.0011406615837185,"peace-keeper, peace-keeping",environmental,0.591,model
peculiar,5.986394441401972,63,48,0.0172508214676889,0.0028816713693942,"peculiar, peculiarities",environmental,0.523,model
originair,5.986394441401972,21,16,0.0057502738225629,0.0009605571231314,"originaire, originaires",environmental,0.558,model
volumin,5.986394441401972,21,16,0.0057502738225629,0.0009605571231314,voluminous,environmental,0.507,model
conakry,5.986394441401972,21,16,0.0057502738225629,0.0009605571231314,conakry,environmental,0.904,model
bahama,5.9800596324692705,59,45,0.0161555312157721,0.0027015669088071,bahamas,environmental,0.521,model
herbal,5.972819850831899,55,42,0.0150602409638554,0.0025214624482199,"herbal, herbals",environmental,0.778,model
inventor,5.964466256634931,34,26,0.0093099671412924,0.0015609053250885,"inventor, inventors",environmental,0.578,model
sebac,5.964466256634931,34,26,0.0093099671412924,0.0015609053250885,"sebacate, sebacic",environmental,0.543,model
altitud,5.95730603303753,128,98,0.0350492880613362,0.0058834123791799,"altitud, altitude, altitudes",environmental,0.571,model
uniquely,5.95730603303753,64,49,0.0175246440306681,0.0029417061895899,uniquely,environmental,0.521,model
geometry,5.95730603303753,64,49,0.0175246440306681,0.0029417061895899,geometry,environmental,0.584,model
gabon,5.952573003879926,77,59,0.0210843373493975,0.003542054391547,gabon,environmental,0.504,model
oak,5.952573003879926,77,59,0.0210843373493975,0.003542054391547,"oak, oaked, oaks",environmental,0.793,model
fiscally,5.9492118672317735,30,23,0.0082146768893756,0.0013808008645014,fiscally,environmental,0.503,model
acet,5.945670669691754,219,168,0.0599671412924424,0.0100858497928798,"acetal, acetalization, acetals, acetate, acetates, acetic, acetous",environmental,0.641,model
singapor,5.934876416949288,216,166,0.0591456736035049,0.0099657801524884,"singapor, singapore",environmental,0.519,model
ventil,5.927065900890132,256,197,0.0700985761226725,0.0118268595785555,"ventilate, ventilation, ventilations, ventilator, ventilators, ventillation",environmental,0.506,model
occur,5.925407340883379,1342,1033,0.3674698795180723,0.062015969262172,"occur, occurance, occurances, occured, occurence, occurences, occures, occuring, occurs",environmental,0.509,model
mission,5.918521488551609,1417,1092,0.3880065717415115,0.0655580236537191,"mission, missioner, missioning, missions",environmental,0.577,model
bakery,5.917053965246736,48,37,0.013143483023001,0.0022212883472414,bakery,environmental,0.53,model
entir,5.9041497518118895,1521,1175,0.4164841182913472,0.0705409137299633,"entir, entire",environmental,0.521,model
ethoxy-4-hydroxybenzaldehyd,5.902551381998583,22,17,0.0060240963855421,0.0010205919433271,ethoxy-4-hydroxybenzaldehyde,environmental,0.516,model
unlik,5.9015897411738845,361,279,0.0988499452354874,0.016749714834604,unlike,environmental,0.52,model
tuna,5.896007533459781,212,164,0.0580503833515881,0.009845710512097,"tuna, tunas",environmental,0.751,model
couvert,5.893507636265183,115,89,0.0314895947426067,0.0053430989974185,"couvert, couverte, couvertes, couverts",environmental,0.515,model
fiji,5.891372307411464,93,72,0.0254654983570646,0.0043225070540913,"fiji, fijis",environmental,0.572,model
iccat,5.8852418471540116,80,62,0.0219058050383351,0.0037221588521342,iccat,environmental,0.597,model
second-hand,5.86422312627132,63,49,0.0172508214676889,0.0029417061895899,second-hand,environmental,0.511,model
landwirtschaft,5.86422312627132,45,35,0.0123220153340635,0.0021012187068499,"landwirtschaft, landwirtschafts",environmental,0.7,model
pomac,5.86422312627132,36,28,0.0098576122672508,0.0016809749654799,"pomace, pomaceous",environmental,0.652,model
elong,5.864223126271319,54,42,0.0147864184008762,0.0025214624482199,"elong, elongate, elongation, elongations",environmental,0.57,model
eurof,5.864223126271319,27,21,0.0073932092004381,0.0012607312241099,eurofer,environmental,0.948,model
terra,5.847515937877383,50,39,0.0136911281489594,0.0023413579876328,"terra, terras",environmental,0.681,model
leo,5.84386124041621,41,32,0.0112267250821467,0.0019211142462628,"leo, leos",environmental,0.562,model
research,5.840740075431121,2807,2192,0.7686199342825849,0.131596325869004,"research, researched, researcher, researchers, researches, researching",environmental,0.541,model
graphic,5.83289714803269,399,312,0.1092552026286966,0.0187308639010626,"graphic, graphical, graphics",environmental,0.55,model
hepat,5.82802421808446,46,36,0.0125958378970427,0.0021612535270456,"hepatic, hepatitis",environmental,0.582,model
iru,5.82802421808446,23,18,0.0062979189485213,0.0010806267635228,"iru, irus",environmental,0.532,model
paper,5.817799053602925,2023,1586,0.5539430449069004,0.0952152248304016,"paper, papering, papers",environmental,0.524,model
madagascar,5.809353202282816,121,95,0.0331325301204819,0.0057033079185927,madagascar,environmental,0.594,model
contactor,5.804988549238275,28,22,0.0076670317634173,0.0013207660443056,"contactor, contactors",environmental,0.562,model
aros,5.796350173420955,122,96,0.0334063526834611,0.0057633427387884,arose,environmental,0.539,model
microbiolog,5.794557302968306,202,159,0.0553121577217962,0.0095455364111184,"microbiolog, microbiologic, microbiological",environmental,0.877,model
medic,5.782868031821849,1117,881,0.3058598028477546,0.0528906765924236,"medic, medical, medicalization, medicals, medicate, medication, medications, medice, medics",environmental,0.515,model
faero,5.777345746622855,38,30,0.0104052573932092,0.0018010446058714,"faeroe, faeroes",environmental,0.521,model
essenc,5.775924854899632,271,214,0.0742059145673603,0.0128474515218826,"essence, essences",environmental,0.512,model
equatori,5.746938663745893,63,50,0.0172508214676889,0.0030017410097856,equatorial,environmental,0.606,model
tensil,5.743560098981786,68,54,0.0186199342825848,0.0032418802905685,"tensil, tensile",environmental,0.525,model
dairi,5.743560098981786,34,27,0.0093099671412924,0.0016209401452842,dairies,environmental,0.522,model
softwar,5.729244146591503,667,531,0.1826396495071194,0.0318784895239238,"software, softwares",environmental,0.545,model
bean,5.728694414019715,157,125,0.0429901423877327,0.0075043525244641,"bean, beans",environmental,0.643,model
difficult,5.727845844265009,1728,1376,0.4731653888280394,0.0826079125893018,difficult,environmental,0.505,model
cefic,5.727845844265009,54,43,0.0147864184008762,0.0025814972684156,cefic,environmental,0.904,model
hypothesi,5.71834692910039,84,67,0.0230010952902519,0.0040223329531128,hypothesis,environmental,0.533,model
georgia,5.709901465053653,333,266,0.0911829134720701,0.0159692621720597,georgia,environmental,0.583,model
congenit,5.701328039430449,20,16,0.0054764512595837,0.0009605571231314,congenital,environmental,0.543,model
vauclus,5.701328039430449,20,16,0.0054764512595837,0.0009605571231314,vaucluse,environmental,0.545,model
informatiqu,5.701328039430448,25,20,0.0068455640744797,0.0012006964039142,"informatique, informatiques",environmental,0.605,model
tube,5.692349570077015,317,254,0.086801752464403,0.0152488443297112,"tube, tubes",environmental,0.522,model
analys,5.681716591628969,2028,1628,0.5553121577217963,0.0977366872786216,"analysant, analyse, analysed, analyser, analysers, analyses, analysing",environmental,0.544,model
knee,5.670510050028122,46,37,0.0125958378970427,0.0022212883472414,"knee, knees",environmental,0.566,model
variet,5.670510050028122,46,37,0.0125958378970427,0.0022212883472414,"variet, varietal, varietals",environmental,0.655,model
bourgogn,5.670510050028122,46,37,0.0125958378970427,0.0022212883472414,bourgogne,environmental,0.518,model
border,5.660076109588837,1818,1465,0.4978094194961664,0.0879510115867202,"border, bordered, bordering, borders",environmental,0.544,model
bone,5.657131698039515,160,129,0.0438116100766703,0.007744491805247,"bone, bones",environmental,0.562,model
timer,5.655717415115006,31,25,0.0084884994523548,0.0015008705048928,"timer, timers",environmental,0.514,model
carcass,5.651751273870184,114,92,0.0312157721796276,0.0055232034580056,"carcass, carcasse, carcasses",environmental,0.697,model
juic,5.650649567968845,223,180,0.0610624315443592,0.0108062676352284,"juice, juices, juicing",environmental,0.586,model
ceta,5.647029677150159,26,21,0.0071193866374589,0.0012607312241099,ceta,environmental,0.562,model
consommateur,5.641314060068023,47,38,0.0128696604600219,0.0022813231674371,"consommateur, consommateurs",environmental,0.537,model
africa,5.635256574300602,661,535,0.1809967141292442,0.0321186288047067,"africa, africas",environmental,0.704,model
prosthet,5.634253591907738,21,17,0.0057502738225629,0.0010205919433271,"prosthetic, prosthetics",environmental,0.55,model
backhaul,5.634253591907738,21,17,0.0057502738225629,0.0010205919433271,"backhaul, backhauling, backhauls",environmental,0.523,model
cabin,5.625310332238044,111,90,0.03039430449069,0.0054031338176142,"cabin, cabine, cabins",environmental,0.56,model
moroccan,5.613615300362288,64,52,0.0175246440306681,0.0031218106501771,"moroccan, moroccans",environmental,0.572,model
marina,5.606305905439941,59,48,0.0161555312157721,0.0028816713693942,"marina, marinas",environmental,0.62,model
oliv,5.605580545638488,322,262,0.088170865279299,0.0157291228912769,"olival, olive, oliver, olives, oliving",environmental,0.743,model
preserv,5.604483563144233,1794,1460,0.4912376779846659,0.0876508374857417,"preserv, preservation, preservations, preservative, preservatives, preserve, preserved, preservers, preserves, preserving",environmental,0.569,model
budgweb,5.604442726342089,188,153,0.0514786418400876,0.0091853274899441,budgweb,environmental,0.523,model
third-country,5.5992147014108,329,268,0.0900876232201533,0.0160893318124512,third-country,environmental,0.596,model
pedal,5.597667529622623,54,44,0.0147864184008762,0.0026415320886113,"pedal, pedalling, pedals",environmental,0.511,model
conurb,5.597667529622623,27,22,0.0073932092004381,0.0013207660443056,"conurbation, conurbations",environmental,0.578,model
physiqu,5.597667529622623,27,22,0.0073932092004381,0.0013207660443056,"physique, physiquement, physiques",environmental,0.638,model
orang,5.588907486540271,174,142,0.0476451259583789,0.0085249444677913,"orange, oranges",environmental,0.637,model
acestui,5.58730147864184,49,40,0.0134173055859802,0.0024013928078285,acestui,environmental,0.84,model
silag,5.57463186077644,44,36,0.0120481927710843,0.0021612535270456,"silage, silaging",environmental,0.939,model
groundhandl,5.57463186077644,44,36,0.0120481927710843,0.0021612535270456,"groundhandlers, groundhandling",environmental,0.525,model
polymeriz,5.57463186077644,22,18,0.0060240963855421,0.0010806267635228,polymerized,environmental,0.525,model
saar,5.57463186077644,22,18,0.0060240963855421,0.0010806267635228,saar,environmental,0.523,model
gaelic,5.57463186077644,22,18,0.0060240963855421,0.0010806267635228,gaelic,environmental,0.533,model
seychel,5.574631860776439,77,63,0.0210843373493975,0.0037821936723299,"seychell, seychelle, seychelles",environmental,0.635,model
geneva,5.569297284833112,348,285,0.0952902519167579,0.0171099237557783,geneva,environmental,0.521,model
peach,5.568050241106101,94,77,0.0257393209200438,0.0046226811550699,"peach, peaches",environmental,0.607,model
rental,5.560747348047232,178,146,0.0487404162102957,0.0087650837485741,"rental, rentals",environmental,0.511,model
plummet,5.552597742749655,28,23,0.0076670317634173,0.0013808008645014,"plummet, plummeted, plummeting",environmental,0.502,model
remedy,5.52412460036707,717,592,0.1963307776560788,0.0355406135558624,"remedy, remedying",environmental,0.633,model
again,5.5218073954092945,1115,921,0.3053121577217962,0.0552920694002521,"again, agains",environmental,0.501,model
zea,5.516713607677462,127,105,0.034775465498357,0.0063036561205499,zea,environmental,0.558,model
nationaux,5.511283771449434,29,24,0.0079408543263964,0.0014408356846971,nationaux,environmental,0.732,model
accompany,5.506679882140598,2143,1775,0.586801752464403,0.1065618058473914,"accompany, accompanying",environmental,0.512,model
aviat,5.4881541679435895,959,797,0.2625958378970427,0.0478477516959836,"aviat, aviation, aviations, aviator, aviators",environmental,0.537,model
filtrat,5.484821911350813,95,79,0.026013143483023,0.0047427507954613,"filtrate, filtrates, filtration, filtrations",environmental,0.679,model
geostationary,5.473274917853231,48,40,0.013143483023001,0.0024013928078285,geostationary,environmental,0.649,model
iznemot,5.473274917853231,30,25,0.0082146768893756,0.0015008705048928,iznemot,environmental,0.512,model
scandinavia,5.473274917853231,24,20,0.0065717415115005,0.0012006964039142,scandinavia,environmental,0.576,model
polyphenol,5.473274917853231,24,20,0.0065717415115005,0.0012006964039142,"polyphenol, polyphenols",environmental,0.641,model
chestnut,5.458320614798987,73,61,0.0199890470974808,0.0036621240319385,"chestnut, chestnuts",environmental,0.652,model
sourc,5.451894937705367,3060,2560,0.8378970427163198,0.1536891397010266,"sourc, source, sourced, sources, sourcing",environmental,0.59,model
plough,5.44793568212243,86,72,0.0235487404162102,0.0043225070540913,"plough, ploughed, ploughing, ploughings, ploughs",environmental,0.718,model
demers,5.438189822225967,62,52,0.0169769989047097,0.0031218106501771,demersal,environmental,0.532,model
medically,5.438189822225967,31,26,0.0084884994523548,0.0015609053250885,medically,environmental,0.556,model
chile,5.438189822225966,186,156,0.0509309967141292,0.0093654319505313,"chile, chiles",environmental,0.559,model
haven,5.429836228028999,50,42,0.0136911281489594,0.0025214624482199,"haven, havens",environmental,0.708,model
pharmacologically,5.429836228028999,25,21,0.0068455640744797,0.0012607312241099,pharmacologically,environmental,0.597,model
extraterritori,5.429836228028999,25,21,0.0068455640744797,0.0012607312241099,extraterritorial,environmental,0.906,model
sooduspäritoluga,5.405703622571092,64,54,0.0175246440306681,0.0032418802905685,sooduspäritoluga,environmental,0.584,model
skate,5.40125814261832,45,38,0.0123220153340635,0.0022813231674371,"skate, skates",environmental,0.595,model
voyag,5.398808592440262,116,98,0.0317634173055859,0.0058834123791799,"voyage, voyageant, voyager, voyages",environmental,0.62,model
sulfonyl,5.39034651000697,26,22,0.0071193866374589,0.0013207660443056,"sulfonyl, sulfonyls",environmental,0.628,model
togo,5.383549099527769,72,61,0.0197152245345016,0.0036621240319385,togo,environmental,0.538,model
dough,5.375537865748709,66,56,0.0180722891566265,0.0033619499309599,"dough, doughs",environmental,0.535,model
ave,5.375537865748709,66,56,0.0180722891566265,0.0033619499309599,"ave, aves",environmental,0.506,model
community-level,5.375537865748709,33,28,0.0090361445783132,0.0016809749654799,community-level,environmental,0.601,model
attenu,5.371917974930024,53,45,0.014512595837897,0.0027015669088071,"attenuate, attenuates, attenuation, attenuator",environmental,0.506,model
régional,5.371917974930024,53,45,0.014512595837897,0.0027015669088071,"régional, régionale, régionales",environmental,0.606,model
wavelength,5.365955801816893,40,34,0.0109529025191675,0.0020411838866542,"wavelength, wavelengths",environmental,0.615,model
bosnia,5.363333999307862,361,307,0.0988499452354874,0.018430689800084,bosnia,environmental,0.545,model
composit,5.354460609439394,1370,1167,0.3751369112814895,0.0700606351683976,"composite, composited, composites, composition, compositional, compositions",environmental,0.52,model
coop,5.347452505948558,34,29,0.0093099671412924,0.0017410097856756,"coop, coope, coops",environmental,0.693,model
foot,5.342503197787973,335,286,0.0917305585980284,0.017169958575974,"foot, footing, footings, foots",environmental,0.519,model
mongolia,5.341244163255894,89,76,0.0243702081051478,0.0045626463348742,mongolia,environmental,0.6,model
scatter,5.34093320999495,226,193,0.0618838992332968,0.0115867202977727,"scatter, scattered, scatterers, scattering",environmental,0.596,model
wheat,5.333500423983323,290,248,0.0794085432639649,0.0148886354085369,wheat,environmental,0.63,model
gospodarki,5.321239503468418,28,24,0.0076670317634173,0.0014408356846971,gospodarki,environmental,0.657,model
unforeseen,5.310532784145545,248,213,0.0679079956188389,0.0127874167016869,unforeseen,environmental,0.533,model
viru,5.292225111410249,152,131,0.0416210295728368,0.0078645614456384,"viru, virus",environmental,0.521,model
respiratory,5.290832420591457,145,125,0.0397042716319824,0.0075043525244641,respiratory,environmental,0.579,model
violet,5.290832420591457,29,25,0.0079408543263964,0.0015008705048928,violet,environmental,0.577,model
encount,5.289078165810094,603,520,0.1651150054764512,0.031218106501771,"encounter, encountered, encountering, encounters",environmental,0.568,model
family,5.287603349843461,786,678,0.2152245345016429,0.0407036080926937,family,environmental,0.662,model
turismo,5.286686000199144,51,44,0.0139649507119386,0.0026415320886113,turismo,environmental,0.67,model
région,5.273728436473165,74,64,0.02026286966046,0.0038422284925256,"région, régions",environmental,0.582,model
base,5.269078871986566,2054,1778,0.5624315443592552,0.1067419103079786,"base, bases",environmental,0.585,model
telephony,5.268813498508139,134,116,0.0366922234392113,0.0069640391427027,telephony,environmental,0.507,model
acid,5.264187674541056,569,493,0.1558050383351588,0.0295971663564867,"acid, acide, acidents, acides, acidic, acidities, acids",environmental,0.534,model
partially,5.261434103497143,1217,1055,0.3332420591456736,0.0633367353064777,partially,environmental,0.516,model
diabet,5.245221796276013,69,60,0.018893756845564,0.0036020892117428,"diabetes, diabetic, diabetics",environmental,0.522,model
colourless,5.245221796276013,23,20,0.0062979189485213,0.0012006964039142,colourless,environmental,0.502,model
régulat,5.245221796276013,23,20,0.0062979189485213,0.0012006964039142,régulation,environmental,0.66,model
utensil,5.236775384365746,31,27,0.0084884994523548,0.0016209401452842,utensils,environmental,0.513,model
chromatography,5.236775384365746,31,27,0.0084884994523548,0.0016209401452842,chromatography,environmental,0.635,model
narva,5.236775384365746,31,27,0.0084884994523548,0.0016209401452842,narva,environmental,0.547,model
minor,5.23465562848093,1189,1036,0.3255750273822563,0.0621960737227592,"minor, minore, minorities, minors",environmental,0.646,model
indian,5.23180690677147,234,204,0.0640744797371303,0.0122471033199255,"indian, indians",environmental,0.546,model
regional,5.228534982502071,47,41,0.0128696604600219,0.0024614276280242,"regionale, regionalent, regionaler, regionales",environmental,0.675,model
sandwich,5.2175789936605925,151,132,0.0413472070098576,0.0079245962658341,"sandwich, sandwiched",environmental,0.52,model
cherri,5.212642778907839,80,70,0.0219058050383351,0.0042024374136999,"cherri, cherries",environmental,0.525,model
anomali,5.212642778907839,72,63,0.0197152245345016,0.0037821936723299,"anomalie, anomalies",environmental,0.514,model
oceanografía,5.212642778907839,32,28,0.008762322015334,0.0016809749654799,oceanografía,environmental,0.973,model
estrela,5.212642778907839,24,21,0.0065717415115005,0.0012607312241099,"estrela, estrelas",environmental,0.636,model
strawberry,5.212642778907839,24,21,0.0065717415115005,0.0012607312241099,strawberry,environmental,0.577,model
spirit,5.2021488055242395,779,683,0.2133077765607886,0.0410037821936723,"spirit, spiritous, spirits",environmental,0.565,model
fillet,5.1945433248144095,82,72,0.0224534501642935,0.0043225070540913,"fillet, filleted, filleting, fillets",environmental,0.529,model
scientif,5.183938798847774,1806,1589,0.4945235487404162,0.0953953292909887,"scientif, scientific, scientifical",environmental,0.814,model
brazil,5.1830254903913175,400,352,0.1095290251916757,0.0211322567088911,"brazil, brazils",environmental,0.627,model
fédération,5.169204089083607,34,30,0.0093099671412924,0.0018010446058714,"fédération, fédérations",environmental,0.568,model
adversely,5.168440092026397,451,398,0.1234939759036144,0.0238938584378939,adversely,environmental,0.506,model
exceptionally,5.155486608086481,451,399,0.1234939759036144,0.0239538932580896,exceptionally,environmental,0.511,model
ingredi,5.151453761515838,445,394,0.1218510405257393,0.0236537191571111,"ingredie, ingredient, ingredients",environmental,0.59,model
bovin,5.148129873228287,342,303,0.0936473165388828,0.0181905505193011,"bovin, bovine, bovines, bovins",environmental,0.6,model
umwelt,5.140244962534119,71,63,0.0194414019715224,0.0037821936723299,umwelt,environmental,0.53,model
cocktail,5.131195235487404,27,24,0.0073932092004381,0.0014408356846971,"cocktail, cocktails",environmental,0.524,model
parallel,5.116778084123327,1464,1305,0.4008762322015334,0.0783454403554061,"parallel, parallele, paralleled, paralleling, parallelism, parallell, parallelle, parallels",environmental,0.513,model
auricularia,5.113918483852767,37,33,0.01013143483023,0.0019811490664585,auricularia,environmental,0.769,model
footbal,5.104046054347259,47,42,0.0128696604600219,0.0025214624482199,"football, footballers",environmental,0.557,model
afgegeven,5.097658011726049,38,34,0.0104052573932092,0.0020411838866542,afgegeven,environmental,0.784,model
barlei,5.08578642809371,126,113,0.0345016429353778,0.0067839346821156,"barley, barleys",environmental,0.654,model
trailer,5.065690615459905,261,235,0.0714676889375684,0.0141081827459926,"trailer, trailers",environmental,0.571,model
wine-grow,5.054150261981587,41,37,0.0112267250821467,0.0022212883472414,"wine-grower, wine-growers, wine-growing",environmental,0.595,model
eman,5.049747692066969,31,28,0.0084884994523548,0.0016809749654799,"emanate, emanates, emanation, emanations",environmental,0.542,model
evolut,5.048504218121618,1015,917,0.2779299014238773,0.0550519301194692,"evolution, evolutional, evolutions, evolutive",environmental,0.629,model
eu-acp,5.046281839155462,52,47,0.0142387732749178,0.0028216365491985,eu-acp,environmental,0.668,model
discov,5.042380577586729,220,199,0.0602409638554216,0.0119469292189469,"discov, discover, discovered, discovering, discovers",environmental,0.57,model
amélior,5.041174266443765,42,38,0.0115005476451259,0.0022813231674371,"améliorant, amélioration, améliorations, améliore, améliorent, améliorer",environmental,0.567,model
venta,5.041174266443765,21,19,0.0057502738225629,0.0011406615837185,"venta, ventas",environmental,0.602,model
pyrithion,5.041174266443765,21,19,0.0057502738225629,0.0011406615837185,pyrithione,environmental,0.612,model
pear,5.02886370657455,86,78,0.0235487404162102,0.0046827159752656,"pear, pears",environmental,0.673,model
health,5.027448197708118,2641,2396,0.7231653888280394,0.1438434291889296,"health, healthfulness",environmental,0.504,model
pepper,5.0222934639477215,98,89,0.0268346111719605,0.0053430989974185,"pepper, peppers",environmental,0.558,model
feedingstuff,5.021775808468032,109,99,0.0298466593647316,0.0059434471993756,"feedingstuff, feedingstuffs",environmental,0.699,model
collectif,5.017168674698795,22,20,0.0060240963855421,0.0012006964039142,"collectif, collectifs",environmental,0.737,model
vice,5.013179407265958,377,343,0.1032311062431544,0.0205919433271297,"vice, vices",environmental,0.527,model
electromagnet,5.011296062125991,256,233,0.0700985761226725,0.0139881131056012,"electromagnet, electromagnetic, electromagnetical, electromagnetics, electromagnetism, electromagnets",environmental,0.639,model
odour,5.01074464310507,78,71,0.0213581599123767,0.0042624722338956,"odour, odours",environmental,0.663,model
orphan,5.009023920356752,123,112,0.0336801752464403,0.0067238998619199,"orphan, orphaned, orphans",environmental,0.558,model
african,5.006249004052372,596,543,0.1631982475355969,0.0325989073662724,"african, africans",environmental,0.589,model
azur,5.00245557008091,34,31,0.0093099671412924,0.0018610794260671,"azur, azure",environmental,0.567,model
tour,5.001440873210711,159,145,0.0435377875136911,0.0087050489283784,"tour, toured, touring, tours",environmental,0.603,model
metrolog,4.999626126885163,57,52,0.0156078860898138,0.0031218106501771,metrological,environmental,0.668,model
wean,4.9954493297866795,23,21,0.0062979189485213,0.0012607312241099,"wean, weaned, weaning",environmental,0.664,model
anim,4.986803331125713,1593,1457,0.4361993428258488,0.0874707330251546,"anim, animal, animals, animate, animates, animation, animations, animator, animators",environmental,0.533,model
eac,4.9820835790715305,71,65,0.0194414019715224,0.0039022633127213,"eac, eace, eacs",environmental,0.558,model
antil,4.975704470775665,48,44,0.013143483023001,0.0026415320886113,"antille, antilles",environmental,0.592,model
attenuat,4.975704470775665,24,22,0.0065717415115005,0.0013207660443056,"attenuated, attenuating",environmental,0.522,model
polyethylen,4.97302936084514,169,155,0.046276013143483,0.0093053971303355,"polyethylen, polyethylene, polyethylenes",environmental,0.529,model
hydrochlorid,4.966490203237191,49,45,0.0134173055859802,0.0027015669088071,"hydrochlorid, hydrochloride, hydrochlorides",environmental,0.602,model
unlikely,4.965939350286521,601,552,0.1645673603504928,0.0331392207480338,unlikely,environmental,0.529,model
esma,4.963509116680627,37,34,0.01013143483023,0.0020411838866542,esma,environmental,0.681,model
tierra,4.9576765560264775,25,23,0.0068455640744797,0.0013808008645014,"tierra, tierras",environmental,0.739,model
geral,4.952010639962448,38,35,0.0104052573932092,0.0021012187068499,geral,environmental,0.551,model
unlimit,4.949908767874178,471,434,0.1289704271631982,0.0260551119649396,unlimited,environmental,0.518,model
fruit,4.945570601645483,746,688,0.2042716319824753,0.0413039562946509,"fruit, fruites, fruitful, fruitfulness, fruiting, fruits",environmental,0.672,model
kaksoiskappal,4.94115096750639,39,36,0.0106790799561883,0.0021612535270456,kaksoiskappale,environmental,0.604,model
grape,4.935944275232937,237,219,0.0648959474260679,0.0131476256228612,"grape, grapes",environmental,0.777,model
hose,4.9243328906939094,122,113,0.0334063526834611,0.0067839346821156,"hose, hoses",environmental,0.617,model
canary,4.917793571441683,193,179,0.0528477546549835,0.0107462328150327,canary,environmental,0.657,model
compan,4.9052935584533675,57,53,0.0156078860898138,0.0031818454703728,"compan, companion, companions",environmental,0.532,model
marino,4.872687815066024,172,161,0.0470974808324205,0.0096656060515098,"marino, marinos",environmental,0.542,model
croatia,4.858655053575882,800,751,0.2190580503833515,0.0450861499669808,"croatia, croatias",environmental,0.558,model
forschung,4.85532452390206,33,31,0.0090361445783132,0.0018610794260671,"forschung, forschungs",environmental,0.582,model
seamen,4.850653697039239,67,63,0.0183461117196056,0.0037821936723299,seamen,environmental,0.559,model
injector,4.846128833515881,34,32,0.0093099671412924,0.0019211142462628,"injector, injectors",environmental,0.564,model
microbiology,4.8374904576985625,35,33,0.0095837897042716,0.0019811490664585,microbiology,environmental,0.908,model
genit,4.8374904576985625,35,33,0.0095837897042716,0.0019811490664585,genital,environmental,0.503,model
protein,4.833816995556979,319,301,0.0873493975903614,0.0180704808789097,"protein, proteine, proteins",environmental,0.501,model
aliphat,4.829360221635205,36,34,0.0098576122672508,0.0020411838866542,aliphatic,environmental,0.609,model
visitor,4.829360221635204,198,187,0.0542168674698795,0.0112265113765984,"visitor, visitors",environmental,0.651,model
least-develop,4.824200648748842,55,52,0.0150602409638554,0.0031218106501771,least-developed,environmental,0.527,model
organ,4.821296253415459,2075,1963,0.5681818181818182,0.1178483520441856,"organ, organe, organer, organes, organic, organical, organics, organism, organisms, organization, organizations, organize, organizer, organizers, organizes, organs",environmental,0.572,model
rilasciato,4.814454788852379,38,36,0.0104052573932092,0.0021612535270456,rilasciato,environmental,0.539,model
air,4.811199748689331,2135,2024,0.5846111719605696,0.1215104760761241,"air, aire, aired, aires, airing, airings, airness, airs",environmental,0.524,model
aip,4.801118348994062,20,19,0.0054764512595837,0.0011406615837185,"aip, aipes, aips",environmental,0.503,model
carcassonn,4.801118348994062,20,19,0.0054764512595837,0.0011406615837185,carcassonne,environmental,0.536,model
geograph,4.800981095753668,1841,1749,0.5041073384446878,0.1050009005223029,"geograph, geographe, geographer, geographers, geographic, geographical",environmental,0.704,model
neo,4.789115553121577,21,20,0.0057502738225629,0.0012006964039142,"neo, neos",environmental,0.624,model
devic,4.784478613496162,1135,1082,0.31078860898138,0.064957675451762,"devic, device, deviced, devices",environmental,0.55,model
suction,4.783553281863597,43,41,0.0117743702081051,0.0024614276280242,"suction, suctions",environmental,0.536,model
ambassador,4.781759000812635,130,124,0.0355969331872946,0.0074443177042684,"ambassador, ambassadors",environmental,0.571,model
extran,4.77825588066552,22,21,0.0060240963855421,0.0012607312241099,"extraneal, extraneous",environmental,0.575,model
saarland,4.773204870220841,45,43,0.0123220153340635,0.0025814972684156,"saarland, saarlandes",environmental,0.518,model
humidifi,4.759369493785418,24,23,0.0065717415115005,0.0013808008645014,"humidified, humidifier, humidifiers",environmental,0.526,model
compostela,4.751106699525374,25,24,0.0068455640744797,0.0014408356846971,compostela,environmental,0.904,model
faith,4.750230919488596,226,217,0.0618838992332968,0.0130275559824698,"faith, faithful, faiths",environmental,0.544,model
electron,4.745096575456182,1908,1834,0.5224534501642936,0.1101038602389385,"electron, electronic, electronical, electronics, electroning, electrons",environmental,0.628,model
originally,4.743504928806134,520,500,0.1423877327491785,0.0300174100978567,originally,environmental,0.511,model
descend,4.743504928806134,78,75,0.0213581599123767,0.0045026115146785,"descend, descendant, descendants, descended, descendent, descendents, descender, descenders, descending, descends",environmental,0.508,model
yellow,4.731569438331064,222,214,0.06078860898138,0.0128474515218826,"yellow, yellowing, yellowness, yellows",environmental,0.568,model
okrem,4.729990669749706,56,54,0.0153340635268346,0.0032418802905685,okrem,environmental,0.555,model
eurodac,4.723957518385229,29,28,0.0079408543263964,0.0016809749654799,eurodac,environmental,0.886,model
volksgezondheid,4.7183404464251995,30,29,0.0082146768893756,0.0017410097856756,volksgezondheid,environmental,0.714,model
primarily,4.71715628614889,1511,1461,0.4137458926615553,0.0877108723059374,primarily,environmental,0.501,model
visit,4.716439283607959,941,910,0.2576670317634173,0.0546316863780993,"visit, visitation, visite, visited, visites, visiting, visits",environmental,0.501,model
vino,4.7130978459291715,31,30,0.0084884994523548,0.0018010446058714,"vino, vinos",environmental,0.516,model
experi,4.701643122927576,2408,2336,0.6593647316538883,0.1402413399771867,"experi, experie, experience, experiences, experiment, experimented, experimenting, experiments",environmental,0.628,model
substanc,4.699015170494661,1635,1587,0.4476998904709748,0.0952752596505973,"substanc, substance, substances",environmental,0.557,model
telecommun,4.692158836762401,859,835,0.2352135815991237,0.0501290748634207,"telecommunication, telecommunications",environmental,0.502,model
rider,4.691378501017056,36,35,0.0098576122672508,0.0021012187068499,"rider, riders",environmental,0.613,model
diaphragm,4.6750889923329675,41,40,0.0112267250821467,0.0024013928078285,"diaphragm, diaphragms",environmental,0.622,model
scientifiqu,4.667133650882601,44,43,0.0120481927710843,0.0025814972684156,"scientifique, scientifiquement, scientifiques",environmental,0.65,model
protector,4.667133650882601,44,43,0.0120481927710843,0.0025814972684156,"protector, protectores, protectors",environmental,0.54,model
villa,4.667133650882601,44,43,0.0120481927710843,0.0025814972684156,"villa, villae, villas",environmental,0.568,model
leav,4.64877517061252,1537,1508,0.4208652792990142,0.0905325088551359,"leav, leave, leaved, leaves, leaving",environmental,0.72,model
helena,4.645526550647032,55,54,0.0150602409638554,0.0032418802905685,"helena, helenae",environmental,0.608,model
oleic,4.642509974964795,57,56,0.0156078860898138,0.0033619499309599,oleic,environmental,0.725,model
canaria,4.626220466280707,71,70,0.0194414019715224,0.0042024374136999,"canaria, canarias",environmental,0.598,model
morbidity,4.620297008577403,78,77,0.0213581599123767,0.0046226811550699,morbidity,environmental,0.531,model
ivoir,4.611183996726165,92,91,0.0251916757940854,0.0054631686378099,ivoire,environmental,0.78,model
northern,4.60491880107844,840,832,0.2300109529025191,0.0499489704028336,"northern, northerne, northerners",environmental,0.52,model
spontan,4.603689183241035,108,107,0.0295728368017524,0.0064237257609413,"spontan, spontaneous",environmental,0.524,model
aircraft,4.600723843992571,696,690,0.1905805038335158,0.0414240259350423,"aircraft, aircrafts",environmental,0.54,model
vitro,4.598757162383569,122,121,0.0334063526834611,0.0072642132436813,vitro,environmental,0.546,model
foreseen,4.595555632015608,1732,1719,0.4742606790799561,0.1031998559164315,foreseen,environmental,0.542,model
cereal,4.577892920221645,544,542,0.148959474260679,0.0325388725460767,"cereal, cereale, cereales, cereals",environmental,0.525,model
eori,4.56106243154436,23,23,0.0062979189485213,0.0013808008645014,eori,environmental,0.764,model
refinish,4.56106243154436,23,23,0.0062979189485213,0.0013808008645014,refinishing,environmental,0.543,model
mole,4.56106243154436,22,22,0.0060240963855421,0.0013207660443056,"mole, moles",environmental,0.853,model
ressourc,4.561062431544359,59,59,0.0161555312157721,0.003542054391547,"ressource, ressourcer, ressources",environmental,0.718,model
venezia,4.561062431544359,40,40,0.0109529025191675,0.0024013928078285,venezia,environmental,0.626,model
soak,4.561062431544359,39,39,0.0106790799561883,0.0023413579876328,"soak, soaked, soaking, soaks",environmental,0.561,model
puerto,4.561062431544359,35,35,0.0095837897042716,0.0021012187068499,"puerto, puertos",environmental,0.507,model
diver,4.561062431544359,29,29,0.0079408543263964,0.0017410097856756,"diver, divers",environmental,0.798,model
homeland,4.561062431544359,24,24,0.0065717415115005,0.0014408356846971,"homeland, homelands",environmental,0.603,model
darker,4.561062431544359,20,20,0.0054764512595837,0.0012006964039142,darker,environmental,0.505,model
sau,4.561062431544359,20,20,0.0054764512595837,0.0012006964039142,sau,environmental,0.726,model
tunisia,4.544355243150424,272,273,0.0744797371303395,0.0163895059134297,tunisia,environmental,0.556,model
data-process,4.536540590514551,185,186,0.05065717415115,0.0111664765564027,data-processing,environmental,0.54,model
warsaw,4.525977335917095,129,130,0.0353231106243154,0.0078045266254427,warsaw,environmental,0.534,model
indetermin,4.5018278545113155,152,154,0.0416210295728368,0.0092453623101398,"indeterminate, indetermination",environmental,0.511,model
diverg,4.497626236390752,709,719,0.1941401971522453,0.043165035720718,"diverg, diverge, diverged, divergence, divergences, divergencies, divergent, divergents, diverges, diverging",environmental,0.589,model
sugar,4.486852404497956,786,799,0.2152245345016429,0.047967821336375,"sugar, sugared, sugaring, sugars",environmental,0.623,model
philosophy,4.48629091627314,60,61,0.0164293537787513,0.0036621240319385,philosophy,environmental,0.536,model
moscow,4.4824234241039385,57,58,0.0156078860898138,0.0034820195713513,moscow,environmental,0.552,model
relationship,4.481218887884939,1347,1371,0.3688389923329682,0.0823077384883232,"relationship, relationships",environmental,0.535,model
neither,4.4592704802824255,1139,1165,0.3118838992332968,0.0699405655280062,neither,environmental,0.544,model
eba,4.458566646565834,87,89,0.0238225629791894,0.0053430989974185,"eba, ebas",environmental,0.654,model
cephalopod,4.44703587075575,39,40,0.0106790799561883,0.0024013928078285,"cephalopod, cephalopods",environmental,0.735,model
five,4.441187115412206,2297,2359,0.6289704271631983,0.1416221408416881,"five, fives",environmental,0.516,model
tire,4.441034472819507,37,38,0.01013143483023,0.0022813231674371,"tire, tiree, tires",environmental,0.571,model
flavour,4.439253642571364,328,337,0.0898138006571741,0.0202317344059554,"flavour, flavoured, flavoures, flavourful, flavouring, flavourings, flavours",environmental,0.521,model
correl,4.43506623177794,528,543,0.144578313253012,0.0325989073662724,"correl, correlate, correlates, correlation, correlational, correlations, correlative",environmental,0.519,model
ecosoc,4.426913536498937,33,34,0.0090361445783132,0.0020411838866542,ecosoc,environmental,0.979,model
specimen,4.421438071395041,285,294,0.078039430449069,0.0176502371375397,"specimen, specimens",environmental,0.717,model
trasporti,4.418529230558598,31,32,0.0084884994523548,0.0019211142462628,trasporti,environmental,0.551,model
citizen,4.4114061680156444,1916,1981,0.524644030668127,0.1189289788077084,"citizen, citizens",environmental,0.559,model
octroi,4.403784416663519,28,29,0.0076670317634173,0.0017410097856756,"octroi, octroie",environmental,0.63,model
consomm,4.39816734470349,54,56,0.0147864184008762,0.0033619499309599,"consommation, consommations, consommer",environmental,0.562,model
ico,4.39816734470349,27,28,0.0073932092004381,0.0016809749654799,"ico, icoe, icos",environmental,0.587,model
sozial,4.392134193339013,26,27,0.0071193866374589,0.0016209401452842,"sozial, soziale, sozialer, soziales",environmental,0.542,model
oversea,4.389869739743767,359,373,0.098302300109529,0.0223929879330011,"oversea, overseas",environmental,0.562,model
bacteri,4.388946868089856,51,53,0.0139649507119386,0.0031818454703728,bacterial,environmental,0.819,model
therapi,4.385636953408038,75,78,0.0205366922234392,0.0046827159752656,therapies,environmental,0.522,model
electrostat,4.385636953408038,50,52,0.0136911281489594,0.0031218106501771,"electrostatic, electrostatics",environmental,0.604,model
sunglass,4.385636953408038,25,26,0.0068455640744797,0.0015609053250885,sunglasses,environmental,0.511,model
unlicens,4.378619934282584,24,25,0.0065717415115005,0.0015008705048928,unlicensed,environmental,0.57,model
reintroduc,4.3710181635633445,115,120,0.0314895947426067,0.0072041784234856,"reintroduc, reintroduce, reintroduced, reintroduces, reintroducing",environmental,0.753,model
unusually,4.3710181635633445,46,48,0.0125958378970427,0.0028816713693942,unusually,environmental,0.511,model
evaluación,4.3710181635633445,23,24,0.0062979189485213,0.0014408356846971,evaluación,environmental,0.671,model
eu-tunisia,4.3710181635633445,23,24,0.0062979189485213,0.0014408356846971,eu-tunisia,environmental,0.587,model
culturel,4.362755369303301,22,23,0.0060240963855421,0.0013808008645014,"culturel, culturele, culturelle, culturelles, culturels",environmental,0.69,model
peter,4.3627553693033,66,69,0.0180722891566265,0.0041424025935042,"peter, peters",environmental,0.516,model
sterol,4.353741411928707,42,44,0.0115005476451259,0.0026415320886113,"sterol, steroles, sterols",environmental,0.509,model
elba,4.353741411928707,21,22,0.0057502738225629,0.0013207660443056,elba,environmental,0.514,model
airworthi,4.350551857780774,62,65,0.0169769989047097,0.0039022633127213,airworthiness,environmental,0.51,model
prolong,4.34248116485693,596,626,0.1631982475355969,0.0375817974425166,"prolong, prolongable, prolongation, prolongations, prolonge, prolongeant, prolonged, prolongement, prolonger, prolonges, prolonging, prolongs",environmental,0.5,model
zootechn,4.3291440028217645,56,59,0.0153340635268346,0.003542054391547,"zootechnic, zootechnical, zootechnics",environmental,0.806,model
grappa,4.327161794029264,37,39,0.01013143483023,0.0023413579876328,grappa,environmental,0.586,model
desenvolvimento,4.30767007423634,34,36,0.0093099671412924,0.0021612535270456,desenvolvimento,environmental,0.608,model
destin,4.291525962828903,1019,1083,0.2790251916757941,0.0650177102719577,"destin, destinate, destination, destinational, destinations, destine, destined, destines",environmental,0.539,model
pesca,4.286299634463374,78,83,0.0213581599123767,0.0049828900762442,"pesca, pescas",environmental,0.862,model
ripe,4.279515367868782,76,81,0.0208105147864184,0.0048628204358527,"ripe, ripeness",environmental,0.601,model
linguist,4.271741307155351,251,268,0.0687294633077765,0.0160893318124512,"linguist, linguistes, linguistic, linguistics, linguists",environmental,0.615,model
efsa,4.26915443592552,117,125,0.0320372398685651,0.0075043525244641,"efsa, efsas",environmental,0.706,model
agricultura,4.26099253473223,71,76,0.0194414019715224,0.0045626463348742,agricultura,environmental,0.661,model
lead,4.25014573045722,2980,3198,0.8159912376779846,0.1919913549858918,"lead, leade, leaded, leading, leads",environmental,0.502,model
preferencinè,4.210211475271716,24,26,0.0065717415115005,0.0015609053250885,preferencinès,environmental,0.546,model
color,4.187204855188264,56,61,0.0153340635268346,0.0036621240319385,"color, colorant, colorants, coloration, colore, colored, coloring, colors",environmental,0.643,model
triest,4.180973895582329,44,48,0.0120481927710843,0.0028816713693942,"trieste, triesting",environmental,0.501,model
catalana,4.180973895582329,22,24,0.0060240963855421,0.0014408356846971,"catalana, catalanas",environmental,0.626,model
régulièr,4.180973895582329,22,24,0.0060240963855421,0.0014408356846971,"régulière, régulièrement, régulières",environmental,0.515,model
antigen,4.172886905455478,43,47,0.0117743702081051,0.0028216365491985,"antigen, antigenic, antigenical, antigens",environmental,0.609,model
devolut,4.164448307062241,42,46,0.0115005476451259,0.0027616017290028,devolution,environmental,0.558,model
energía,4.164448307062241,21,23,0.0057502738225629,0.0013808008645014,"energía, energías",environmental,0.719,model
currency,4.159416635333737,611,670,0.1673055859802847,0.040223329531128,currency,environmental,0.514,model
ventspil,4.146420392313054,20,22,0.0054764512595837,0.0013207660443056,ventspils,environmental,0.574,model
textur,4.118918624404855,177,196,0.0484665936473165,0.0117668247583598,"textural, texture, textured, textures, texturing",environmental,0.524,model
heifer,4.116080730905885,37,41,0.01013143483023,0.0024614276280242,"heifer, heifers",environmental,0.663,model
auvergn,4.104956188389923,27,30,0.0073932092004381,0.0018010446058714,auvergne,environmental,0.692,model
treatment,4.102765125572528,2247,2498,0.6152792990142387,0.1499669808488923,"treatment, treatments",environmental,0.745,model
trifluoromethyl,4.089228386901839,26,29,0.0071193866374589,0.0017410097856756,trifluoromethyl,environmental,0.634,model
physiolog,4.085951761591822,129,144,0.0353231106243154,0.0086450141081827,"physiologic, physiological",environmental,0.826,model
cylindr,4.072377171021749,100,112,0.0273822562979189,0.0067238998619199,"cylindres, cylindric, cylindrical",environmental,0.507,model
sitia,4.067974601107131,33,37,0.0090361445783132,0.0022212883472414,sitia,environmental,0.535,model
surgery,4.054277716928319,48,54,0.013143483023001,0.0032418802905685,surgery,environmental,0.523,model
progeny,4.054277716928319,24,27,0.0065717415115005,0.0016209401452842,progeny,environmental,0.609,model
radiotherapy,4.054277716928319,24,27,0.0065717415115005,0.0016209401452842,radiotherapy,environmental,0.529,model
carnet,4.042759882505227,39,44,0.0106790799561883,0.0026415320886113,"carnet, carnets",environmental,0.589,model
aerob,4.034785997135395,23,26,0.0062979189485213,0.0015609053250885,aerobic,environmental,0.94,model
reintroduct,4.030706334853154,76,86,0.0208105147864184,0.0051629945368313,"reintroduction, reintroductions",environmental,0.781,model
rapproch,4.01807880874146,37,42,0.01013143483023,0.0025214624482199,"rapprochant, rapproche, rapprochement, rapprocher",environmental,0.535,model
china,4.014136353394376,800,909,0.2190580503833515,0.0545716515579035,"china, chinas",environmental,0.588,model
arrow,4.013734939759036,22,25,0.0060240963855421,0.0015008705048928,"arrow, arrows",environmental,0.509,model
pacif,4.003234652146848,366,417,0.1002190580503833,0.0250345200216125,"pacif, pacific, pacification",environmental,0.766,model
galwai,3.9909296276013144,28,32,0.0076670317634173,0.0019211142462628,galway,environmental,0.584,model
técnico,3.966141244821182,20,23,0.0054764512595837,0.0013808008645014,"técnico, técnicos",environmental,0.536,model
aceit,3.966141244821182,20,23,0.0054764512595837,0.0013808008645014,"aceite, aceites",environmental,0.67,model
terrestr,3.9529207740051113,26,30,0.0071193866374589,0.0018010446058714,"terrestre, terrestres",environmental,0.754,model
eesti,3.9426132882841074,51,59,0.0139649507119386,0.003542054391547,"eesti, eestis",environmental,0.516,model
une,3.931950372020999,75,87,0.0205366922234392,0.005223029357027,"une, unes",environmental,0.52,model
rocedur,3.931950372020999,25,29,0.0068455640744797,0.0017410097856756,"rocedural, rocedure, rocedures",environmental,0.553,model
easter,3.931950372020999,25,29,0.0068455640744797,0.0017410097856756,easter,environmental,0.54,model
cumulatively,3.9165644792609178,79,92,0.0216319824753559,0.0055232034580056,cumulatively,environmental,0.513,model
user,3.915608838740009,1826,2127,0.5,0.1276940625562826,"user, useres, users",environmental,0.54,model
uic,3.885349478722973,23,27,0.0062979189485213,0.0016209401452842,"uic, uice",environmental,0.557,model
community-wid,3.86218996219482,105,124,0.0287513691128148,0.0074443177042684,community-wide,environmental,0.543,model
riversid,3.8593605189990736,22,26,0.0060240963855421,0.0015609053250885,"riverside, riversides",environmental,0.825,model
croatian,3.8456016579687735,301,357,0.082420591456736,0.0214324308098697,"croatian, croatians",environmental,0.56,model
turkei,3.8441756256752,740,878,0.2026286966046002,0.0527105721318364,"turkey, turkeys",environmental,0.602,model
bear,3.8410355570810775,1435,1704,0.3929353778751369,0.1022993336134958,"bear, beared, bearing, bearings, bears",environmental,0.537,model
causality,3.837084267807159,53,63,0.014512595837897,0.0037821936723299,causality,environmental,0.588,model
comitology,3.833936536660476,174,207,0.0476451259583789,0.0124272077805126,comitology,environmental,0.788,model
basic,3.8317729155901263,2233,2658,0.6114457831325302,0.1595725520802065,"basic, basics",environmental,0.515,model
caractèr,3.8312924424972614,21,25,0.0057502738225629,0.0015008705048928,"caractère, caractères",environmental,0.548,model
exclusively,3.828334642246887,1139,1357,0.3118838992332968,0.0814672510055832,exclusively,environmental,0.551,model
fragranc,3.800885359620299,25,30,0.0068455640744797,0.0018010446058714,"fragrance, fragranced, fragrances",environmental,0.57,model
ferro-chromium,3.800885359620299,20,24,0.0054764512595837,0.0014408356846971,ferro-chromium,environmental,0.603,model
colour,3.795903858493668,635,763,0.1738773274917853,0.0458065678093294,"colour, colourant, colourants, colouration, coloured, coloureds, colourful, colouring, colourings, colours",environmental,0.635,model
moin,3.782344455427029,34,41,0.0093099671412924,0.0024614276280242,"moine, moines, moins",environmental,0.618,model
grapevin,3.782344455427029,34,41,0.0093099671412924,0.0024614276280242,"grapevine, grapevines",environmental,0.864,model
criteria,3.781848335177605,2417,2915,0.661829134720701,0.1750015008705049,"criteria, criterias",environmental,0.587,model
great,3.780228373970189,1220,1472,0.3340635268346111,0.0883712553280902,"great, greate",environmental,0.706,model
hole,3.779166014708183,87,105,0.0238225629791894,0.0063036561205499,"hole, holes",environmental,0.57,model
ecac,3.774672357140159,24,29,0.0065717415115005,0.0017410097856756,ecac,environmental,0.917,model
depress,3.769021650018692,138,167,0.0377875136911281,0.0100258149726841,"depress, depressant, depressed, depresses, depressing, depression, depressions, depressive",environmental,0.501,model
movement,3.762309209701765,1658,2010,0.4539978094194962,0.1206699885933841,"movement, movements",environmental,0.509,model
grower,3.758315443592552,103,125,0.0282037239868565,0.0075043525244641,"grower, growers",environmental,0.782,model
audiovisuel,3.7465869973400094,23,28,0.0062979189485213,0.0016809749654799,"audiovisuel, audiovisuele, audiovisuelle, audiovisueller, audiovisuelles, audiovisuels",environmental,0.557,model
arti,3.73857576356095,50,61,0.0136911281489594,0.0036621240319385,"arti, arties",environmental,0.543,model
journei,3.7369452320752847,263,321,0.0720153340635268,0.019271177282824,"journey, journeyed, journeys",environmental,0.56,model
aeronaut,3.726938173635468,210,257,0.0575027382256297,0.0154289487902983,"aeronaut, aeronautic, aeronautical, aeronautics",environmental,0.536,model
adapt,3.7193631621728978,2669,3273,0.7308324205914567,0.1964939665005703,"adapt, adaptabilities, adaptable, adaptables, adaptant, adaptation, adaptations, adaptative, adapte, adapted, adapter, adapters, adapting, adaption, adaptions, adaptive, adaptiveness, adapts",environmental,0.608,model
prosthes,3.7164212405176262,22,27,0.0060240963855421,0.0016209401452842,prostheses,environmental,0.513,model
romania,3.7092328048493135,1032,1269,0.2825848849945235,0.0761841868283604,romania,environmental,0.507,model
reach,3.7073008194694586,2740,3371,0.7502738225629791,0.2023773788797502,"reach, reache, reached, reaches, reaching, reachs",environmental,1.0,known_acronym
borderless,3.705863225629792,26,32,0.0071193866374589,0.0019211142462628,borderless,environmental,0.521,model
cassett,3.69815872827921,30,37,0.0082146768893756,0.0022212883472414,"cassette, cassettes",environmental,0.566,model
ventilat,3.692288635059719,68,84,0.0186199342825848,0.0050429248964399,"ventilat, ventilated, ventilating",environmental,0.596,model
dimethylamino,3.6839350408627514,21,26,0.0057502738225629,0.0015609053250885,dimethylamino,environmental,0.541,model
moistur,3.6782761544712574,125,155,0.0342278203723986,0.0093053971303355,"moisture, moisturing",environmental,0.845,model
ioc,3.6782761544712574,25,31,0.0068455640744797,0.0018610794260671,"ioc, ioce",environmental,0.558,model
suckler,3.6782761544712574,25,31,0.0068455640744797,0.0018610794260671,"suckler, sucklers",environmental,0.644,model
grove,3.648849945235488,44,55,0.0120481927710843,0.0033019151107642,"grove, groves",environmental,0.935,model
oenolog,3.648849945235487,52,65,0.0142387732749178,0.0039022633127213,oenological,environmental,0.99,model
describ,3.624827033438754,2203,2772,0.6032311062431545,0.1664165215825178,"describ, describe, described, describes, describing",environmental,0.507,model
faro,3.6162709278673137,111,140,0.03039430449069,0.0084048748273998,"faro, faroe, faroes, faros",environmental,0.656,model
chees,3.5880357794815625,177,225,0.0484665936473165,0.0135078345440355,"cheese, cheeses",environmental,0.549,model
holidai,3.569527120339064,180,230,0.0492880613362541,0.0138080086450141,"holiday, holidays",environmental,0.577,model
aerodrom,3.5633300246440305,50,64,0.0136911281489594,0.0038422284925256,"aerodrom, aerodrome, aerodromes",environmental,0.512,model
impossibility,3.534823384446878,62,80,0.0169769989047097,0.004802785615657,impossibility,environmental,0.508,model
iupac,3.518533875762792,27,35,0.0073932092004381,0.0021012187068499,iupac,environmental,0.554,model
plaza,3.515818957648777,37,48,0.01013143483023,0.0028816713693942,"plaza, plazas",environmental,0.506,model
elaps,3.5099533938222023,187,243,0.0512048192771084,0.0145884613075583,"elapse, elapsed, elapses, elapsing",environmental,0.509,model
atlantiqu,3.50850956272643,20,26,0.0054764512595837,0.0015609053250885,"atlantique, atlantiques",environmental,0.595,model
radio-frequency,3.50850956272643,20,26,0.0054764512595837,0.0015609053250885,radio-frequency,environmental,0.535,model
antioxid,3.50850956272643,20,26,0.0054764512595837,0.0015609053250885,"antioxidant, antioxidants",environmental,0.644,model
ece,3.5010972185798246,109,142,0.0298466593647316,0.0085249444677913,ece,environmental,0.516,model
caribbean,3.499342435602917,323,421,0.0884446878422782,0.0252746593023953,caribbean,environmental,0.713,model
skipper,3.466407447973713,38,50,0.0104052573932092,0.0030017410097856,"skipper, skippers",environmental,0.616,model
natur,3.46000743422255,3287,4333,0.9000547645125958,0.2601308759080266,"natur, natural, naturalization, naturalness, naturals, naturance, nature, natures, naturing",environmental,0.768,model
bromochloromethan,3.4553503269275447,25,33,0.0068455640744797,0.0019811490664585,bromochloromethane,environmental,0.686,model
sister,3.4486081799481743,31,41,0.0084884994523548,0.0024614276280242,"sister, sisters",environmental,0.615,model
norwegian,3.4416808091506885,206,273,0.056407447973713,0.0163895059134297,"norwegian, norwegians",environmental,0.517,model
foodstuff,3.422213302674277,604,805,0.1653888280394304,0.0483280302575493,"foodstuff, foodstuffs",environmental,0.549,model
florenc,3.4207968236582693,36,48,0.0098576122672508,0.0028816713693942,florence,environmental,0.523,model
extérieur,3.4207968236582693,30,40,0.0082146768893756,0.0024013928078285,"extérieur, extérieure, extérieures, extérieurs",environmental,0.64,model
passeng,3.417538921921452,1049,1400,0.2872398685651697,0.0840487482739989,"passeng, passenge, passenger, passengers",environmental,0.574,model
least,3.4052185900653975,2787,3733,0.7631434830230011,0.2241099837905985,least,environmental,0.516,model
territory,3.404420419769877,1819,2437,0.4980832420591456,0.1463048568169538,territory,environmental,0.531,model
region,3.397219416178688,3278,4401,0.8975903614457831,0.2642132436813352,"region, regional, regionalism, regionalisms, regionalization, regione, regioner, regiones, regions",environmental,0.626,model
euro-mediterranean,3.397205121426144,216,290,0.0591456736035049,0.0174100978567569,euro-mediterranean,environmental,0.583,model
characterist,3.391559243968883,1682,2262,0.4605695509309967,0.1357987632827039,"characterist, characteristic, characteristics",environmental,0.514,model
alfa,3.3607828442958434,28,38,0.0076670317634173,0.0022813231674371,alfa,environmental,0.696,model
group,3.352183323019842,3139,4271,0.8595290251916758,0.2564087170558924,"group, groupe, grouped, groupes, grouping, groupings, groups",environmental,0.583,model
carriag,3.347307772006567,353,481,0.0966593647316538,0.0288767485141382,"carriage, carriages",environmental,0.519,model
ground,3.3260215004053997,2246,3080,0.6150054764512596,0.1849072462027976,"ground, grounded, grounding, groundings, grounds",environmental,0.569,model
kilogram,3.3248866323407475,156,214,0.0427163198247535,0.0128474515218826,"kilogram, kilograms",environmental,0.501,model
muro,3.3211619647167665,75,103,0.0205366922234392,0.0061835864801584,"muro, muros",environmental,0.626,model
carrier,3.3204173586712646,736,1011,0.2015334063526834,0.0606952032178663,"carrier, carriers",environmental,0.619,model
eaggf,3.3028383124976397,63,87,0.0172508214676889,0.005223029357027,eaggf,environmental,0.838,model
nazional,3.2941006450042596,78,108,0.0213581599123767,0.006483760581137,nazionale,environmental,0.688,model
country-wid,3.286231317137551,116,161,0.0317634173055859,0.0096656060515098,country-wide,environmental,0.511,model
thermonuclear,3.2839649507119386,36,50,0.0098576122672508,0.0030017410097856,thermonuclear,environmental,0.523,model
saint,3.272626716418834,127,177,0.034775465498357,0.0106261631746412,"saint, sainte, saintes, saints",environmental,0.506,model
wine,3.2579017368173995,390,546,0.1067907995618838,0.0327790118268595,"wine, wines",environmental,0.564,model
rennet,3.2579017368173995,40,56,0.0109529025191675,0.0033619499309599,"rennet, renneted, renneting, rennets",environmental,0.779,model
sardegna,3.2579017368173995,25,35,0.0068455640744797,0.0021012187068499,sardegna,environmental,0.517,model
tenerif,3.257901736817399,35,49,0.0095837897042716,0.0029417061895899,tenerife,environmental,0.551,model
greement,3.2514504462494447,72,101,0.0197152245345016,0.006063516839767,"greement, greements",environmental,0.794,model
deflect,3.192743702081051,35,50,0.0095837897042716,0.0030017410097856,"deflect, deflected, deflecting, deflection, deflections, deflects",environmental,0.503,model
aetr,3.1674044663502494,25,36,0.0068455640744797,0.0021612535270456,aetr,environmental,0.655,model
euratom,3.1657374113679597,633,912,0.1733296823658269,0.0547517560184907,euratom,environmental,0.895,model
exercis,3.153345820612562,2081,3010,0.5698247535596933,0.1807048087890976,"exercisable, exercise, exercised, exercises, exercising",environmental,0.512,model
castel,3.1455602976167993,20,29,0.0054764512595837,0.0017410097856756,"castel, castell, casteller, castells",environmental,0.536,model
emea,3.125172406798913,37,54,0.01013143483023,0.0032418802905685,emea,environmental,0.625,model
veal,3.1207269268461406,78,114,0.0213581599123767,0.0068439695023113,"veal, vealed, veals",environmental,0.544,model
juin,3.1054042087110534,32,47,0.008762322015334,0.0028216365491985,juin,environmental,0.511,model
avec,3.09224571630126,40,59,0.0109529025191675,0.003542054391547,avec,environmental,0.54,model
pedro,3.089751969755856,21,31,0.0057502738225629,0.0018610794260671,pedro,environmental,0.529,model
agricol,3.0691261221606903,72,107,0.0197152245345016,0.0064237257609413,"agricole, agricoles",environmental,0.681,model
carcas,3.0554690075394255,69,103,0.018893756845564,0.0061835864801584,"carcase, carcases",environmental,0.601,model
roma,3.0407082876962397,312,468,0.0854326396495071,0.0280962958515939,"roma, romae, romaing, romas",environmental,0.538,model
collin,3.0407082876962392,20,30,0.0054764512595837,0.0018010446058714,"colline, collines, collins",environmental,0.675,model
iec,3.0347226414606165,169,254,0.046276013143483,0.0152488443297112,"iec, iece",environmental,0.627,model
atom,3.0231065031075497,458,691,0.1254107338444688,0.041484060755238,"atom, atome, atomic, atomics, atomization, atomizer, atomizers, atoms",environmental,0.507,model
estonia,3.0189371066387487,832,1257,0.2278203723986856,0.0754637689860118,estonia,environmental,0.842,model
ewe,3.008360327188833,31,47,0.0084884994523548,0.0028216365491985,"ewe, ewes",environmental,0.746,model
wheelchair,2.9972695978720076,23,35,0.0062979189485213,0.0021012187068499,"wheelchair, wheelchairs",environmental,0.506,model
hungary,2.996476062942877,971,1478,0.265881708652793,0.0887314642492645,hungary,environmental,0.539,model
saarbrücken,2.993197220700986,21,32,0.0057502738225629,0.0019211142462628,saarbrücken,environmental,0.586,model
vascular,2.993197220700986,21,32,0.0057502738225629,0.0019211142462628,vascular,environmental,0.555,model
gaerc,2.9746059336158868,30,46,0.0082146768893756,0.0027616017290028,gaerc,environmental,0.639,model
sensory,2.961728851652181,50,77,0.0136911281489594,0.0046226811550699,sensory,environmental,0.535,model
netherland,2.950221179752444,1152,1781,0.3154435925520263,0.1069220147685657,"netherland, netherlands",environmental,0.53,model
forestali,2.9376334304861973,38,59,0.0104052573932092,0.003542054391547,forestali,environmental,0.948,model
paediatr,2.91907995618839,48,75,0.013143483023001,0.0045026115146785,"paediatric, paediatrics",environmental,0.544,model
read,2.918504881334925,812,1269,0.2223439211391018,0.0761841868283604,"read, reading, readings, reads",environmental,0.547,model
unforese,2.9174363300869324,71,111,0.0194414019715224,0.0066638650417242,unforeseeable,environmental,0.559,model
seaman,2.876977841435673,41,65,0.0112267250821467,0.0039022633127213,seaman,environmental,0.556,model
para,2.863621583441203,221,352,0.0605147864184008,0.0211322567088911,"para, paras",environmental,0.538,model
especi,2.850664019715224,25,40,0.0068455640744797,0.0024013928078285,"especial, especie, especies",environmental,0.749,model
trawler,2.8195658667728765,34,55,0.0093099671412924,0.0033019151107642,"trawler, trawlers",environmental,0.672,model
subsist,2.8112208697569008,196,318,0.0536692223439211,0.0190910728222368,"subsist, subsistance, subsiste, subsisted, subsistence, subsistent, subsisting, subsists",environmental,0.517,model
eaten,2.806807650181144,24,39,0.0065717415115005,0.0023413579876328,eaten,environmental,0.518,model
country,2.7951830703046405,2645,4316,0.7242606790799562,0.2591102839646995,country,environmental,0.568,model
protect,2.7914973224230053,3338,5454,0.9140197152245344,0.3274299093474215,"protect, protectable, protecte, protected, protecting, protection, protections, protective, protects",environmental,0.519,model
instrument,2.785888783687514,3145,5149,0.8611719605695509,0.3091192891877289,"instrument, instrumental, instrumentalities, instrumentation, instrumentations, instrumente, instrumented, instrumenter, instruments",environmental,0.519,model
decommit,2.784648642416556,58,95,0.0158817086527929,0.0057033079185927,"decommit, decommitals, decommited, decommitment, decommitments",environmental,0.538,model
until,2.779060670799224,2450,4021,0.6708652792990142,0.241400012006964,"until, untill, untilled",environmental,0.672,model
unanim,2.777570070491757,95,156,0.026013143483023,0.0093654319505313,"unanime, unanimous",environmental,0.514,model
cenelec,2.756325498199469,252,417,0.0690032858707557,0.0250345200216125,cenelec,environmental,0.727,model
place,2.742812333056405,3287,5466,0.9000547645125958,0.32815032718977,"place, places",environmental,0.664,model
zaken,2.736637458926616,27,45,0.0073932092004381,0.0027015669088071,zaken,environmental,0.549,model
middenstand,2.736637458926616,21,35,0.0057502738225629,0.0021012187068499,middenstand,environmental,0.568,model
lietuvo,2.7206337310966355,34,57,0.0093099671412924,0.0034219847511556,lietuvos,environmental,0.589,model
indefinit,2.708854337516193,117,197,0.0320372398685651,0.0118268595785555,indefinite,environmental,0.504,model
coagul,2.6898573314235965,23,39,0.0062979189485213,0.0023413579876328,"coagulant, coagulants, coagulate, coagulates, coagulation",environmental,0.612,model
erga,2.675823293172691,44,75,0.0120481927710843,0.0045026115146785,erga,environmental,0.68,model
seiner,2.670892414868318,65,111,0.0177984665936473,0.0066638650417242,"seiner, seiners",environmental,0.558,model
greek,2.668072468125622,537,918,0.1470427163198247,0.055111964939665,"greek, greeks",environmental,0.561,model
frontier,2.661191313442423,388,665,0.1062431544359255,0.0399231554301494,"frontier, frontiere, frontieres, frontiers",environmental,0.735,model
calidad,2.6503470886001006,43,74,0.0117743702081051,0.0044425766944828,"calidad, calidade, calidades",environmental,0.658,model
area,2.61656669561282,3539,6169,0.9690580503833516,0.3703548057873567,"area, areas",environmental,0.554,model
anatom,2.6063213894539197,36,63,0.0098576122672508,0.0037821936723299,"anatomic, anatomical",environmental,0.524,model
phare,2.589249415287191,130,229,0.0355969331872946,0.0137479738248183,"phare, phares",environmental,0.554,model
socialist,2.579617276857056,69,122,0.018893756845564,0.007324248063877,"socialist, socialiste, socialistic, socialists",environmental,0.602,model
frontal,2.5779918091337684,26,46,0.0071193866374589,0.0027616017290028,"frontal, frontales",environmental,0.522,model
e-commun,2.572907012666049,22,39,0.0060240963855421,0.0023413579876328,"e-communication, e-communications",environmental,0.51,model
angel,2.56961263748978,80,142,0.0219058050383351,0.0085249444677913,"angel, angele, angeles, angelic, angels",environmental,0.537,model
consumo,2.5403385694677447,44,79,0.0120481927710843,0.0047427507954613,consumo,environmental,0.617,model
wrapper,2.5339235730802,20,36,0.0054764512595837,0.0021612535270456,"wrapper, wrappers",environmental,0.539,model
efta,2.525024396021323,599,1082,0.1640197152245345,0.064957675451762,efta,environmental,0.859,model
parqu,2.5205871332218823,21,38,0.0057502738225629,0.0022813231674371,"parque, parques",environmental,0.874,model
zona,2.513238482687708,27,49,0.0073932092004381,0.0029417061895899,"zona, zonas",environmental,0.568,model
renown,2.5085843373493977,55,100,0.0150602409638554,0.0060034820195713,"renown, renowned",environmental,0.553,model
expiry,2.472270146015446,851,1570,0.2330230010952902,0.0942546677072702,expiry,environmental,0.522,model
pigmeat,2.470575483753195,39,72,0.0106790799561883,0.0043225070540913,pigmeat,environmental,0.542,model
hivat,2.4705754837531946,26,48,0.0071193866374589,0.0028816713693942,hivatal,environmental,0.685,model
elearn,2.46543915218614,20,37,0.0054764512595837,0.0022212883472414,elearning,environmental,0.603,model
phytosterol,2.46543915218614,20,37,0.0054764512595837,0.0022212883472414,"phytosterol, phytosterols",environmental,0.806,model
amateur,2.4325666301569915,24,45,0.0065717415115005,0.0027015669088071,"amateur, amateurs",environmental,0.704,model
coton,2.427456196060023,190,357,0.052026286966046,0.0214324308098697,"coton, cotone, cotonou",environmental,0.622,model
hellen,2.4174821765104566,203,383,0.0555859802847754,0.0229933361349582,hellenic,environmental,0.706,model
hereto,2.415673806336457,143,270,0.0391566265060241,0.0162094014528426,hereto,environmental,0.526,model
reflow,2.392688488679008,32,61,0.008762322015334,0.0036621240319385,"reflow, reflowable, reflowing, reflows",environmental,0.563,model
estonian,2.3638090410672308,369,712,0.1010405257393209,0.042744791979348,"estonian, estonians",environmental,0.581,model
campo,2.3405451951346055,39,76,0.0106790799561883,0.0045626463348742,"campo, campos",environmental,0.653,model
iceland,2.3238485684739976,456,895,0.1248630887185104,0.0537311640751635,"iceland, icelanders, icelandic, icelands",environmental,0.669,model
sunset,2.315348486241984,133,262,0.0364184008762322,0.0157291228912769,"sunset, sunsets",environmental,0.636,model
moist,2.2805312157721795,33,66,0.0090361445783132,0.003962298132917,"moist, moistness",environmental,0.726,model
airwai,2.2805312157721795,28,56,0.0076670317634173,0.0033619499309599,"airway, airways",environmental,0.63,model
sheepmeat,2.2805312157721795,27,54,0.0073932092004381,0.0032418802905685,sheepmeat,environmental,0.648,model
vinci,2.246493436432296,33,67,0.0090361445783132,0.0040223329531128,vinci,environmental,0.506,model
tfeu,2.2358149174237054,900,1836,0.2464403066812705,0.11022392987933,tfeu,environmental,0.533,model
goatmeat,2.2358149174237054,25,51,0.0068455640744797,0.0030617758299813,goatmeat,environmental,0.71,model
thereto,2.214107976477844,550,1133,0.1506024096385542,0.0680194512817434,thereto,environmental,0.543,model
antidump,2.2114242092336287,48,99,0.013143483023001,0.0059434471993756,antidumping,environmental,0.817,model
otif,2.1719344912115996,20,42,0.0054764512595837,0.0025214624482199,"otif, otification, otifications",environmental,0.755,model
gabriel,2.0904869477911645,22,48,0.0060240963855421,0.0028816713693942,"gabriel, gabriele, gabrielle",environmental,0.519,model
aux,2.086067313652071,118,258,0.0323110624315443,0.015488983610494,aux,environmental,0.517,model
lithuanian,2.028412186892843,354,796,0.096933187294633,0.0477877168757879,"lithuanian, lithuanians",environmental,0.543,model
agenzia,2.0271388584641596,20,45,0.0054764512595837,0.0027015669088071,agenzia,environmental,0.603,model
ecofin,2.006867469879518,55,125,0.0150602409638554,0.0075043525244641,ecofin,environmental,0.966,model
