ID,work,titles,type,date,author,directory_code,resource_type_used,manual_type_used,url,text,scraped_title,scrape_status,scrape_timestamp,hits,density,Relevant,Label,Secondary Label,Tertiary Label,Confidence,Initiating Body,Notes,Labeller
52013SC0410,4161a553-31a5-11e3-8d1c-01aa75ed71a1,COMMISSION STAFF WORKING DOCUMENT Accompanying the document REPORT FROM THE COMMISSION TO THE EUROPEAN PARLIAMENT AND THE COUNCIL PROGRESS TOWARDS ACHIEVING THE KYOTO and EU 2020 OBJECTIVES (required under Article 21 of Regulation (EU) No 525/2013 of the European Parliament and of the Council of 21 May 2013 on a mechanism for monitoring and reporting greenhouse gas emissions and for reporting other information at national and Union level relevant to climate change and repealing Decision No 280/2004/EC),SWD,2013-10-09T00:00:00Z,European Commission,15,manual,SWD,https://eur-lex.europa.eu/legal-content/EN/TXT/?uri=CELEX:52013SC0410,"| 52013SC0410 COMMISSION STAFF WORKING DOCUMENT Accompanying the document REPORT FROM THE COMMISSION TO THE EUROPEAN PARLIAMENT AND THE COUNCIL PROGRESS TOWARDS ACHIEVING THE KYOTO and EU 2020 OBJECTIVES (required under Article 21 of Regulation (EU) No 525/2013 of the European Parliament and of the Council of 21 May 2013 on a mechanism for monitoring and reporting greenhouse gas emissions and for reporting other information at national and Union level relevant to climate change and repealing Decision No 280/2004/EC) /* SWD/2013/0410 final */ COMMISSION STAFF WORKING DOCUMENT Accompanying the document REPORT FROM THE COMMISSION TO THE
EUROPEAN PARLIAMENT AND
THE COUNCIL PROGRESS TOWARDS ACHIEVING THE
KYOTO and EU 2020 OBJECTIVES 
(required under Article 21 of Regulation (EU) No 525/2013 of the European
Parliament and of the Council of 21 May 2013 on a mechanism for monitoring and
reporting greenhouse gas emissions and for reporting other information at
national and Union level...",EUR-Lex - 52013SC0410 - EN - EUR-Lex,success,2025-10-27T09:57:38Z,637,0.1041019774472953,Yes,Admin-only,NA,NA,High,EC,NA,Joffrey
52007DC0262,14836ba0-0d2f-455d-b81c-b673604ddeff,Communication from the Commission to the Council and the European Parliament - Commission cooperation with the Environment for Europe Process after the 2007 Ministerial Conference in Belgrade [SEC(2007) 633],COMMUNIC,2007-05-21T00:00:00Z,European Commission,15,manual,COMMUNIC,https://eur-lex.europa.eu/legal-content/EN/TXT/?uri=CELEX:52007DC0262,"Important legal notice | 52007DC0262 Communication from the Commission to the Council and the European Parliament - Commission cooperation with the Environment for Europe Process after the 2007 Ministerial Conference in Belgrade [SEC(2007) 633]  /* COM/2007/0262 final */ [pic] | COMMISSION OF THE EUROPEAN COMMUNITIES | Brussels, 21.5.2007 COM(2007) 262 final COMMUNICATION FROM THE COMMISSION TO THE COUNCIL AND THE EUROPEAN PARLIAMENT Commission cooperation with the Environment for Europe Process after the 2007 Ministerial Conference in Belgrade [SEC(2007) 633] COMMUNICATION FROM THE COMMISSION TO THE COUNCIL AND THE EUROPEAN PARLIAMENT Commission cooperation with the Environment for Europe Process after the 2007 Ministerial Conference in Belgrade 1. INTRODUCTION The Environment for Europe (EfE) process is an informal multilateral framework created in 1991 to stimulate environmental awareness in the countries of Central and Eastern Europe that were emerging from the previous regimes ...",EUR-Lex - 52007DC0262 - EN - EUR-Lex,success,2025-10-27T08:33:22Z,77,0.039568345323741,No,NA,NA,NA,High,EC,NA,Joffrey
51994PC0336,d89282c6-3a55-49e2-a823-d20b2f1220bb,Proposal for a COUNCIL DECISION on the conclusion of the Convention on the protection of the Alps (Alpine Convention),PROP_DEC,1994-09-07T00:00:00Z,European Commission,15,proposal,NA,https://eur-lex.europa.eu/legal-content/EN/TXT/?uri=CELEX:51994PC0336,"Avis juridique important | 51994PC0336 Proposal for a COUNCIL DECISION on the conclusion of the Convention on the protection of the Alps (Alpine Convention)  /* COM/94/336FINAL - CNS 94/0193 */ Official Journal C 278 , 05/10/1994 P. 0008 Proposal for a Council Decision on the conclusion of the Convention on the protection of the Alps (Alpine Convention) (94/C 278/09) COM(94) 336 final - 94/0193(CNS) (Submitted by the Commission on 7 September 1994) THE COUNCIL OF THE EUROPEAN UNION, Having regard to the Treaty establishing the European Community, and in particular to paragraphs 2 and 3 (first paragraph) of Article 228 thereof in conjunction with Article 130s thereof, Having regard to the proposal from the Commission, Having regard to the opinion of the European Parliament, Having regard to the opinion of the Economic and Social Committee, Whereas the Commission has been involved, on behalf of the Community, in the negotiations aimed at the conclusion of the Convention on the protect...",EUR-Lex - 51994PC0336 - EN - EUR-Lex,success,2025-10-26T06:38:35Z,86,0.0348037231889923,No,NA,NA,NA,High,EC,NA,Joffrey
52019PC0208,5ae8d886-8e8e-11e9-9369-01aa75ed71a1,Proposal for a REGULATION OF THE EUROPEAN PARLIAMENT AND OF THE COUNCIL amending Regulation (EC) No 715/2007 on type approval of motor vehicles with respect to emissions from light passenger and commercial vehicles (Euro 5 and Euro 6) and on access to vehicle repair and maintenance information,PROP_REG,2019-06-14T00:00:00Z,European Commission,13,proposal,NA,https://eur-lex.europa.eu/legal-content/EN/TXT/?uri=CELEX:52019PC0208,"EUROPEAN COMMISSION Brussels, 14.6.2019 COM(2019) 208 final 2019/0101(COD) Proposal for a REGULATION OF THE EUROPEAN PARLIAMENT AND OF THE COUNCIL amending Regulation (EC) No 715/2007 on type approval of motor vehicles with respect to emissions from light passenger and commercial vehicles (Euro 5 and Euro 6) and on access to vehicle repair and maintenance information (Text with EEA relevance) EXPLANATORY MEMORANDUM 1. CONTEXT OF THE PROPOSAL • Reasons for and objectives of the proposal On 13 December 2018, the General Court delivered a judgment in the Direct Actions T-339/16 ( Ville de Paris/Commission ), T-352/16 ( Ville de Bruxelles/Commission ) and T-391/16 ( Ayuntamiento de Madrid/Commission ) submitted against Commission Regulation (EU) 2016/646 amending Commission Regulation (EC) No 692/2008 as regards emissions from light passenger and commercial vehicles (Euro 6) 1 . Regulation (EU) 2016/646 set out the conformity factors used to assess compliance of the vehicle with the emi...",EUR-Lex - 52019PC0208 - EN - EUR-Lex,success,2025-10-26T04:09:37Z,265,0.0583700440528634,Yes,Neoclassical,NA,NA,High,EC,NA,Joffrey
52013PC0134,1300f019-d45a-4165-aba1-a9f5475a8220,"Proposal for a COUNCIL DECISION on the position to be adopted, on behalf of the European Union, at the Sixth Conference of the Parties to the Stockholm Convention on Persistent Organic Pollutants with regard to the proposal for an amendment of Annexes A and B",PROP_DEC_NO_ADDRESSEE,2013-03-12T00:00:00Z,European Commission,15,proposal,NA,https://eur-lex.europa.eu/legal-content/EN/TXT/?uri=CELEX:52013PC0134,"| 52013PC0134 Proposal for a COUNCIL DECISION on the position to be adopted, on behalf of the European Union, at the Sixth Conference of the Parties to the Stockholm Convention on Persistent Organic Pollutants with regard to the proposal for an amendment of Annexes A and B /* COM/2013/0134 final - 2013/0075 (NLE) */ EXPLANATORY MEMORANDUM 1.           CONTEXT OF THE PROPOSAL The Stockholm Convention on Persistent
Organic Pollutants (POPs)[1]
was adopted in May 2001 in the framework of the United Nations Environment
Programme (UNEP). The European Union and its Member States[2] are parties to the Convention[3] and the provisions of the
Convention have been implemented in EU law by Regulation (EC) 850/2004 of the
European Parliament and of the Council of 29 April 2004 on persistent organic
pollutants and amending Directive 79/117/EEC[4]
(the POPs Regulation). The overall objective of the Stockholm
Convention is to protect human health and the environment from POPs. Specific
reference i...",EUR-Lex - 52013PC0134 - EN - EUR-Lex,success,2025-10-26T06:55:40Z,139,0.0356501667094126,No,NA,NA,NA,High,EC,NA,Joffrey
52003PC0247,d4a07d4b-e294-48aa-a71e-0748d14f2588,Proposal for a Council Regulation adopting autonomous and transitional measures concerning the importation of certain processed agricultural products originating in Lithuania and the exportation of certain processed agricultural products to Lithuania,PROP_REG,2003-05-12T00:00:00Z,European Commission,11,proposal,NA,https://eur-lex.europa.eu/legal-content/EN/TXT/?uri=CELEX:52003PC0247,Avis juridique important | 52003PC0247 Proposal for a Council Regulation adopting autonomous and transitional measures concerning the importation of certain processed agricultural products originating in Lithuania and the exportation of certain processed agricultural products to Lithuania  /* COM/2003/0247 final - ACC 2003/0098 */ Proposal for a COUNCIL REGULATION adopting autonomous and transitional measures concerning the importation of certain processed agricultural products originating in Lithuania and the exportation of certain processed agricultural products to Lithuania (presented by the Commission) EXPLANATORY MEMORANDUM Council guidelines authorised the Commission to enter into negotiations with the Republic of Lithuania with a view to improving the trade arrangement for processed agricultural products in preparation for accession. After these negotiations a trade agreement was concluded between the European Commission and Lithuania which is scheduled to enter into force on...,EUR-Lex - 52003PC0247 - EN - EUR-Lex,success,2025-10-25T16:39:40Z,123,0.0357558139534883,No,NA,NA,NA,High,EC,NA,Joffrey
52015SC0226,3ea79fe9-8eac-11e5-983e-01aa75ed71a1,"COMMISSION STAFF WORKING DOCUMENT Country Factsheet Greece Accompanying the document COMMUNICATION FROM THE COMMISSION TO THE EUROPEAN PARLIAMENT, THE COUNCIL, THE EUROPEAN ECONOMIC AND SOCIAL COMMITTEE, THE COMMITTEE OF THE REGIONS AND THE EUROPEAN INVESTMENT BANK State of the Energy Union",SWD,2015-11-18T00:00:00Z,European Commission,12,manual,SWD,https://eur-lex.europa.eu/legal-content/EN/TXT/?uri=CELEX:52015SC0226,"EUROPEAN COMMISSION Brussels, 18.11.2015 SWD(2015) 226 final COMMISSION STAFF WORKING DOCUMENT Country Factsheet Greece Accompanying the document COMMUNICATION FROM THE COMMISSION TO THE EUROPEAN PARLIAMENT, THE COUNCIL, THE EUROPEAN ECONOMIC AND SOCIAL COMMITTEE, THE COMMITTEE OF THE REGIONS AND THE EUROPEAN INVESTMENT BANK State of the Energy Union {COM(2015) 572} {SWD(2015) 208 à 209} {SWD(2015) 217 à 225} {SWD(2015) 227 à 243} Towards an Energy Union Greece Macroeconomic relevance of energy IMPORTANCE OF THE ENERGY SECTOR Compared to the EU average, the Greek energy sector’s share in gross value added has become considerably larger, which for a part may reflect the severe economic downturn in Greece. The energy sector’s share in total employment has not changes much and stayed a bit below the EU average. The two graphs combined suggest a higher labour productivity which may follow from the relatively high capital intensity of the Greek energy sector. Source: EUROSTAT – National ...",EUR-Lex - 52015SC0226 - EN - EUR-Lex,success,2025-10-26T22:54:46Z,80,0.0329896907216494,Yes,Admin-only,NA,NA,High,EC,NA,Joffrey
51991SC1858,f05959f8-19c8-48c3-9fe4-5d006d746076,Proposal for a Council Directive relating to fertilizers,PROP_DIR,1991-12-05T00:00:00Z,European Commission,13,proposal,NA,https://eur-lex.europa.eu/legal-content/EN/TXT/?uri=CELEX:51991SC1858,"Do you want to help improving EUR-Lex ? This is a list of experimental features that you can enable. These features are still under development; they are not fully tested, and might reduce EUR-Lex stability. Don't forget to give your feedback! This document is an excerpt from the EUR-Lex website EU law EU case-law Official Journal National law and case-law Information Document 51991SC1858 Proposal for a Council Directive relating to fertilizers Proposal for a Council Directive relating to fertilizers Proposal for a Council Directive relating to fertilizers /* SEC/91/1858FINAL */",EUR-Lex - 51991SC1858 - EN - EUR-Lex,success,2025-10-26T04:52:05Z,3,0.0422535211267605,NA,NA,NA,NA,NA,EC,Cannot access this document,Joffrey
51991PC0358,3b559765-de63-4b12-bc04-fee4dd816de2,Proposal for a COUNCIL DIRECTIVE on procedures for harmonizing the programmes for the reduction and eventual elimination of pollution caused by caused by waste from the titanium dioxide industry,PROP_DIR,1991-11-18T00:00:00Z,European Commission,15,proposal,NA,https://eur-lex.europa.eu/legal-content/EN/TXT/?uri=CELEX:51991PC0358,"Do you want to help improving EUR-Lex ? This is a list of experimental features that you can enable. These features are still under development; they are not fully tested, and might reduce EUR-Lex stability. Don't forget to give your feedback! This document is an excerpt from the EUR-Lex website EU law EU case-law Official Journal National law and case-law Information Document 51991PC0358 Proposal for a COUNCIL DIRECTIVE on procedures for harmonizing the programmes for the reduction and eventual elimination of pollution caused by caused by waste from the titanium dioxide industry Proposal for a COUNCIL DIRECTIVE on procedures for harmonizing the programmes for the reduction and eventual elimination of pollution caused by caused by waste from the titanium dioxide industry Proposal for a COUNCIL DIRECTIVE on procedures for harmonizing the programmes for the reduction and eventual elimination of pollution caused by caused by waste from the titanium dioxide industry /* COM/91/358FINAL ­...",EUR-Lex - 51991PC0358 - EN - EUR-Lex,success,2025-10-26T07:44:16Z,6,0.0461538461538461,No,NA,NA,NA,High,EC,NA,Joffrey
52023DC0100,fc7869f1-b1da-11ed-8912-01aa75ed71a1,"COMMUNICATION FROM THE COMMISSION TO THE EUROPEAN PARLIAMENT, THE COUNCIL, THE EUROPEAN ECONOMIC AND SOCIAL COMMITTEE AND THE COMMITTEE OF THE REGIONS On the Energy Transition of the EU Fisheries and Aquaculture sector",COMMUNIC,2023-02-21T00:00:00Z,European Commission,12,manual,COMMUNIC,https://eur-lex.europa.eu/legal-content/EN/TXT/?uri=CELEX:52023DC0100,"EUROPEAN COMMISSION Brussels, 21.2.2023 COM(2023) 100 final COMMUNICATION FROM THE COMMISSION TO THE EUROPEAN PARLIAMENT, THE COUNCIL, THE EUROPEAN ECONOMIC AND SOCIAL COMMITTEE AND THE COMMITTEE OF THE REGIONS On the Energy Transition of the EU Fisheries and Aquaculture sector COMMUNICATION FROM THE COMMISSION TO THE EUROPEAN PARLIAMENT, THE COUNCIL, THE EUROPEAN ECONOMIC AND SOCIAL COMMITTEE AND THE COMMITTEE OF THE REGIONS On the Energy Transition of the EU Fisheries and Aquaculture sector 1. Introduction The high energy prices in 2022 were exacerbated by the unjustified and unprovoked invasion of Ukraine by Russia. These high prices have affected citizens and businesses across the European Union, especially those that are highly dependent on energy. As part of its response, the EU adopted the REPowerEU 1 plan to: (i) reduce the EU’s dependency on fossil fuels through energy savings; (ii) diversify supplies; and (iii) quickly substitute fossil fuels with renewable and low-carbon ...",EUR-Lex - 52023DC0100 - EN - EUR-Lex,success,2025-10-26T22:49:53Z,811,0.0791296711874329,No,NA,NA,NA,High,EC,NA,Joffrey
52017PC0276,9d6756e5-462c-11e7-aea8-01aa75ed71a1,"Proposal for a COUNCIL DIRECTIVE amending Directive 1999/62/EC on the charging of heavy goods vehicles for the use of certain infrastructures, as regards certain provisions on vehicle taxation",PROP_DIR,2017-05-31T00:00:00Z,European Commission,7,proposal,NA,https://eur-lex.europa.eu/legal-content/EN/TXT/?uri=CELEX:52017PC0276,"EUROPEAN COMMISSION Brussels, 31.5.2017 COM(2017) 276 final 2017/0115(CNS) Proposal for a COUNCIL DIRECTIVE amending Directive 1999/62/EC on the charging of heavy goods vehicles for the use of certain infrastructures, as regards certain provisions on vehicle taxation {SWD(2017) 180 final} {SWD(2017) 181 final} EXPLANATORY MEMORANDUM 1. CONTEXT OF THE PROPOSAL • Reasons for and objectives of the proposal An efficient and reliable transport system is essential for the smooth functioning of the internal market and is a key sector of the economy. While road transport plays the most important role in the inland transport system, it is a source of a number of socio-economic and environmental challenges (e.g. climate change, air pollution, noise, congestion). Distance-based road pricing can play a key role in incentivising cleaner, more efficient operations, and its coherent design is crucial to ensuring fair treatment of road users and sustainable infrastructure financing. Directive 1999/...",EUR-Lex - 52017PC0276 - EN - EUR-Lex,success,2025-10-25T08:28:29Z,153,0.0409200320941428,Yes,Neoclassical,NA,NA,High,EC,NA,Joffrey
52006XC1228(02),97eed565-f851-4261-99d8-9f28ff6c674c,Publication of an application pursuant to Article 6(2) of Council Regulation (EC) No 510/2006 on the protection of geographical indications and designations of origin for agricultural products and foodstuffs,COMMUNIC,2006-12-28T00:00:00Z,European Commission,3,manual,COMMUNIC,https://eur-lex.europa.eu/legal-content/EN/TXT/?uri=CELEX:52006XC1228(02),"28.12.2006 EN Official Journal of the European Union C 320/12 Publication of an application pursuant to Article 6(2) of Council Regulation (EC) No 510/2006 on the protection of geographical indications and designations of origin for agricultural products and foodstuffs (2006/C 320/07) This publication confers the right to object to the application pursuant to Article 7 of Council Regulation (EC) No 510/2006. Statements of objection must reach the Commission within six months from the date of this publication. SUMMARY COUNCIL REGULATION (EC) No 510/2006 Application for registration according to Article 5 and Article 17(2) ‘MEJILLÓN DE GALICIA’ or ‘MEXILLÓN DE GALICIA’ EC No: ES/PDO/005/0156/10.10.2000 PDO ( X ) PGI ( ) This summary has been drawn up for information only. For full details, interested parties are invited to consult the full version of the product specification obtainable from the national authorities indicated in section 1 or from the European Commission ( 1 ) . 1.   R...",EUR-Lex - 52006XC1228(02) - EN - EUR-Lex,success,2025-10-26T13:34:51Z,66,0.0428571428571428,No,NA,NA,NA,High,EC,NA,Joffrey
51992PC0324,bdc99a22-1f90-4e5d-8a97-e50a6212e59d,Proposal for a COUNCIL REGULATION (EEC) on feedingstuffs intended for particular nutritional purposes,PROP_REG,1992-07-31T00:00:00Z,European Commission,3,proposal,NA,https://eur-lex.europa.eu/legal-content/EN/TXT/?uri=CELEX:51992PC0324,"Do you want to help improving EUR-Lex ? This is a list of experimental features that you can enable. These features are still under development; they are not fully tested, and might reduce EUR-Lex stability. Don't forget to give your feedback! This document is an excerpt from the EUR-Lex website EU law EU case-law Official Journal National law and case-law Information Document 51992PC0324 Proposal for a COUNCIL REGULATION (EEC) on feedingstuffs intended for particular nutritional purposes Proposal for a COUNCIL REGULATION (EEC) on feedingstuffs intended for particular nutritional purposes Proposal for a COUNCIL REGULATION (EEC) on feedingstuffs intended for particular nutritional purposes /* COM/92/324FINAL */ OJ C 231, 9.9.1992, pp. 6–12
		 (ES, DA, DE, EL, EN, FR, IT, NL, PT) Languages, formats and link to OJ",EUR-Lex - 51992PC0324 - EN - EUR-Lex,success,2025-10-25T02:14:05Z,3,0.0333333333333333,No,NA,NA,NA,High,EC,NA,Joffrey
52010SC0650,f3bbb3cc-9fae-48a3-8c53-815705cb57f0,"Commission staff working document accompanying the Communication from the Commission to the European Parliament, the Council, the European Economic and Social Committee and the Committee of the Regions - Analysis of options to move beyond 20% greenhouse gas emission reductions and assessing the risk of carbon leakage Background information and analysis Part II {COM(2010) 265 final}",SWD,2010-05-26T00:00:00Z,European Commission,15,manual,SWD,https://eur-lex.europa.eu/legal-content/EN/TXT/?uri=CELEX:52010SC0650,"Do you want to help improving EUR-Lex ? This is a list of experimental features that you can enable. These features are still under development; they are not fully tested, and might reduce EUR-Lex stability. Don't forget to give your feedback! This document is an excerpt from the EUR-Lex website EU law EU case-law Official Journal National law and case-law Information Document 52010SC0650 Commission staff working document accompanying the Communication from the Commission to the European Parliament, the Council, the European Economic and Social Committee and the Committee of the Regions - Analysis of options to move beyond 20% greenhouse gas emission reductions and assessing the risk of carbon leakage Background information and analysis Part II {COM(2010) 265 final} Commission staff working document accompanying the Communication from the Commission to the European Parliament, the Council, the European Economic and Social Committee and the Committee of the Regions - Analysis of opti...",EUR-Lex - 52010SC0650 - EN - EUR-Lex,success,2025-10-27T10:07:17Z,9,0.0454545454545454,Yes,Neoclassical,GG-Evolutionary,GG-Keynesianism,High,EC,NA,Joffrey
52001DC0593,2387a5eb-6c9a-4bf6-bd09-098b3c696a36,"Communication from the Commission to the Council, the European Parliament and the Economic and Social Committee Community - Strategy for Dioxins, Furans and Polychlorinated Biphenyls",COMMUNIC,2001-10-24T00:00:00Z,European Commission,15,manual,COMMUNIC,https://eur-lex.europa.eu/legal-content/EN/TXT/?uri=CELEX:52001DC0593,"Avis juridique important | 52001DC0593 Communication from the Commission to the Council, the European Parliament and the Economic and Social Committee Community - Strategy for Dioxins, Furans and Polychlorinated Biphenyls  /* COM/2001/0593 final */ Official Journal 322 , 17/11/2001 P. 0002 - 0018 COMMUNICATION FROM THE COMMISSION TO THE COUNCIL, THE EUROPEAN PARLIAMENT AND THE ECONOMIC AND SOCIAL COMMITTEE Community Strategy for Dioxins, Furans and Polychlorinated Biphenyls TABLE OF CONTENTS 1. Introduction and scope 2. Objectives of the strategy 3. The problem of dioxins and PCBs 3.1. Chemical properties, sources and pathways 3.2. Human health effects 3.3. Ecotoxicology 4. Progress in addressing the problem 4.1. Achievements 4.2. International approach 4.3. Gaps 5. Basis for Community action 6. Strategy 6.1. Strategy to reduce the presence of dioxins and PCBs in the environment Short- to medium-term actions A) Hazard Idenfication B) Risk Assessment C) Risk Management D) Research E)...",EUR-Lex - 52001DC0593 - EN - EUR-Lex,success,2025-10-27T09:18:34Z,853,0.0934794520547945,No,NA,NA,NA,High,EC,NA,Joffrey
51997DC0550(02),34b05233-3da9-4f73-acdb-252f7eacaeda,Introduction of multiannual actions concerning nuclear safeguards and transport of radioactive materials - (1998-2002),COMMUNIC,1997-11-18T00:00:00Z,European Commission,11,manual,COMMUNIC,https://eur-lex.europa.eu/legal-content/EN/TXT/?uri=CELEX:51997DC0550(02),"Do you want to help improving EUR-Lex ? This is a list of experimental features that you can enable. These features are still under development; they are not fully tested, and might reduce EUR-Lex stability. Don't forget to give your feedback! This document is an excerpt from the EUR-Lex website EU law EU case-law Official Journal National law and case-law Information Document 51997DC0550(02) Introduction of multiannual actions concerning nuclear safeguards and transport of radioactive materials - (1998-2002) Introduction of multiannual actions concerning nuclear safeguards and transport of radioactive materials - (1998-2002) Introduction of multiannual actions concerning nuclear safeguards and transport of radioactive materials - (1998-2002) /* COM/97/0550 final */ Languages and formats available",EUR-Lex - 51997DC0550(02) - EN - EUR-Lex,success,2025-10-26T21:08:44Z,6,0.0689655172413793,No,NA,NA,NA,High,EC,NA,Joffrey
52004PC0764,1d50fd68-50b7-4d4b-8c8b-6f15643bed33,Proposal for a Council Decisionon the conclusion by the European Community of the Agreement on the International Dolphin Conservation Programme,PROP_DEC_NO_ADDRESSEE,2004-11-30T00:00:00Z,European Commission,11,proposal,NA,https://eur-lex.europa.eu/legal-content/EN/TXT/?uri=CELEX:52004PC0764,"Important legal notice | 52004PC0764 Proposal for a Council Decisionon the conclusion by the European Community of the Agreement on the International Dolphin Conservation Programme  /* COM/2004/0764 final - CNS 2004/0268 */ Brussels, 29.11.2004 COM(2004) 764 final 2004/268 (CNS) Proposal for a COUNCIL DECISION on the conclusion by the European Community of the Agreement on the International Dolphin Conservation Programme (presented by the Commission) EXPLANATORY MEMORANDUM Following the Council Decision 1999/337/EC of 26 April 1999, the European Community signed the Agreement on the International Dolphin Conservation Programme (AIDCP) which has as its objectives the progressive reduction of incidental dolphin mortalities in the tuna purse-seine fishery in the Eastern Pacific Ocean to levels approaching zero, through the setting of annual limits and the long term sustainability of the tuna stocks in the Agreement Area. The Council Decision 1999/386/EC of 7 June 1999, authorised the E...",EUR-Lex - 52004PC0764 - EN - EUR-Lex,success,2025-10-25T22:51:54Z,398,0.0390655673341185,No,NA,NA,NA,High,EC,NA,Joffrey
52025PC0073,25028d3e-f9ac-11ef-b7db-01aa75ed71a1,"Proposal for a COUNCIL DECISION on the signing, on behalf of the Union, and provisional application of the Protocol (2025–2029) on the implementation of the Fisheries Partnership Agreement between the Republic of Côte d’Ivoire and the European Community",PROP_DEC,2025-03-05T00:00:00Z,European Commission,11,proposal,NA,https://eur-lex.europa.eu/legal-content/EN/TXT/?uri=CELEX:52025PC0073,"EUROPEAN COMMISSION Brussels, 5.3.2025 COM(2025) 73 final 2025/0043(NLE) Proposal for a COUNCIL DECISION on the signing, on behalf of the Union, and provisional application of the Protocol (2025–2029) on the implementation of the Fisheries Partnership Agreement between the Republic of Côte d’Ivoire and the European Community EXPLANATORY MEMORANDUM 1. CONTEXT OF THE PROPOSAL • Reasons for and objectives of the proposal The Fisheries Partnership Agreement (FPA) between the Republic of Côte d’Ivoire and the European Community was signed and entered into force on 18 April 2008 for a period of six years. It is tacitly renewable for six-year periods and is therefore still in force. A previous six-year Protocol on the implementation of the FPA started to apply on 1 August 2018 and expired on 31 July 2024. On the basis of the Council Decision authorising the opening of negotiations on behalf of the European Union for a new implementing protocol to the Fisheries Partnership Agreement with th...",EUR-Lex - 52025PC0073 - EN - EUR-Lex,success,2025-10-25T15:41:11Z,636,0.0385781875530753,No,NA,NA,NA,High,EC,NA,Joffrey
52002PC0750,e65bdbdb-5bd6-402f-8bc7-81aa6125c508,Proposal for a Directive of the European Parliament and of the Council on the limitation of emissions of volatile organic compounds due to the use of organic solvents in decorative paints and varnishes and vehicle refinishing products and amending Directive 1999/13/EC,PROP_DIR,2002-12-23T00:00:00Z,European Commission,15,proposal,NA,https://eur-lex.europa.eu/legal-content/EN/TXT/?uri=CELEX:52002PC0750,"Avis juridique important | 52002PC0750 Proposal for a Directive of the European Parliament and of the Council on the limitation of emissions of volatile organic compounds due to the use of organic solvents in decorative paints and varnishes and vehicle refinishing products and amending Directive 1999/13/EC  /* COM/2002/0750 final - COD 2002/0301 */ Proposal for a DIRECTIVE OF THE EUROPEAN PARLIAMENT AND OF THE COUNCIL On the limitation of emissions of volatile organic compounds due to the use of organic solvents in decorative paints and varnishes and vehicle refinishing products and amending Directive 1999/13/EC (presented by the Commission) EXPLANATORY MEMORANDUM 1. Introduction The Sixth Action Programme The Sixth Environment Action Programme (6EAP) [1] recognises that significant effort is still required to reduce emissions so that all citizens of the Community can enjoy clean air. For this reason, air quality is one of the areas for which the 6EAP foresees the adoption of a them...",EUR-Lex - 52002PC0750 - EN - EUR-Lex,success,2025-10-26T07:40:49Z,399,0.0560944749051033,Yes,Post-Growth,GG-Evolutionary,Neoclassical,High,EC,NA,Joffrey
52001PC0520(01),0d0bb12c-e2c5-4034-8b22-ee2adce9664f,"Proposal for a Council decision to approve on behalf of the European Atomic Energy Community (EURATOM) the ""International Joint Convention on the Safety of Spent Fuel Management and the Safety of Radioactive Waste Management""",PROP_DEC_NO_ADDRESSEE,2001-10-15T00:00:00Z,European Commission,11,proposal,NA,https://eur-lex.europa.eu/legal-content/EN/TXT/?uri=CELEX:52001PC0520(01),"Avis juridique important | 52001PC0520(01) Proposal for a Council decision to approve on behalf of the European Atomic Energy Community (EURATOM) the ""International Joint Convention on the Safety of Spent Fuel Management and the Safety of Radioactive Waste Management""  /* COM/2001/0520 final - CNS 2001/0225 */ Official Journal 051 E , 26/02/2002 P. 0258 - 0259 Proposal for a COUNCIL DECISION to approve on behalf of the European Atomic Energy Community (EURATOM) the ""International Joint Convention on the Safety of Spent Fuel Management and the Safety of Radioactive Waste Management"" (presented by the Commission) EXPLANATORY MEMORANDUM 1. Introduction The ""International Joint Convention on the Safety of Spent Fuel Management and the Safety of Radioactive Waste Management"" (Joint Convention) was opened for signature at the IAEA headquarters in Vienna on 29 September 1997. It entered into force on 18 June 2001. All EU Member States (except Portugal) have already signed the Joint Convent...",EUR-Lex - 52001PC0520(01) - EN - EUR-Lex,success,2025-10-25T23:18:20Z,81,0.0390173410404624,No,NA,NA,NA,High,EC,NA,Joffrey
52013PC0302,fd38fb60-3b57-4966-9893-3f8f3e8518d0,"Proposal for a COUNCIL DECISION on the position to be adopted on behalf of the European Union within the relevant Committees of the United Nations Economic Commission for Europe regarding the adaptation to technical progress of Regulations Nos 13, 13H, 16, 29, 44, 53, 79, 94, 95, 96, 117 and 130, and regarding the adoption of a proposal for a Global Technical Regulation on hydrogen and fuel cell vehicles and the adaptation to technical progress of Global Technical Regulations Nos 2 and 12 of the United Nations Economic Commission for Europe",PROP_DEC_NO_ADDRESSEE,2013-05-27T00:00:00Z,European Commission,11,proposal,NA,https://eur-lex.europa.eu/legal-content/EN/TXT/?uri=CELEX:52013PC0302,"| 52013PC0302 Proposal for a COUNCIL DECISION on the position to be adopted on behalf of the European Union within the relevant Committees of the United Nations Economic Commission for Europe regarding the adaptation to technical progress of Regulations Nos 13, 13H, 16, 29, 44, 53, 79, 94, 95, 96, 117 and 130, and regarding the adoption of a proposal for a Global Technical Regulation on hydrogen and fuel cell vehicles and the adaptation to technical progress of Global Technical Regulations Nos 2 and 12 of the United Nations Economic Commission for Europe /* COM/2013/0302 final - 2013/0158 (NLE) */ EXPLANATORY MEMORANDUM 1.           CONTEXT OF THE PROPOSAL At international level, the United Nations
Economic Commission for Europe (UNECE) develops harmonised requirements,
intended to remove technical barriers to the trade in motor vehicles between
the Contracting Parties to the Revised 1958 Agreement and to ensure that such
vehicles offer a high level of safety and environmental prote...",EUR-Lex - 52013PC0302 - EN - EUR-Lex,success,2025-10-26T00:19:34Z,47,0.0374800637958532,No,NA,NA,NA,High,EC,NA,Joffrey
52004DC0719,88bce37a-acdc-42ac-bf6f-19d2224f7dfc,Communication from the Commission to the European Parliament and the Council - Report on the use of financial resources earmarked for the decommissioning of nuclear power plants,COMMUNIC,2004-10-26T00:00:00Z,European Commission,12,manual,COMMUNIC,https://eur-lex.europa.eu/legal-content/EN/TXT/?uri=CELEX:52004DC0719,"Avis juridique important | 52004DC0719 Communication from the Commission to the European Parliament and the Council - Report on the use of financial resources earmarked for the decommissioning of nuclear power plants  /* COM/2004/0719 final */ Brussels, 26.10.2004 COM(2004) 719 final COMMUNICATION FROM THE COMMISSION TO THE EUROPEAN PARLIAMENT AND THE COUNCIL Report on the use of financial resources earmarked for the decommissioning of nuclear power plants BACKGROUND During the discussions on Directive 2003/54/EC of the European Parliament and of the Council concerning common rules for the internal market in electricity, which was adopted on 26 June 2003,[1] Parliament wondered whether mismanagement of financial resources earmarked for the decommissioning of nuclear plants and management of their waste might not lead to distortions of competition. The Commission emphasised how important financing for decommissioning was in the context of the internal market in electricity. However, ...",EUR-Lex - 52004DC0719 - EN - EUR-Lex,success,2025-10-26T22:34:26Z,190,0.0392886683209263,No,NA,NA,NA,High,EC,NA,Joffrey
52006PC0454,7fd25e62-c5dc-4115-93b0-013e3d530088,Proposal for a Council Regulation on the conclusion of the Fisheries Partnership Agreement between the European Community and the Gabonese Republic,PROP_REG,2006-08-11T00:00:00Z,European Commission,11,proposal,NA,https://eur-lex.europa.eu/legal-content/EN/TXT/?uri=CELEX:52006PC0454,"Important legal notice | 52006PC0454 Proposal for a Council Regulation on the conclusion of the Fisheries Partnership Agreement between the European Community and the Gabonese Republic  /* COM/2006/0454 final - CNS 2006/0156 */ [pic] | COMMISSION OF THE EUROPEAN COMMUNITIES | Brussels, 11.8.2006 COM(2006) 454 final 2006/0156 (CNS) Proposal for a COUNCIL REGULATION on the conclusion of the Fisheries Partnership Agreement between the European Community and the Gabonese Republic (presented by the Commission) EXPLANATORY MEMORANDUM The Community and the Gabonese Republic have negotiated and initialled, on 28 October 2005, a Fisheries Partnership Agreement which provides Community fishermen with fishing opportunities in the Gabonese fishing zone. This Partnership Agreement, accompanied by a Protocol and the Annex thereto, was signed for a period of six years from its entry into force and is renewable. On the date of its entry into force, this Agreement repeals and replaces the Agreement ...",EUR-Lex - 52006PC0454 - EN - EUR-Lex,success,2025-10-25T16:30:11Z,448,0.0444620881302104,No,NA,NA,NA,High,EC,NA,Joffrey
52007XC1122(01),13420171-a56b-421f-800a-978a8d61d455,Publication of an application pursuant to Article 6(2) of Council Regulation (EC) No 510/2006 on the protection of geographical indications and designations of origin for agricultural products and foodstuffs,COMMUNIC,2007-11-22T00:00:00Z,European Commission,3,manual,COMMUNIC,https://eur-lex.europa.eu/legal-content/EN/TXT/?uri=CELEX:52007XC1122(01),"22.11.2007 EN Official Journal of the European Union C 279/7 Publication of an application pursuant to Article 6(2) of Council Regulation (EC) No 510/2006 on the protection of geographical indications and designations of origin for agricultural products and foodstuffs (2007/C 279/06) This publication confers the right to object to the application pursuant to Article 7 of Council Regulation (EC) No 510/2006 ( 1 ) . Statements of objection must reach the Commission within six months from the date of this publication. SUMMARY COUNCIL REGULATION (EC) No 510/2006 ‘ACCIUGHE SOTTO SALE DEL MAR LIGURE’ EC No: IT/PGI/005/0358/10.08.2004 PDO ( ) PGI ( X ) This summary sets out the main elements of the specification for information purposes. 1.   Responsible department in the Member State: Name: Ministero Politiche agricole, alimentari e forestali Address: Via XX Settembre, 20 I-00187 Roma Tel. (39) 06 46 65 60 78 Fax (39) 06 42 01 31 26 E-mail: qpa3@politicheagricole.gov.it 2.   Applicant gro...",EUR-Lex - 52007XC1122(01) - EN - EUR-Lex,success,2025-10-26T12:55:07Z,64,0.0445993031358885,No,NA,NA,NA,High,EC,NA,Joffrey
51994PC0138(01),1f6940cd-41b4-4ed0-93d5-a030cde6d749,"Proposal for a COUNCIL DECISION on the conclusion of the Agreement in the form of an exchange of letters concerning the provisional application of the Protocol establishing, for the period from 1 January 1994 to 31 December 1995 the fishing rights and financial compensation provided for in the Agreement between the European Community and the Government of the Republic of Guinea on fishing off the Guinean coast",PROP_DEC_NO_ADDRESSEE,1994-04-20T00:00:00Z,European Commission,11,proposal,NA,https://eur-lex.europa.eu/legal-content/EN/TXT/?uri=CELEX:51994PC0138(01),"Do you want to help improving EUR-Lex ? This is a list of experimental features that you can enable. These features are still under development; they are not fully tested, and might reduce EUR-Lex stability. Don't forget to give your feedback! This document is an excerpt from the EUR-Lex website EU law EU case-law Official Journal National law and case-law Information Document 51994PC0138(01) Proposal for a COUNCIL DECISION on the conclusion of the Agreement in the form of an exchange of letters concerning the provisional application of the Protocol establishing, for the period from 1 January 1994 to 31 December 1995 the fishing rights and financial compensation provided for in the Agreement between the European Community and the Government of the Republic of Guinea on fishing off the Guinean coast Proposal for a COUNCIL DECISION on the conclusion of the Agreement in the form of an exchange of letters concerning the provisional application of the Protocol establishing, for the perio...",EUR-Lex - 51994PC0138(01) - EN - EUR-Lex,success,2025-10-25T22:11:49Z,9,0.0434782608695652,No,NA,NA,NA,High,EC,NA,Joffrey
51993PC0251,0198871f-5728-4787-ae37-43d916bb4f42,Proposal for a COUNCIL DIRECTIVE AMENDING DIRECTIVE 70/524/EEC CONCERNING ADDITIVES IN FEEDINGSTUFFS,PROP_DIR,1993-07-09T00:00:00Z,European Commission,3,proposal,NA,https://eur-lex.europa.eu/legal-content/EN/TXT/?uri=CELEX:51993PC0251,"Do you want to help improving EUR-Lex ? This is a list of experimental features that you can enable. These features are still under development; they are not fully tested, and might reduce EUR-Lex stability. Don't forget to give your feedback! This document is an excerpt from the EUR-Lex website EU law EU case-law Official Journal National law and case-law Information Document 51993PC0251 Proposal for a COUNCIL DIRECTIVE AMENDING DIRECTIVE 70/524/EEC CONCERNING ADDITIVES IN FEEDINGSTUFFS Proposal for a COUNCIL DIRECTIVE AMENDING DIRECTIVE 70/524/EEC CONCERNING ADDITIVES IN FEEDINGSTUFFS Proposal for a COUNCIL DIRECTIVE AMENDING DIRECTIVE 70/524/EEC CONCERNING ADDITIVES IN FEEDINGSTUFFS /* COM/93/251FINAL */ OJ C 218, 12.8.1993, pp. 6–12
		 (ES, DA, DE, EL, EN, FR, IT, NL, PT) Languages, formats and link to OJ",EUR-Lex - 51993PC0251 - EN - EUR-Lex,success,2025-10-25T03:51:45Z,3,0.0344827586206896,No,NA,NA,NA,High,EC,NA,Joffrey
52006PC0015,e2218799-c567-415f-90b0-6f3a9142e6f5,Proposal for a Directive of the European Parliament and of the Council on the assessment and management of floods {SEC(2006) 66},PROP_DIR,2006-01-18T00:00:00Z,European Commission,15,proposal,NA,https://eur-lex.europa.eu/legal-content/EN/TXT/?uri=CELEX:52006PC0015,"Important legal notice | 52006PC0015 Proposal for a Directive of the European Parliament and of the Council on the assessment and management of floods {SEC(2006) 66}  /* COM/2006/0015 final - COD 2006/0005 */ [pic] | COMMISSION OF THE EUROPEAN COMMUNITIES | Brussels, 18.01.2006 COM(2006) 15 final 2006/0005(COD) Proposal for a DIRECTIVE OF THE EUROPEAN PARLIAMENT AND OF THE COUNCIL on the assessment and management of floods {SEC(2006) 66} (presented by the Commission) EXPLANATORY MEMORANDUM CONTEXT OF THE PROPOSAL | 110 | Grounds for and objectives of the proposal Between 1998 and 2004, Europe suffered over 100 major floods, including the catastrophic floods along the rivers Danube and Elbe in 2002. These floods caused some 700 fatalities, the displacement of about half a million people and insured economic losses totalling at least € 25 billion. Flood events during summer 2005, in Austria, Bulgaria, France, Germany and Romania and elsewhere, has pushed these figures even higher. The...",EUR-Lex - 52006PC0015 - EN - EUR-Lex,success,2025-10-26T07:46:32Z,445,0.0920181968569065,Yes,Neoclassical,GG-Keynesianism,NA,High,EC,NA,Joffrey
52017PC0166,310413d2-1b94-11e7-aeb3-01aa75ed71a1,"Proposal for a COUNCIL DECISION establishing the position to be adopted, on behalf of the European Union, with regard to proposals for amendment of the Appendices of the Convention on the conservation of migratory species of wild animals with a view to the twelfth meeting of the Conference of the Parties",PROP_DEC,2017-04-07T00:00:00Z,European Commission,11,proposal,NA,https://eur-lex.europa.eu/legal-content/EN/TXT/?uri=CELEX:52017PC0166,"EUROPEAN COMMISSION Brussels, 7.4.2017 COM(2017) 166 final 2017/0077(NLE) Proposal for a COUNCIL DECISION establishing the position to be adopted, on behalf of the European Union, with regard to proposals for amendment of the Appendices of the Convention on the conservation of migratory species of wild animals with a view to the twelfth meeting of the Conference of the Parties EXPLANATORY MEMORANDUM 1. CONTEXT OF THE PROPOSAL • Reasons for and objectives of the proposal The Convention on the conservation of migratory species of wild animals (also known as the CMS or Bonn Convention) aims to conserve terrestrial, marine and avian migratory species throughout their range. It is an intergovernmental treaty , concluded under the aegis of the United Nations Environment Programme, concerned with the conservation of wildlife and habitats on a global scale. The European Union has been a Party to the CMS since 1 November 1983 1 . The migratory species to be conserved are listed in Appendices...",EUR-Lex - 52017PC0166 - EN - EUR-Lex,success,2025-10-25T13:26:59Z,63,0.0739436619718309,No,NA,NA,NA,High,EC,NA,Joffrey
52001PC0581,d8f2f09f-1052-4962-aa08-606db3936049,Proposal for a Directive of the European Parliament and of the Council establishing a scheme for greenhouse gas emission allowance trading within the Community and amending Council Directive 96/61/EC,PROP_DIR,2001-10-23T00:00:00Z,European Commission,15,proposal,NA,https://eur-lex.europa.eu/legal-content/EN/TXT/?uri=CELEX:52001PC0581,"Avis juridique important | 52001PC0581 Proposal for a Directive of the European Parliament and of the Council establishing a scheme for greenhouse gas emission allowance trading within the Community and amending Council Directive 96/61/EC  /* COM/2001/0581 final - COD 2001/0245 */ Official Journal 075 E , 26/03/2002 P. 0033 - 0044 Proposal for a DIRECTIVE OF THE EUROPEAN PARLIAMENT AND OF THE COUNCIL establishing a scheme for greenhouse gas emission allowance trading within the Community and amending Council Directive 96/61/EC (presented by the Commission) EXPLANATORY MEMORANDUM 1. General remarks 1.1. An environmental policy instrument to lower the costs of reducing greenhouse gas emissions This proposal arises from the need for the European Union to reduce its emissions of greenhouse gases cost-effectively and meet its obligations under the United Nations Framework Convention on Climate Change and the Kyoto Protocol. Emissions trading is, first, an instrument for environmental pro...",EUR-Lex - 52001PC0581 - EN - EUR-Lex,success,2025-10-26T07:42:45Z,748,0.0538323137819359,Yes,Neoclassical,NA,NA,High,EC,NA,Joffrey
52025SC0316,2d50c105-5b30-11f0-a9d0-01aa75ed71a1,"COMMISSION STAFF WORKING DOCUMENT 2025 Environmental Implementation Review Country Report - LITHUANIA Accompanying the document Communication from the Commission to the European Parliament, the Council, the European Economic and Social Committee and the Committee of the Regions 2025 Environmental Implementation Review for prosperity and security",SWD,2025-07-07T00:00:00Z,European Commission,15,manual,SWD,https://eur-lex.europa.eu/legal-content/EN/TXT/?uri=CELEX:52025SC0316,"EUROPEAN COMMISSION Brussels, 7.7.2025 SWD(2025) 316 final COMMISSION STAFF WORKING DOCUMENT 2025 Environmental Implementation Review Country Report - LITHUANIA Accompanying the document Communication from the Commission to the European Parliament, the Council, the European Economic and Social Committee and the Committee of the Regions 2025 Environmental Implementation Review for prosperity and security {COM(2025) 420 final} - {SWD(2025) 300 final} - {SWD(2025) 301 final} - {SWD(2025) 302 final} - {SWD(2025) 303 final} - {SWD(2025) 304 final} - {SWD(2025) 305 final} - {SWD(2025) 306 final} - {SWD(2025) 307 final} - {SWD(2025) 308 final} - {SWD(2025) 309 final} - {SWD(2025) 310 final} - {SWD(2025) 311 final} - {SWD(2025) 312 final} - {SWD(2025) 313 final} - {SWD(2025) 314 final} - {SWD(2025) 315 final} - {SWD(2025) 317 final} - {SWD(2025) 318 final} - {SWD(2025) 319 final} - {SWD(2025) 320 final} - {SWD(2025) 321 final} - {SWD(2025) 322 final} - {SWD(2025) 323 final} - {SWD(2025) 324...",EUR-Lex - 52025SC0316 - EN - EUR-Lex,success,2025-10-27T10:58:07Z,2482,0.0968320848938826,Yes,Admin-only,NA,NA,High,EC,This document is highly technical,Joffrey
52024PC0074,c5c8eda0-cfd4-11ee-b9d9-01aa75ed71a1,"Proposal for a COUNCIL DECISION on the position to be taken on behalf of the European Union in the International Maritime Organization during the 81st session of the Marine Environment Protection Committee and the 108th session of the Maritime Safety Committee on the adoption of amendments to the International Convention for the Prevention of Pollution from Ships (MARPOL), the Ballast Water Management Convention, the International Convention for the Safety of Life at Sea (SOLAS), the International Code of Safety for Ships Using Gases or other Low-flashpoint Fuels (IGF Code), the International Code of the Enhanced Programme of Inspections during Surveys of Bulk Carriers and Oil Tankers, 2011 (2011 ESP Code), the International Life-Saving Appliance (LSA) Code, the International Code for Fire Safety Systems (FSS Code) and the Seafarers' Training, Certification and Watchkeeping (STCW) Code.",PROP_DEC,2024-02-20T00:00:00Z,European Commission,7,proposal,NA,https://eur-lex.europa.eu/legal-content/EN/TXT/?uri=CELEX:52024PC0074,"EUROPEAN COMMISSION Brussels, 20.2.2024 COM(2024) 74 final 2024/0040(NLE) Proposal for a COUNCIL DECISION on the position to be taken on behalf of the European Union in the International Maritime Organization during the 81st session of the Marine Environment Protection Committee and the 108th session of the Maritime Safety Committee on the adoption of amendments to the International Convention for the Prevention of Pollution from Ships (MARPOL), the Ballast Water Management Convention, the International Convention for the Safety of Life at Sea (SOLAS), the International Code of Safety for Ships Using Gases or other Low-flashpoint Fuels (IGF Code), the International Code of the Enhanced Programme of Inspections during Surveys of Bulk Carriers and Oil Tankers, 2011 (2011 ESP Code), the International Life-Saving Appliance (LSA) Code, the International Code for Fire Safety Systems (FSS Code) and the Seafarers' Training, Certification and Watchkeeping (STCW) Code. EXPLANATORY MEMORANDUM ...",EUR-Lex - 52024PC0074 - EN - EUR-Lex,success,2025-10-25T07:53:04Z,393,0.0431488801054018,No,NA,NA,NA,High,EC,NA,Joffrey
52016DC0177,6d12c493-fa42-11e5-b713-01aa75ed71a1,COMMUNICATION FROM THE COMMISSION Nuclear Illustrative Programme presented under Article 40 of the Euratom Treaty for the opinion of the European Economic and Social Committee,COMMUNIC,2016-04-04T00:00:00Z,European Commission,15,manual,COMMUNIC,https://eur-lex.europa.eu/legal-content/EN/TXT/?uri=CELEX:52016DC0177,"EUROPEAN COMMISSION Brussels, 4.4.2016 COM(2016) 177 final COMMUNICATION FROM THE COMMISSION Nuclear Illustrative Programme presented under Article 40 of the Euratom Treaty for the opinion of the European Economic and Social Committee {SWD(2016) 102 final} 1. Introduction This Communication on a Nuclear Illustrative Programme (PINC), a requirement under Article 40 of the Euratom Treaty, provides an overview of investments in the EU for all the steps of the nuclear lifecycle. It is the first presented by the Commission after the Fukushima Daiichi accident in March 2011. Nuclear energy is part of the energy mix of half of the EU Member States. In those countries that chose to use it, nuclear has a role to play in ensuring the security of electricity supply. In this context, the Energy Union Strategy 1 and the European Energy Security Strategy 2 stressed that Member States need to apply the highest standards of safety, security, waste management and non-proliferation as well as diversi...",EUR-Lex - 52016DC0177 - EN - EUR-Lex,success,2025-10-27T09:17:44Z,191,0.0538635081782289,No,NA,NA,NA,High,EC,NA,Joffrey
32001Y0203(02),1096be57-acb8-4c61-95b2-5e51fabebdfc,Information from the Commission - Community guidelines on State aid for environmental protection,COMMUNIC,2001-02-03T00:00:00Z,European Commission,15,manual,COMMUNIC,https://eur-lex.europa.eu/legal-content/EN/TXT/?uri=CELEX:32001Y0203(02),"Avis juridique important | 32001Y0203(02) Information from the Commission - Community guidelines on State aid for environmental protection Official Journal C 037 , 03/02/2001 P. 0003 - 0015 Community guidelines on State aid for environmental protection (2001/C 37/03) A. INTRODUCTION 1. In 1994 the Commission adopted the Community guidelines on State aid for environmental protection(1), which expired on 31 December 1999. In accordance with point 4.3 of the guidelines, it conducted a review in 1996 and concluded that there was no need to make any amendments in the meantime. On 22 December 1999 it decided to extend the validity of the guidelines until 30 June 2000(2). On 28 June 2000 the Commission decided to extend the validity of the guidelines to 31 December 2000(3). 2. Since the guidelines were adopted in 1994, action in the field of the environment has evolved at the initiative of the Member States and the Community and at world level, in particular following the adoption of the K...",EUR-Lex - 32001Y0203(02) - EN - EUR-Lex,success,2025-10-27T08:32:05Z,311,0.0410615262740955,Yes,Neoclassical,GG-Keynesianism,NA,High,EC,NA,Joffrey
52011PC0876,859825c3-d7c7-424b-96dd-84eb700ef0bf,Proposal for a DIRECTIVE OF THE EUROPEAN PARLIAMENT AND OF THE COUNCIL amending Directives 2000/60/EC and 2008/105/EC as regards priority substances in the field of water policy,PROP_DIR,2012-01-31T00:00:00Z,European Commission,15,proposal,NA,https://eur-lex.europa.eu/legal-content/EN/TXT/?uri=CELEX:52011PC0876,"| 52011PC0876 Proposal for a DIRECTIVE OF THE EUROPEAN PARLIAMENT AND OF THE COUNCIL amending Directives 2000/60/EC and 2008/105/EC as regards priority substances in the field of water policy /* COM/2011/0876 final - 2011/0429 (COD) */ EXPLANATORY MEMORANDUM 1.           CONTEXT OF THE PROPOSAL ·                        
Grounds for and objectives of the proposal This Commission proposal concerns the
review of the list of priority substances (PS) in the field of water policy, i.e.
the chemicals identified among those presenting a significant risk to or via
the aquatic environment at EU level which are listed in Annex X to the Water
Framework Directive (WFD) 2000/60/EC[1]. WFD
Article 16(4) requires the Commission to review the list of PS at least every
four years; Article 8 of the Environmental Quality Standards Directive (EQSD)
2008/105/EC[2],
in which Directive the environmental quality standards (EQS)[3] for the PS are set, requires the Commission to report the outcome
of its firs...",EUR-Lex - 52011PC0876 - EN - EUR-Lex,success,2025-10-26T07:42:17Z,303,0.0478597377981361,No,NA,NA,NA,High,EC,NA,Joffrey
52006PC0580,2bf38157-d322-4c54-9722-e5e06c7c2121,Proposal for a Council Decision relating to the conclusion of the Agreement in the form of an Exchange of Letters between the European Community and the Republic of Iceland concerning trade preferences in agricultural products undertaken on the basis of Article 19 of the Agreement on the European Economic Area,PROP_DEC_NO_ADDRESSEE,2006-10-05T00:00:00Z,European Commission,11,proposal,NA,https://eur-lex.europa.eu/legal-content/EN/TXT/?uri=CELEX:52006PC0580,"Important legal notice | 52006PC0580 Proposal for a Council Decision relating to the conclusion of the Agreement in the form of an Exchange of Letters between the European Community and the Republic of Iceland concerning trade preferences in agricultural products undertaken on the basis of Article 19 of the Agreement on the European Economic Area  /* COM/2006/0580 final - ACC 2006/0185 */ EN Brussels, 5.10.2006 COM(2006) 580 final 2006/0185 (ACC) Proposal for a COUNCIL DECISION relating to the conclusion of the Agreement in the form of an Exchange of Letters between the European Community and the Republic of Iceland concerning trade preferences in agricultural products undertaken on the basis of Article 19 of the Agreement on the European Economic Area (presented by the Commission) EXPLANATORY MEMORANDUM (1) Article 19 of the Agreement on the European Economic Area states that Parties undertake to continue their efforts with a view to achieving progressive liberalisation of agricult...",EUR-Lex - 52006PC0580 - EN - EUR-Lex,success,2025-10-25T21:53:46Z,134,0.0380249716231555,No,NA,NA,NA,High,EC,NA,Joffrey
52004PC0529,6ffc64dc-a741-4b43-b237-75584c02ca00,"Proposal for a Council Decision - Proposal for a Council Decision on the Community position to be adopted on certain proposals submitted to the 13th meeting of the Conference of the Parties to the Convention on International Trade in Endangered Species of Wild Fauna and Flora (CITES), Bangkok, Thailand, 2 - 14 October 2004",PROP_DEC_NO_ADDRESSEE,2004-07-29T00:00:00Z,European Commission,11,proposal,NA,https://eur-lex.europa.eu/legal-content/EN/TXT/?uri=CELEX:52004PC0529,"Avis juridique important | 52004PC0529 Proposal for a Council Decision - Proposal for a Council Decision on the Community position to be adopted on certain proposals submitted to the 13th meeting of the Conference of the Parties to the Convention on International Trade in Endangered Species of Wild Fauna and Flora (CITES), Bangkok, Thailand, 2 - 14 October 2004  /* COM/2004/0529 final - ACC 2004/0182 */ Proposal for a COUNCIL DECISION - Proposal for a Council Decision on the Community position to be adopted on certain proposals submitted to the 13th meeting of the Conference of the Parties to the Convention on International Trade in Endangered Species of Wild Fauna and Flora (CITES), Bangkok, Thailand, 2 - 14 October 2004 (presented by the Commission) EXPLANATORY MEMORANDUM 1. The 13th meeting of the Conference of the Parties to CITES will be held in Bangkok, Thailand, from 2 - 14 October 2004. 2. The text of the Convention was amended in 1983 to allow Regional Economic Integration ...",EUR-Lex - 52004PC0529 - EN - EUR-Lex,success,2025-10-26T00:02:54Z,72,0.0616438356164383,No,NA,NA,NA,High,EC,NA,Joffrey
52012DC0713,c9e56bd3-741e-46db-95de-9dbbf359458b,"COMMUNICATION FROM THE COMMISSION TO THE EUROPEAN PARLIAMENT, THE COUNCIL, THE EUROPEAN ECONOMIC AND SOCIAL COMMITTEE AND THE COMMITTEE OF THE REGIONS A Maritime Strategy for the Adriatic and Ionian Seas",COMMUNIC,2012-11-30T00:00:00Z,European Commission,13,manual,COMMUNIC,https://eur-lex.europa.eu/legal-content/EN/TXT/?uri=CELEX:52012DC0713,"| 52012DC0713 COMMUNICATION FROM THE COMMISSION TO THE EUROPEAN PARLIAMENT, THE COUNCIL, THE EUROPEAN ECONOMIC AND SOCIAL COMMITTEE AND THE COMMITTEE OF THE REGIONS A Maritime Strategy for the Adriatic and Ionian Seas /* COM/2012/0713 final */ COMMUNICATION FROM THE COMMISSION TO
THE EUROPEAN PARLIAMENT, THE COUNCIL, THE EUROPEAN ECONOMIC AND SOCIAL
COMMITTEE AND THE COMMITTEE OF THE REGIONS A Maritime Strategy for the Adriatic and Ionian Seas Located centrally in the northern
Mediterranean, the Adriatic and the contiguous Ionian Seas constitute an
important maritime and marine area in Europe. The prospect of EU accession
means that there will be a continuing increase in the free movement of people,
goods and services. Climate change and its impacts are posing an increasing
threat for coastal areas. Coastal countries still have uneven levels of
experience, technical capacity, financial resources and know-how to ensure the sustainable
development of their marine and coastal areas. Se...",EUR-Lex - 52012DC0713 - EN - EUR-Lex,success,2025-10-26T23:46:56Z,312,0.097165991902834,No,NA,NA,NA,High,EC,NA,Joffrey
52011PC0189,1bc97347-4766-4996-8844-25ccc45eb4b3,Proposal for a DIRECTIVE OF THE EUROPEAN PARLIAMENT AND OF THE COUNCIL on the assessment of the effects of certain public and private projects on the environment,PROP_DIR,2011-04-12T00:00:00Z,European Commission,15,proposal,NA,https://eur-lex.europa.eu/legal-content/EN/TXT/?uri=CELEX:52011PC0189,"| 52011PC0189 /* COM/2011/0189 final - COD 2011/0080 */  Proposal for a DIRECTIVE OF THE EUROPEAN PARLIAMENT AND OF THE COUNCIL on the assessment of the effects of certain public and private projects on the environment [pic] | EUROPEAN COMMISSION | Brussels, 12.4.2011 COM(2011) 189 final 2011/0080 (COD) Proposal for a DIRECTIVE OF THE EUROPEAN PARLIAMENT AND OF THE COUNCIL on the assessment of the effects of certain public and private projects on the environment (Codification) EXPLANATORY MEMORANDUM 1. In the context of a people’s Europe, the Commission attaches great importance to simplifying and clarifying the law of the Union so as to make it clearer and more accessible to citizens, thus giving them new opportunities and the chance to make use of the specific rights it gives them. This aim cannot be achieved so long as numerous provisions that have been amended several times, often quite substantially, remain scattered, so that they must be sought partly in the original instrumen...",EUR-Lex - 52011PC0189 - EN - EUR-Lex,success,2025-10-26T07:53:46Z,249,0.0379515317786922,No,NA,NA,NA,High,EC,NA,Joffrey
52015XC1028(01),9c89c996-7d41-11e5-b8b7-01aa75ed71a1,"Communication from the Commission on the termination of the restriction process on cadmium in artists' paints under Regulation (EC) No 1907/2006 of the European Parliament and of the Council concerning Registration, Evaluation, Authorisation and Restriction of Chemicals (REACH) (Text with EEA relevance)",COMMUNIC,2015-10-28T00:00:00Z,European Commission,13,manual,COMMUNIC,https://eur-lex.europa.eu/legal-content/EN/TXT/?uri=CELEX:52015XC1028(01),"28.10.2015 EN Official Journal of the European Union C 356/1 COMMUNICATION FROM THE COMMISSION on the termination of the restriction process on cadmium in artists' paints under Regulation (EC) No 1907/2006 of the European Parliament and of the Council concerning Registration, Evaluation, Authorisation and Restriction of Chemicals (REACH) (Text with EEA relevance) (2015/C 356/01) 1. INTRODUCTION On 17 December 2013, in accordance with Article 69(4) of Regulation (EC) No 1907/2006 ( 1 ) (REACH), Sweden submitted to the European Chemicals Agency (ECHA) an Annex XV dossier proposing to prohibit the placing on the market in the EU of cadmium and its compounds for use in artists' paints (harmonised customs code [3213]) and pigments used in artists' paints (harmonised customs code [3212]), and to prohibit the use of such paints and pigments. The proposal intended to minimise the risk to human health resulting from dietary exposure to cadmium, in particular that resulting from the consumpti...",EUR-Lex - 52015XC1028(01) - EN - EUR-Lex,success,2025-10-27T03:33:16Z,47,0.0463968410661401,No,NA,NA,NA,High,EC,NA,Joffrey
52011XC0402(08),65564455-0ba5-4894-9062-4c41c9de7a4a,Results of sales of wine alcohol held by public agencies (Publication in accordance with Article 83(5)(b) of Commission Regulation (EC) No 1623/2000 of 25 July 2000 laying down detailed rules for implementing Regulation (EC) No 1493/1999 on the common organisation of the market in wine with regard to market mechanisms),COMMUNIC,2011-04-02T00:00:00Z,European Commission,3,manual,COMMUNIC,https://eur-lex.europa.eu/legal-content/EN/TXT/?uri=CELEX:52011XC0402(08),"2.4.2011 EN Official Journal of the European Union C 102/20 Results of sales of wine alcohol held by public agencies (Publication in accordance with Article 83(5)(b) of Commission Regulation (EC) No 1623/2000 of 25 July 2000 laying down detailed rules for implementing Regulation (EC) No 1493/1999 on the common organisation of the market in wine with regard to market mechanisms) 2011/C 102/10 Commission Decision of 11 February 2010 Award of lot No 01/2010 under the standing invitation to tender for wine alcohol intended for use as bioethanol in the European Union. Use : in the fuel sector as bioethanol Intervention agency of storage Quantity of alcohol at 100 % vol. (hl) Price (EUR/hl) of alcohol at 100 % vol. FEGA Beneficencia, 8 28004 Madrid ESPAÑA 50 000 raw alcohol Tenders rejected Commission Decision of 11 February 2010 Award of lot No 02/2010 under the standing invitation to tender for wine alcohol intended for use as bioethanol in the European Union. Use : in the fuel sector a...",EUR-Lex - 52011XC0402(08) - EN - EUR-Lex,success,2025-10-26T12:54:56Z,141,0.0704647676161919,No,NA,NA,NA,High,EC,NA,Joffrey
52023DC0062,4875f9b9-a2d8-11ed-b508-01aa75ed71a1,"COMMUNICATION FROM THE COMMISSION TO THE EUROPEAN PARLIAMENT, THE EUROPEAN COUNCIL, THE COUNCIL, THE EUROPEAN ECONOMIC AND SOCIAL COMMITTEE AND THE COMMITTEE OF THE REGIONS A Green Deal Industrial Plan for the Net-Zero Age",COMMUNIC,2023-02-01T00:00:00Z,European Commission,13,manual,COMMUNIC,https://eur-lex.europa.eu/legal-content/EN/TXT/?uri=CELEX:52023DC0062,"EUROPEAN COMMISSION Brussels, 1.2.2023 COM(2023) 62 final COMMUNICATION FROM THE COMMISSION TO THE EUROPEAN PARLIAMENT, THE EUROPEAN COUNCIL, THE COUNCIL, THE EUROPEAN ECONOMIC AND SOCIAL COMMITTEE AND THE COMMITTEE OF THE REGIONS A Green Deal Industrial Plan for the Net-Zero Age 1. Introduction: A Green Deal Industrial Plan for the net-zero age This decade will be decisive for the world to limit the rise in global temperatures and to take the necessary steps towards net-zero . The stakes are high and the challenges complex – but there is a once in a generation opportunity to use this imperative to act as a catalyst to invest in the clean energy economy and industry of the net-zero age. The European Green Deal sets in stone our green transition ambitions, including our climate targets towards net-zero by 2050. The Fit for 55 package provides a concrete plan to put the European economy firmly on track, with the REPowerEU Plan accelerating the move away from fossil fuels. Alongside th...",EUR-Lex - 52023DC0062 - EN - EUR-Lex,success,2025-10-27T06:17:19Z,421,0.0487043035631652,Yes,GG-Keynesianism,Neoclassical,GG-Evolutionary,High,EC,NA,Joffrey
52018DC0032,c1186780-fac6-11e7-b8f5-01aa75ed71a1,"COMMUNICATION FROM THE COMMISSION TO THE EUROPEAN PARLIAMENT, THE COUNCIL, THE EUROPEAN ECONOMIC AND SOCIAL COMMITTEE AND THE COMMITTEE OF THE REGIONS on the implementation of the circular economy package: options to address the interface between chemical, product and waste legislation (Text with EEA relevance) options to address the interface between chemical, product and waste legislation",COMMUNIC,2018-01-16T00:00:00Z,European Commission,15,manual,COMMUNIC,https://eur-lex.europa.eu/legal-content/EN/TXT/?uri=CELEX:52018DC0032,"EUROPEAN COMMISSION Strasbourg, 16.1.2018 COM(2018) 32 final COMMUNICATION FROM THE COMMISSION TO THE EUROPEAN PARLIAMENT, THE COUNCIL, THE EUROPEAN ECONOMIC AND SOCIAL COMMITTEE AND THE COMMITTEE OF THE REGIONS on the implementation of the circular economy package: options to address the interface between chemical, product and waste legislation (Text with EEA relevance) options to address the interface between chemical, product and waste legislation {SWD(2018) 20 final} COMMUNICATION FROM THE COMMISSION TO THE EUROPEAN PARLIAMENT, THE COUNCIL, THE EUROPEAN ECONOMIC AND SOCIAL COMMITTEE AND THE COMMITTEE OF THE REGIONS on the implementation of the circular economy package: options to address the interface between chemical, product and waste legislation (Text with EEA relevance) 1. Introduction The European Commission adopted in December 2015 an ambitious Circular Economy Package to help EU businesses and consumers to make the transition to a stronger and more circular economy where ...",EUR-Lex - 52018DC0032 - EN - EUR-Lex,success,2025-10-27T09:44:25Z,141,0.0569927243330638,Yes,GG-Evolutionary,Neoclassical,NA,High,EC,NA,Joffrey
52010PC0737,46983144-3f4f-4ba5-8630-1e63e049fd67,Proposal for COUNCIL REGULATION (EU) No …/.. on the allocation of fishing opportunities under the Fisheries Partnership Agreement between the European Community and the Democratic Republic of São Tomé and Príncipe,PROP_REG,2010-12-13T00:00:00Z,European Commission,11,proposal,NA,https://eur-lex.europa.eu/legal-content/EN/TXT/?uri=CELEX:52010PC0737,"| 52010PC0737 /* COM/2010/0737 final - NLE 2010/0357 */  Proposal for COUNCIL REGULATION (EU) No …/.. on the allocation of fishing opportunities under the Fisheries Partnership Agreement between the European Community and the Democratic Republic of São Tomé and Príncipe [pic] | EUROPEAN COMMISSION | Brussels, 13.12.2010 COM(2010) 737 final 2010/0357 (NLE) Proposal for COUNCIL REGULATION (EU) No …/.. on the allocation of fishing opportunities under the Fisheries Partnership Agreement between the European Community and the Democratic Republic of São Tomé and Príncipe EXPLANATORY MEMORANDUM CONTEXT OF THE PROPOSAL On the basis of a mandate from the Council[1], the European Commission has negotiated with the Democratic Republic of São Tomé and Príncipe to renew the Protocol to the Fisheries Partnership Agreement between the European Union and the Democratic Republic of São Tomé and Príncipe, which dates from 23 July 2007[2] and expired on 31 May 2010. On conclusion of these negotiations...",EUR-Lex - 52010PC0737 - EN - EUR-Lex,success,2025-10-25T19:28:03Z,52,0.0530071355759429,No,NA,NA,NA,High,EC,NA,Joffrey
52001PC0018,a9663e4a-db27-48fb-b641-a29a9bfcf0a9,"Proposal for a Council Decision on the signature, on behalf of the European Community, of the Protocol on the Implementation of the Alpine Convention in the field of Transport (Transport Protocol)",PROP_DEC_NO_ADDRESSEE,2001-01-16T00:00:00Z,European Commission,11,proposal,NA,https://eur-lex.europa.eu/legal-content/EN/TXT/?uri=CELEX:52001PC0018,"Avis juridique important | 52001PC0018 Proposal for a Council Decision on the signature, on behalf of the European Community, of the Protocol on the Implementation of the Alpine Convention in the field of Transport (Transport Protocol)  /* COM/2001/0018 final - ACC 2001/0017 */ Proposal for a COUNCIL DECISION on the signature, on behalf of the European Community, of the Protocol on the Implementation of the Alpine Convention in the field of Transport  (Transport Protocol) (presented by the Commission) EXPLANATORY MEMORANDUM On 14 May 1991 the Council authorised the Commission to participate, on behalf of the Community, in the negotiations on the Alpine Convention (framework Convention) and the protocols thereto, in consultation with the Member States. This included a Protocol on the Implementation of the Alpine Convention in the field of Transport (Transport Protocol). Promoting measures at international level to deal with regional and European problems hindering sustainable mobilit...",EUR-Lex - 52001PC0018 - EN - EUR-Lex,success,2025-10-25T23:26:23Z,56,0.0673076923076923,No,NA,NA,NA,High,EC,NA,Joffrey
52002PC0482,b49712b3-50b1-4490-8c53-be32b6bcdde1,Proposal for a Council Regulation concerning Community surveillance of imports of hard coal originating in third countries,PROP_REG,2002-09-03T00:00:00Z,European Commission,11,proposal,NA,https://eur-lex.europa.eu/legal-content/EN/TXT/?uri=CELEX:52002PC0482,"Avis juridique important | 52002PC0482 Proposal for a Council Regulation concerning Community surveillance of imports of hard coal originating in third countries  /* COM/2002/0482 final */ Proposal for a COUNCIL REGULATION concerning Community surveillance of imports of hard coal originating in third countries (presented by the Commission) EXPLANATORY MEMORANDUM The Treaty establishing the European Coal and Steel Community (ECSC Treaty) expired on 23 July 2002. Article 3 of the ECSC Treaty required the Community institutions, within the limits of their respective powers and in the common interest, to ""ensure an orderly supply to the common market, taking into account the needs of third countries"". Article 46 of the ECSC Treaty accordingly stated that, in order to provide guidance on the course of action to be followed by all concerned and to determine its own course of action, the Commission had to conduct a continuous study of market and price trends. During the oil crises in the 1...",EUR-Lex - 52002PC0482 - EN - EUR-Lex,success,2025-10-25T16:35:22Z,101,0.0416151627523691,No,NA,NA,NA,High,EC,NA,Joffrey
51993PC0598,847cb741-b3d1-4955-b55a-92ce5c9a3ba2,"Proposal for a COUNCIL DIRECTIVE amending Directives 66/400/EEC, 66/401/EEC, 66/402/EEC, 66/403/EEC, 69/208/EEC, 70/457/EEC and 70/458/EEC on the marketing of beet seed, fodder plant seed, cereal seed, seed potatoes, seed of cil and fibre plants and vegetable seed and on the common catalogue of varieties of agricultural plant species",PROP_DIR,1993-11-26T00:00:00Z,European Commission,3,proposal,NA,https://eur-lex.europa.eu/legal-content/EN/TXT/?uri=CELEX:51993PC0598,"Do you want to help improving EUR-Lex ? This is a list of experimental features that you can enable. These features are still under development; they are not fully tested, and might reduce EUR-Lex stability. Don't forget to give your feedback! This document is an excerpt from the EUR-Lex website EU law EU case-law Official Journal National law and case-law Information Document 51993PC0598 Proposal for a COUNCIL DIRECTIVE amending Directives 66/400/EEC, 66/401/EEC, 66/402/EEC, 66/403/EEC, 69/208/EEC, 70/457/EEC and 70/458/EEC on the marketing of beet seed, fodder plant seed, cereal seed, seed potatoes, seed of cil and fibre plants and vegetable seed and on the common catalogue of varieties of agricultural plant species Proposal for a COUNCIL DIRECTIVE amending Directives 66/400/EEC, 66/401/EEC, 66/402/EEC, 66/403/EEC, 69/208/EEC, 70/457/EEC and 70/458/EEC on the marketing of beet seed, fodder plant seed, cereal seed, seed potatoes, seed of cil and fibre plants and vegetable seed and ...",EUR-Lex - 51993PC0598 - EN - EUR-Lex,success,2025-10-25T03:52:41Z,12,0.0666666666666666,No,NA,NA,NA,High,EC,NA,Joffrey
52008DC0789,c9dbf5f3-73a1-4d49-afcf-f5356068727f,"Communication from the Commission to the Council, the European Parliament, the European Economic and Social Committee and the Committee of the Regions - Towards an EU strategy on invasive species [SEC(2008) 2887 et SEC(2008) 2886]",COMMUNIC,2008-12-03T00:00:00Z,European Commission,15,manual,COMMUNIC,https://eur-lex.europa.eu/legal-content/EN/TXT/?uri=CELEX:52008DC0789,"Important legal notice | 52008DC0789 Communication from the Commission to the Council, the European Parliament, the European Economic and Social Committee and the Committee of the Regions - Towards an EU strategy on invasive species [SEC(2008) 2887 et SEC(2008) 2886]  /* COM/2008/0789 final */ [pic] | COMMISSION OF THE EUROPEAN COMMUNITIES | Brussels, 3.12.2008 COM(2008) 789 final COMMUNICATION FROM THE COMMISSION TO THE COUNCIL, THE EUROPEAN PARLIAMENT, THE EUROPEAN ECONOMIC AND SOCIAL COMMITTEE AND THE COMMITTEE OF THE REGIONS TOWARDS AN EU STRATEGY ON INVASIVE SPECIES [SEC(2008) 2887 et SEC(2008) 2886] 1. WHAT ARE INVASIVE SPECIES? Earth's flora and fauna have evolved over billions of years, and its oceans, seas, mountain ranges, deserts and even large rivers have created physical barriers to the movement of species, thus contributing significantly to the planet's wide biodiversity and the development of animal and plant communities which we regard as typical of particular region...",EUR-Lex - 52008DC0789 - EN - EUR-Lex,success,2025-10-27T09:14:08Z,254,0.0709695445655211,No,NA,NA,NA,High,EC,NA,Joffrey
51996PC0058(01),4cdb08d3-bb62-4d9d-9d22-558ee4265098,Proposal for a COUNCIL REGULATION (EC) on improving the efficiency of agricultural structures,PROP_REG,1996-02-26T00:00:00Z,European Commission,3,proposal,NA,https://eur-lex.europa.eu/legal-content/EN/TXT/?uri=CELEX:51996PC0058(01),"Avis juridique important | 51996PC0058(01) Proposal for a COUNCIL REGULATION (EC) on improving the efficiency of agricultural structures  /* COM/96/0058 FINAL - CNS 96/0044 */ Official Journal C 115 , 19/04/1996 P. 0034 Proposal for a Council Regulation on improving the efficiency of agricultural structures (96/C 115/04) (COM(96) 58 final - 96/044 (CNS) (Submitted by the Commission on 27 February 1996) THE COUNCIL OF THE EUROPEAN UNION, Having regard to the Treaty establishing the European Community, and in particular Articles 42 and 43 thereof, Having regard to the proposal from the Commission, Having regard to the opinion of the European Parliament, Having regard to the opinion of the Economic and Social Committee, Whereas Council Regulation (EEC) No 2328/91 of 15 July 1991 on improving the efficiency of agricultural structures (1), has been substantially amended on several occasions; whereas in the interests of clarity and rationality it is appropriate to consolidate the said Reg...",EUR-Lex - 51996PC0058(01) - EN - EUR-Lex,success,2025-10-25T01:50:16Z,257,0.0341937200638637,No,NA,NA,NA,High,EC,NA,Joffrey
52017PC0175,a62bc86c-5b39-11e7-954d-01aa75ed71a1,Recommendation for a COUNCIL DECISION authorising the opening of negotiations on an agreement between the European Union and the Global Green Growth Institute,RECO_DEC,2017-05-12T00:00:00Z,European Commission,11,recommendation,NA,https://eur-lex.europa.eu/legal-content/EN/TXT/?uri=CELEX:52017PC0175,"EUROPEAN COMMISSION Brussels, 12.5.2017 COM(2017) 175 final This document was downgraded/declassified Date: 21/06/2017 By: Yvon Slingenberg Authority: DG CLIMA Recommendation for a COUNCIL DECISION authorising the opening of negotiations on an agreement between the European Union and the Global Green Growth Institute EXPLANATORY MEMORANDUM 1. CONTEXT OF THE PROPOSAL • Reasons for and objectives of the proposal The Global Green Growth Institute (GGGI) is an international organisation, established in 2012, dedicated to supporting and promoting strong, inclusive and sustainable economic growth in developing countries and emerging economies. It aims at a resilient world achieved through strong, inclusive sustainable green growth, and has a mission to support the transition of countries to a green growth model by developing and implementing strategies that simultaneously achieve poverty reduction, social inclusion, environmental sustainability and economic growth. The UNFCCC Paris Agreem...",EUR-Lex - 52017PC0175 - EN - EUR-Lex,success,2025-10-26T08:32:35Z,68,0.0488856937455068,Yes,Admin-only,NA,NA,High,EC,NA,Joffrey
51994PC0070(01),d7848af9-aec3-48a0-990f-46e60287ccb2,Proposal for a COUNCIL DECISION adopting a specific research and training programme in the field of nuclear safety and safeguards (1994-1998),PROP_DEC,1994-03-30T00:00:00Z,European Commission,12,proposal,NA,https://eur-lex.europa.eu/legal-content/EN/TXT/?uri=CELEX:51994PC0070(01),"Avis juridique important | 51994PC0070(01) Proposal for a COUNCIL DECISION adopting a specific research and training programme in the field of nuclear safety and safeguards (1994-1998)  /* COM/94/70FINAL - CNS 94/0072 */ Official Journal C 113 , 23/04/1994 P. 0004 Proposal for a Council Decision adopting a specific research and training programme in the field of nuclear safety and safeguards (1994 to 1998) (94/C 113/05) (Text with EEA relevance) COM(94) 70 final - 94/0072(CNS) (Submitted by the Commission on 30 March 1994) THE COUNCIL OF THE EUROPEAN UNION, Having regard to the Treaty establishing the European Atomic Energy Community, and in particular Article 7 thereof, Having regard to the proposal from the Commission, presented following consultation with the Scientific and Technical Committee, Having regard to the opinion of the European Parliament, Having regard to the opinion of the Economic and Social Committee, Whereas, by Decision . ./. . ./Euratom, the Council adopted a fr...",EUR-Lex - 51994PC0070(01) - EN - EUR-Lex,success,2025-10-26T01:48:12Z,164,0.0336963221697144,No,NA,NA,NA,High,EC,NA,Joffrey
52017PC0275,ffee0901-462a-11e7-aea8-01aa75ed71a1,Proposal for a DIRECTIVE OF THE EUROPEAN PARLIAMENT AND OF THE COUNCIL amending Directive 1999/62/EC on the charging of heavy goods vehicles for the use of certain infrastructures,PROP_DIR,2017-05-31T00:00:00Z,European Commission,7,proposal,NA,https://eur-lex.europa.eu/legal-content/EN/TXT/?uri=CELEX:52017PC0275,"EUROPEAN COMMISSION Brussels, 31.5.2017 COM(2017) 275 final 2017/0114(COD) Proposal for a DIRECTIVE OF THE EUROPEAN PARLIAMENT AND OF THE COUNCIL amending Directive 1999/62/EC on the charging of heavy goods vehicles for the use of certain infrastructures (Text with EEA relevance) {SWD(2017) 180 final} {SWD(2017) 181 final} EXPLANATORY MEMORANDUM 1. CONTEXT OF THE PROPOSAL • Reasons for and objectives of the proposal An efficient and reliable transport system is essential for the smooth functioning of the internal market and is a key sector of the economy. While road transport plays the most important role in the inland transport system, it is a source of a number of socio-economic and environmental challenges (e.g. climate change, air pollution, noise, congestion). Road pricing can play a key role in incentivising cleaner, more efficient operations, and its coherent design is crucial to ensuring fair treatment of road users and sustainable infrastructure financing. Directive 1999/62...",EUR-Lex - 52017PC0275 - EN - EUR-Lex,success,2025-10-25T09:08:39Z,520,0.0410353535353535,Yes,Neoclassical,GG-Keynesianism,NA,High,EC,NA,Joffrey
52019SC0069,7bf08bd2-39d5-11e9-8d04-01aa75ed71a1,COMMISSION STAFF WORKING DOCUMENT First Flood Risk Management Plans - Member State: Croatia Accompanying the document REPORT FROM THE COMMISSION TO THE EUROPEAN PARLIAMENT AND THE COUNCIL on the implementation of the Water Framework (2000/60/EC) Directive and the Floods Directive (2007/60/EC) Second River Basin Management Plans First Flood Risk Management Plans,SWD,2019-02-26T00:00:00Z,European Commission,15,manual,SWD,https://eur-lex.europa.eu/legal-content/EN/TXT/?uri=CELEX:52019SC0069,"EUROPEAN COMMISSION Brussels, 26.2.2019 SWD(2019) 69 final COMMISSION STAFF WORKING DOCUMENT First Flood Risk Management Plans - Member State: Croatia Accompanying the document REPORT FROM THE COMMISSION TO THE EUROPEAN PARLIAMENT AND THE COUNCIL on the implementation of the Water Framework (2000/60/EC) Directive and the Floods Directive (2007/60/EC) Second River Basin Management Plans First Flood Risk Management Plans {COM(2019) 95 final} - {SWD(2019) 30 final} - {SWD(2019) 31 final} - {SWD(2019) 32 final} - {SWD(2019) 33 final} - {SWD(2019) 34 final} - {SWD(2019) 35 final} - {SWD(2019) 36 final} - {SWD(2019) 37 final} - {SWD(2019) 38 final} - {SWD(2019) 39 final} - {SWD(2019) 40 final} - {SWD(2019) 41 final} - {SWD(2019) 42 final} - {SWD(2019) 43 final} - {SWD(2019) 44 final} - {SWD(2019) 45 final} - {SWD(2019) 46 final} - {SWD(2019) 47 final} - {SWD(2019) 48 final} - {SWD(2019) 49 final} - {SWD(2019) 50 final} - {SWD(2019) 51 final} - {SWD(2019) 52 final} - {SWD(2019) 53 final} -...",EUR-Lex - 52019SC0069 - EN - EUR-Lex,success,2025-10-27T10:32:41Z,894,0.0686899731079523,No,NA,NA,NA,High,EC,NA,Joffrey
52004PC0537,7bc50d25-0d50-4f0f-91ee-d81f854375ee,"Proposal for a Council Decision concerning proposals, on behalf of the European Community and the Member States, for amendments to Annexes I - III of the 1998 Protocol to the 1979 Convention on Long Range Transboundary Air Pollution on Persistent Organic Pollutants and to Annexes A - C of the Stockholm Convention on Persistent Organic Pollutants",PROP_DEC_NO_ADDRESSEE,2004-08-04T00:00:00Z,European Commission,11,proposal,NA,https://eur-lex.europa.eu/legal-content/EN/TXT/?uri=CELEX:52004PC0537,"Avis juridique important | 52004PC0537 Proposal for a Council Decision concerning proposals, on behalf of the European Community and the Member States, for amendments to Annexes I - III of the 1998 Protocol to the 1979 Convention on Long Range Transboundary Air Pollution on Persistent Organic Pollutants and to Annexes A - C of the Stockholm Convention on Persistent Organic Pollutants  /* COM/2004/0537 final */ Proposal for a COUNCIL DECISION concerning proposals, on behalf of the European Community and the Member States, for amendments to Annexes I - III of the 1998 Protocol to the 1979 Convention on Long Range Transboundary Air Pollution on Persistent Organic Pollutants and to Annexes A - C of the Stockholm Convention on Persistent Organic Pollutants (presented by the Commission) EXPLANATORY MEMORANDUM 1. The 1998 Protocol to the 1979 Convention on Long Range Transboundary Air Pollution on Persistent Organic Pollutants entered into force on 23 October 2003. The aim of the Protocol ...",EUR-Lex - 52004PC0537 - EN - EUR-Lex,success,2025-10-26T00:36:25Z,58,0.041907514450867,Yes,Neoclassical,NA,NA,High,EC,NA,Joffrey
52005DC0134,23581bb8-53a9-475f-aa14-ab7dfd5473f5,"Communication from the Commission to the Council, the European Parliament and the European Economic and Social Committee - Policy Coherence for Development - Accelerating progress towards attaining the Millennium Development Goals {SEC(2005) 455}",COMMUNIC,2005-04-12T00:00:00Z,European Commission,11,manual,COMMUNIC,https://eur-lex.europa.eu/legal-content/EN/TXT/?uri=CELEX:52005DC0134,"Important legal notice | 52005DC0134 Communication from the Commission to the Council, the European Parliament and the European Economic and Social Committee - Policy Coherence for Development Accelerating progress towards attaining the Millennium Development Goals {SEC(2005) 455}  /* COM/2005/0134 final */ Brussels, 12.4.2005 COM(2005) 134 final COMMUNICATION FROM THE COMMISSION TO THE COUNCIL, THE EUROPEAN PARLIAMENT AND THE EUROPEAN ECONOMIC AND SOCIAL COMMITTEE Policy Coherence for DevelopmentAccelerating progress towards attaining the Millennium Development Goals {SEC(2005) 455} TABLE OF CONTENTS 1. Policy coherence for development 3 2. Coherence commitments 4 3. Turning EU policy commitments into action 6 3.1. Trade 6 3.1.1. Doha Development Agenda (DDA) 6 3.1.2. Bilateral and unilateral measures 7 3.2. Environment 8 3.2.1. Sustainable consumption and production 8 3.2.2. Multilateral Environmental Agreements (MEAs) 9 3.2.3. EU Initiatives for Sustainable Development 9 3.3. Sec...",EUR-Lex - 52005DC0134 - EN - EUR-Lex,success,2025-10-26T20:55:40Z,222,0.0363338788870703,No,NA,NA,NA,High,EC,NA,Joffrey
52018SC0017,e4972e9e-fabf-11e7-b8f5-01aa75ed71a1,"COMMISSION STAFF WORKING DOCUMENT Measuring progress towards circular economy in the European Union – Key indicators for a monitoring framework Accompanying the document COMMUNICATION FROM THE COMMISSION TO THE EUROPEAN PARLIAMENT, THE COUNCIL, THE EUROPEAN ECONOMIC AND SOCIAL COMMITTEE AND THE COMMITTEE OF THE REGIONS on a monitoring framework for the circular economy",SWD,2018-01-16T00:00:00Z,European Commission,15,manual,SWD,https://eur-lex.europa.eu/legal-content/EN/TXT/?uri=CELEX:52018SC0017,"EUROPEAN COMMISSION Strasbourg, 16.1.2018 SWD(2018) 17 final COMMISSION STAFF WORKING DOCUMENT Measuring progress towards circular economy in the European Union – Key indicators for a monitoring framework Accompanying the document COMMUNICATION FROM THE COMMISSION TO THE EUROPEAN PARLIAMENT, THE COUNCIL, THE EUROPEAN ECONOMIC AND SOCIAL COMMITTEE AND THE COMMITTEE OF THE REGIONS on a monitoring framework for the circular economy {COM(2018) 29 final} 1. Introduction In the 2015 EU action plan for the circular economy 1 the Commission announced the development of a monitoring framework for the circular economy. The framework aims to measure progress and to assess the effectiveness of action towards the circular economy in the EU and Member States. To this end, and building on existing data, a set of meaningful indicators were identified to cover the different phases of the circular economy. The framework is a key tool to show if the existing policy initiatives are successful in delive...",EUR-Lex - 52018SC0017 - EN - EUR-Lex,success,2025-10-27T10:23:10Z,1042,0.0804074388455899,No,NA,NA,NA,High,EC,NA,Joffrey
51996PC0618,f5f2d7ce-1faf-42be-b844-32721a9d00eb,Proposal for a COUNCIL REGULATION (EC) establishing certain measures concerning imports of processed agricultural products from Switzerland in order to take account of the results of the Uruguay Round negotiations in the agricultural sector,PROP_REG,1996-11-28T00:00:00Z,European Commission,11,proposal,NA,https://eur-lex.europa.eu/legal-content/EN/TXT/?uri=CELEX:51996PC0618,"Do you want to help improving EUR-Lex ? This is a list of experimental features that you can enable. These features are still under development; they are not fully tested, and might reduce EUR-Lex stability. Don't forget to give your feedback! This document is an excerpt from the EUR-Lex website EU law EU case-law Official Journal National law and case-law Information Document 51996PC0618 Proposal for a COUNCIL REGULATION (EC) establishing certain measures concerning imports of processed agricultural products from Switzerland in order to take account of the results of the Uruguay Round negotiations in the agricultural sector Proposal for a COUNCIL REGULATION (EC) establishing certain measures concerning imports of processed agricultural products from Switzerland in order to take account of the results of the Uruguay Round negotiations in the agricultural sector Proposal for a COUNCIL REGULATION (EC) establishing certain measures concerning imports of processed agricultural products ...",EUR-Lex - 51996PC0618 - EN - EUR-Lex,success,2025-10-25T17:55:57Z,6,0.0441176470588235,No,NA,NA,NA,High,EC,NA,Joffrey
52015SC0209,0552a72f-8eac-11e5-983e-01aa75ed71a1,"COMMISSION STAFF WORKING DOCUMENT Country Factsheet Belgium Accompanying the document COMMUNICATION FROM THE COMMISSION TO THE EUROPEAN PARLIAMENT, THE COUNCIL, THE EUROPEAN ECONOMIC AND SOCIAL COMMITTEE, THE COMMITTEE OF THE REGIONS AND THE EUROPEAN INVESTMENT BANK State of the Energy Union",SWD,2015-11-18T00:00:00Z,European Commission,12,manual,SWD,https://eur-lex.europa.eu/legal-content/EN/TXT/?uri=CELEX:52015SC0209,"EUROPEAN COMMISSION Brussels, 18.11.2015 SWD(2015) 209 final COMMISSION STAFF WORKING DOCUMENT Country Factsheet Belgium Accompanying the document COMMUNICATION FROM THE COMMISSION TO THE EUROPEAN PARLIAMENT, THE COUNCIL, THE EUROPEAN ECONOMIC AND SOCIAL COMMITTEE, THE COMMITTEE OF THE REGIONS AND THE EUROPEAN INVESTMENT BANK State of the Energy Union {COM(2015) 572} {SWD(2015) 208} {SWD(2015) 217 à 243} Towards an Energy Union Belgium Macroeconomic relevance of energy IMPORTANCE OF THE ENERGY SECTOR The share of the energy sector in total value added is higher than that for the EU27, while the share in total employment is considerably lower than that for the EU as a whole. The importance of the sector has notably increased during the period 2005-2012, most strongly in terms of value added generated but also in terms of employment. Source: EUROSTAT – National Accounts According to EurObserv'ER, in 2013, the share of direct and indirect renewable energy related employment in total em...",EUR-Lex - 52015SC0209 - EN - EUR-Lex,success,2025-10-26T22:53:57Z,93,0.0378973105134474,Yes,Admin-only,NA,NA,High,EC,NA,Joffrey
52019PC0413,117bcd08-d875-11e9-9c4e-01aa75ed71a1,"Proposal for a COUNCIL DECISION on the position to be taken on behalf of the European Union at the third meeting of the Conference of the Parties to the Minamata Convention on Mercury as regards the adoption of a Decision establishing thresholds for mercury waste, in accordance with Article 11, paragraph 2, of that Convention",PROP_DEC,2019-09-16T00:00:00Z,European Commission,11,proposal,NA,https://eur-lex.europa.eu/legal-content/EN/TXT/?uri=CELEX:52019PC0413,"EUROPEAN COMMISSION Brussels, 16.9.2019 COM(2019) 413 final 2019/0193(NLE) Proposal for a COUNCIL DECISION on the position to be taken on behalf of the European Union at the third meeting of the Conference of the Parties to the Minamata Convention on Mercury as regards the adoption of a Decision establishing thresholds for mercury waste, in accordance with Article 11, paragraph 2, of that Convention EXPLANATORY MEMORANDUM 1. Subject matter of the proposal This proposal concerns the decision establishing the position to be taken, on the Union's behalf, at the third meeting of the Conference of the Parties to the Minamata Convention on Mercury regarding the envisaged adoption of a Decision establishing thresholds for mercury waste, as referred to Article 11, paragraph 2 of that Convention. 2. Context of the proposal 2.1. The Minamata Convention on Mercury The Minamata Convention on Mercury ('the Agreement’) is the main international legal framework aimed at protecting human health and...",EUR-Lex - 52019PC0413 - EN - EUR-Lex,success,2025-10-25T14:49:43Z,65,0.0433911882510013,No,NA,NA,NA,Medium,EC,NA,Joffrey
52014PC0166,a2717ec9-aabb-11e3-86f9-01aa75ed71a1,Proposal for a REGULATION OF THE EUROPEAN PARLIAMENT AND OF THE COUNCIL on the reduction or elimination of customs duties on goods originating in Ukraine,PROP_REG,2014-03-11T00:00:00Z,European Commission,2,proposal,NA,https://eur-lex.europa.eu/legal-content/EN/TXT/?uri=CELEX:52014PC0166,"| 52014PC0166 Proposal for a REGULATION OF THE EUROPEAN PARLIAMENT AND OF THE COUNCIL on the reduction or elimination of customs duties on goods originating in Ukraine /* COM/2014/0166 final - 2014/0090 (COD) */ EXPLANATORY MEMORANDUM 1.           CONTEXT OF THE PROPOSAL On 21 November 2013, Ukraine announced the suspension of the preparations for the
signature of the Association Agreement, including a Deep and Comprehensive Free
Trade Area (DCFTA) with the EU. Following the recent unprecedented
events in the country and the security, political and economic challenges faced
by Ukraine, on 6 March 2014, the
European Council stated its intention to support the economic stabilization of
the country by means of a package of measures, including the granting of autonomous trade preferences. This measure will allow for the Union's
unilateral reduction or elimination of customs duties on goods originating in
Ukraine, in accordance with the Schedule of concessions set out in Annex I-A to
the...",EUR-Lex - 52014PC0166 - EN - EUR-Lex,success,2025-10-24T20:03:38Z,1130,0.0411282984531392,No,NA,NA,NA,High,EC,NA,Joffrey
52025SC0018,00ca571a-e394-11ef-be2a-01aa75ed71a1,COMMISSION STAFF WORKING DOCUMENT Third River Basin Management Plans Second Flood Hazard and Risk Maps and Second Flood Risk Management Plans Member State: Italy Accompanying the document REPORT FROM THE COMMISSION TO THE COUNCIL AND THE EUROPEAN PARLIAMENT on the implementation of the Water Framework Directive (2000/60/EC) and the Floods Directive (2007/60/EC) Third River Basin Management Plans Second Flood Risk Management Plans,SWD,2025-02-04T00:00:00Z,European Commission,15,manual,SWD,https://eur-lex.europa.eu/legal-content/EN/TXT/?uri=CELEX:52025SC0018,"EUROPEAN COMMISSION Brussels, 4.2.2025 SWD(2025) 18 final COMMISSION STAFF WORKING DOCUMENT Third River Basin Management Plans Second Flood Hazard and Risk Maps and Second Flood Risk Management Plans Member State: Italy Accompanying the document REPORT FROM THE COMMISSION TO THE COUNCIL AND THE EUROPEAN PARLIAMENT on the implementation of the Water Framework Directive (2000/60/EC) and the Floods Directive (2007/60/EC) Third River Basin Management Plans Second Flood Risk Management Plans {COM(2025) 2 final} - {SWD(2025) 13 final} - {SWD(2025) 14 final} - {SWD(2025) 15 final} - {SWD(2025) 16 final} - {SWD(2025) 17 final} - {SWD(2025) 19 final} - {SWD(2025) 20 final} - {SWD(2025) 21 final} - {SWD(2025) 22 final} - {SWD(2025) 23 final} - {SWD(2025) 24 final} - {SWD(2025) 25 final} - {SWD(2025) 26 final} - {SWD(2025) 27 final} - {SWD(2025) 28 final} - {SWD(2025) 29 final} - {SWD(2025) 30 final} - {SWD(2025) 31 final} - {SWD(2025) 32 final} - {SWD(2025) 33 final} - {SWD(2025) 34 final} - ...",EUR-Lex - 52025SC0018 - EN - EUR-Lex,success,2025-10-27T10:53:45Z,1180,0.0910072497300632,No,NA,NA,NA,High,EC,NA,Joffrey
52001PC0617,614d0b8b-ad9c-4d2f-8052-162d530c4e56,"Proposal for a Council regulation on the conservation, characterisation, collection and utilisation of genetic resources in agriculture and amending Regulation (EC) No 1258/1999",PROP_REG,2001-10-31T00:00:00Z,European Commission,3,proposal,NA,https://eur-lex.europa.eu/legal-content/EN/TXT/?uri=CELEX:52001PC0617,"Avis juridique important | 52001PC0617 Proposal for a Council regulation on the conservation, characterisation, collection and utilisation of genetic resources  in agriculture and amending Regulation (EC) No 1258/1999  /* COM/2001/0617 final Volume I - CNS 2001/0256 */ Official Journal 051 E , 26/02/2002 P. 0335 - 0338 Proposal for a COUNCIL REGULATION on the conservation, characterisation, collection and utilisation of genetic resources  in agriculture and amending Regulation (EC) No 1258/1999 (presented by the Commission) EXPLANATORY MEMORANDUM Council Regulation (EC) No 1467/94 on the conservation, characterisation, collection and utilisation of genetic resources in agriculture launched a five-year action programme, which terminated on 31 December 1999. 1. Implementation The following main actions were carried out on the basis of that programme: * coordination of Member States' extensive and essential activities undertaken with the FAO, including drawing up the action plans up to...",EUR-Lex - 52001PC0617 - EN - EUR-Lex,success,2025-10-25T01:30:02Z,164,0.06984667802385,No,NA,NA,NA,High,EC,NA,Joffrey
52025SC0326,bb97f0fd-5b30-11f0-a9d0-01aa75ed71a1,"COMMISSION STAFF WORKING DOCUMENT Environmental Implementation Review 2025 Country Report - SWEDEN Accompanying the document Communication from the Commission to the European Parliament, the Council, the European Economic and Social Committee and the Committee of the Regions 2025 Environmental Implementation Review for prosperity and security",SWD,2025-07-07T00:00:00Z,European Commission,15,manual,SWD,https://eur-lex.europa.eu/legal-content/EN/TXT/?uri=CELEX:52025SC0326,"EUROPEAN COMMISSION Brussels, 7.7.2025 SWD(2025) 326 final COMMISSION STAFF WORKING DOCUMENT Environmental Implementation Review 2025 Country Report - SWEDEN Accompanying the document Communication from the Commission to the European Parliament, the Council, the European Economic and Social Committee and the Committee of the Regions 2025 Environmental Implementation Review for prosperity and security {COM(2025) 420 final} - {SWD(2025) 300 final} - {SWD(2025) 301 final} - {SWD(2025) 302 final} - {SWD(2025) 303 final} - {SWD(2025) 304 final} - {SWD(2025) 305 final} - {SWD(2025) 306 final} - {SWD(2025) 307 final} - {SWD(2025) 308 final} - {SWD(2025) 309 final} - {SWD(2025) 310 final} - {SWD(2025) 311 final} - {SWD(2025) 312 final} - {SWD(2025) 313 final} - {SWD(2025) 314 final} - {SWD(2025) 315 final} - {SWD(2025) 316 final} - {SWD(2025) 317 final} - {SWD(2025) 318 final} - {SWD(2025) 319 final} - {SWD(2025) 320 final} - {SWD(2025) 321 final} - {SWD(2025) 322 final} - {SWD(2025) 323 fi...",EUR-Lex - 52025SC0326 - EN - EUR-Lex,success,2025-10-27T10:59:12Z,2377,0.0961491788690235,Yes,Admin-only,NA,NA,High,EC,NA,Joffrey
52017SC0409,e391f938-d4f5-11e7-a5b9-01aa75ed71a1,"COMMISSION STAFF WORKING DOCUMENT Energy Union Factsheet Romania Accompanying the document COMMUNICATION FROM THE COMMISSION TO THE EUROPEAN PARLIAMENT, THE COUNCIL, THE EUROPEAN ECONOMIC AND SOCIAL COMMITTEE, THE COMMITTEE OF THE REGIONS AND THE EUROPEAN INVESTMENT BANK Third Report on the State of the Energy Union",SWD,2017-11-23T00:00:00Z,European Commission,12,manual,SWD,https://eur-lex.europa.eu/legal-content/EN/TXT/?uri=CELEX:52017SC0409,"EUROPEAN COMMISSION Brussels, 23.11.2017 SWD(2017) 409 final COMMISSION STAFF WORKING DOCUMENT Energy Union Factsheet Romania Accompanying the document COMMUNICATION FROM THE COMMISSION TO THE EUROPEAN PARLIAMENT, THE COUNCIL, THE EUROPEAN ECONOMIC AND SOCIAL COMMITTEE, THE COMMITTEE OF THE REGIONS AND THE EUROPEAN INVESTMENT BANK Third Report on the State of the Energy Union {COM(2017) 688 final} {SWD(2017) 384 final} {SWD(2017) 385 final} {SWD(2017) 386 final} {SWD(2017) 387 final} {SWD(2017) 388 final} {SWD(2017) 389 final} {SWD(2017) 390 final} {SWD(2017) 391 final} {SWD(2017) 392 final} {SWD(2017) 393 final} {SWD(2017) 394 final} {SWD(2017) 395 final} {SWD(2017) 396 final} {SWD(2017) 397 final} {SWD(2017) 398 final} {SWD(2017) 399 final} {SWD(2017) 401 final} {SWD(2017) 402 final} {SWD(2017) 404 final} {SWD(2017) 405 final} {SWD(2017) 406 final} {SWD(2017) 407 final} {SWD(2017) 408 final} {SWD(2017) 411 final} {SWD(2017) 412 final} {SWD(2017) 413 final} {SWD(2017) 414 final} Ro...",EUR-Lex - 52017SC0409 - EN - EUR-Lex,success,2025-10-26T23:06:16Z,215,0.0477459471463468,Yes,Admin-only,NA,NA,High,EC,NA,Joffrey
52011PC0385,bf7cbe74-df59-415b-bbd7-008e608247a1,Proposal for a COUNCIL DIRECTIVE laying down requirements for the protection of the health of the general public with regard to radioactive substances in water intended for human consumption,PROP_DIR,2011-06-27T00:00:00Z,European Commission,15,proposal,NA,https://eur-lex.europa.eu/legal-content/EN/TXT/?uri=CELEX:52011PC0385,"| 52011PC0385 /* COM/2011/0385 final - 2011/0170 (NLE) */  Proposal for a COUNCIL DIRECTIVE laying down requirements for the protection of the health of the general public with regard to radioactive substances in water intended for human consumption EXPLANATORY MEMORANDUM 1. JUSTIFICATION OF THE PROPOSAL Water is one of the most comprehensively regulated areas of Community environmental legislation. Early European water policy began in the 1970s with the adoption of political programmes as well as legally binding legislation. A first wave of legislation was adopted, starting with the 1975 Surface Water Directive[1] and culminating in the 1980 Drinking Water Directive[2]. Since then scientific and technological knowledge has improved and the approach to Community legislation has evolved. In 1988 the Frankfurt ministerial seminar on water reviewed the existing legislation and identified a number of improvements that could be made. This resulted in a second phase of water legislation. ...",EUR-Lex - 52011PC0385 - EN - EUR-Lex,success,2025-10-26T07:50:02Z,110,0.0359947643979057,No,NA,NA,NA,High,EC,NA,Joffrey
52013SC0486,baa4ee89-58db-11e3-a8cb-01aa75ed71a1,"COMMISSION STAFF WORKING DOCUMENT Accompanying the document Report from the Commission to the European Parliament, the Council and the Economic and Social Committee Agricultural Genetic Resources - from conservation to sustainable use",SWD,2013-11-28T00:00:00Z,European Commission,3,manual,SWD,https://eur-lex.europa.eu/legal-content/EN/TXT/?uri=CELEX:52013SC0486,"| 52013SC0486 COMMISSION STAFF WORKING DOCUMENT Accompanying the document Report from the Commission to the European Parliament, the Council and the Economic and Social Committee Agricultural Genetic Resources - from conservation to sustainable use /* SWD/2013/0486 final */ COMMISSION STAFF WORKING DOCUMENT Accompanying the document Report from the Commission to the
European Parliament, the Council and the Economic and Social Committee Agricultural Genetic Resources -
from conservation to sustainable use 1.                      
INTRODUCTION The Commission launched, in 2004, a specific
“Community programme on the conservation, characterisation, collection and
utilisation of genetic resources in agriculture established by Council
Regulation (EC) No 870/2004’ to address genetic resources (GR) conservation
in agriculture. The Community programme provides co-funding for
17 actions which were implemented by around 180 partners in 25 Member States
and 12 non-EU countries. The bud...",EUR-Lex - 52013SC0486 - EN - EUR-Lex,success,2025-10-26T15:15:11Z,1035,0.05637869048916,No,NA,NA,NA,High,EC,NA,Joffrey
52018PC0514,b2424ac4-7ea6-11e8-ac6a-01aa75ed71a1,"Proposal for a COUNCIL DECISION on the signing, on behalf of the Union, of the Voluntary Partnership Agreement between the European Union and the Socialist Republic of Viet Nam on forest law enforcement, governance and trade",PROP_DEC,2018-07-03T00:00:00Z,European Commission,3,proposal,NA,https://eur-lex.europa.eu/legal-content/EN/TXT/?uri=CELEX:52018PC0514,"EUROPEAN COMMISSION Brussels, 3.7.2018 COM(2018) 514 final 2018/0273(NLE) Proposal for a COUNCIL DECISION on the signing, on behalf of the Union, of the Voluntary Partnership Agreement between the European Union and the Socialist Republic of Viet Nam on forest law enforcement, governance and trade EXPLANATORY MEMORANDUM 1. CONTEXT OF THE PROPOSAL • Reasons for and objectives of the proposal The Action Plan on Forest Law Enforcement, Governance and Trade (FLEGT) 1 , endorsed by the Council in 2003 2 , proposes a set of measures, including support for timber-producing countries, multilateral collaboration to tackle trade in illegal timber, support for private-sector initiatives, and measures to discourage investment in activities that encourage illegal logging. The cornerstone of the Action Plan is the establishment of FLEGT partnerships between the EU and timber-producing countries, aimed at stopping illegal logging. In 2005 the Council adopted Regulation (EC) No 2173/2005 on the est...",EUR-Lex - 52018PC0514 - EN - EUR-Lex,success,2025-10-24T23:25:12Z,5372,0.1034051317587727,No,NA,NA,NA,High,EC,NA,Joffrey
52022DC0211,2a79cdf0-da7f-11ec-a95f-01aa75ed71a1,"COMMUNICATION FROM THE COMMISSION TO THE EUROPEAN PARLIAMENT, THE COUNCIL, THE EUROPEAN ECONOMIC AND SOCIAL COMMITTEE AND THE COMMITTEE OF THE REGIONS A contingency plan for transport",COMMUNIC,2022-05-23T00:00:00Z,European Commission,7,manual,COMMUNIC,https://eur-lex.europa.eu/legal-content/EN/TXT/?uri=CELEX:52022DC0211,"EUROPEAN COMMISSION Brussels, 23.5.2022 COM(2022) 211 final COMMUNICATION FROM THE COMMISSION TO THE EUROPEAN PARLIAMENT, THE COUNCIL, THE EUROPEAN ECONOMIC AND SOCIAL COMMITTEE AND THE COMMITTEE OF THE REGIONS A contingency plan for transport COMMUNICATION FROM THE COMMISSION TO THE EUROPEAN PARLIAMENT, THE COUNCIL, THE EUROPEAN ECONOMIC AND SOCIAL COMMITTEE AND THE COMMITTEE OF THE REGIONS A contingency plan for transport Introduction In the past two years , the EU transport sector has been deeply affected by two major crises – the COVID-19 pandemic and Russia’s military aggression against Ukraine. The COVID-19 pandemic has severely affected society , including the transport sector 1 . To contain the outbreak, a number of measures restricting international and domestic travel were taken, s uch as physical distancing, stay-at-home orders, public transport closures , contact tracing and quarantine, and border closures . The lack of coordination of national measures further affected ...",EUR-Lex - 52022DC0211 - EN - EUR-Lex,success,2025-10-26T18:11:55Z,296,0.0355384800096049,No,NA,NA,NA,High,EC,NA,Joffrey
52006XC0601(02),62eb65bf-288d-41f9-878b-ac614560e143,Publication of an application pursuant to Article 6(2) of Council Regulation (EC) No 510/2006 on the protection of geographical indications and designations of origin for agricultural products and foodstuffs,COMMUNIC,2006-06-01T00:00:00Z,European Commission,3,manual,COMMUNIC,https://eur-lex.europa.eu/legal-content/EN/TXT/?uri=CELEX:52006XC0601(02),"1.6.2006 EN Official Journal of the European Union C 128/11 Publication of an application pursuant to Article 6(2) of Council Regulation (EC) No 510/2006 on the protection of geographical indications and designations of origin for agricultural products and foodstuffs (2006/C 128/03) This publication confers the right to object to the application pursuant to Article 7 of Council Regulation (EC) No 510/2006. Statements of objection must reach the Commission within six months from the date of this publication. SUMMARY COUNCIL REGULATION (EC) No 510/2006 Application for registration according to Article 5 and Article 17(2) EXAIRETIKO PARTHENO ELAIOLADO ‘TROIZINIA’ EC No: EL/0206/24.9.2001 PDO ( X ) PGI ( ) This summary has been drawn up for information only. For full details, interested parties are invited to consult the full version of the product specification obtainable from the national authorities indicated in section 1 or from the European Commission ( 1 ) . 1.   Responsible depar...",EUR-Lex - 52006XC0601(02) - EN - EUR-Lex,success,2025-10-26T12:48:38Z,56,0.0671462829736211,No,NA,NA,NA,High,EC,NA,Joffrey
52019SC0032,6cfb451c-39d3-11e9-8d04-01aa75ed71a1,COMMISSION STAFF WORKING DOCUMENT International Cooperation under the Water Framework Directive (2000/60/EC) - Factsheets for International River Basins Accompanying the document REPORT FROM THE COMMISSION TO THE EUROPEAN PARLIAMENT AND THE COUNCIL on the implementation of the Water Framework Directive (2000/60/EC) and the Floods Directive (2007/60/EC) Second River Basin Management Plans First Flood Risk Management Plans,SWD,2019-02-26T00:00:00Z,European Commission,15,manual,SWD,https://eur-lex.europa.eu/legal-content/EN/TXT/?uri=CELEX:52019SC0032,"EUROPEAN COMMISSION Brussels, 26.2.2019 SWD(2019) 32 final COMMISSION STAFF WORKING DOCUMENT International Cooperation under the Water Framework Directive (2000/60/EC) - Factsheets for International River Basins Accompanying the document REPORT FROM THE COMMISSION TO THE EUROPEAN PARLIAMENT AND THE COUNCIL on the implementation of the Water Framework Directive (2000/60/EC) and the Floods Directive (2007/60/EC) Second River Basin Management Plans First Flood Risk Management Plans {COM(2019) 95 final} - {SWD(2019) 30 final} - {SWD(2019) 31 final} - {SWD(2019) 33 final} - {SWD(2019) 34 final} - {SWD(2019) 35 final} - {SWD(2019) 36 final} - {SWD(2019) 37 final} - {SWD(2019) 38 final} - {SWD(2019) 39 final} - {SWD(2019) 40 final} - {SWD(2019) 41 final} - {SWD(2019) 42 final} - {SWD(2019) 43 final} - {SWD(2019) 44 final} - {SWD(2019) 45 final} - {SWD(2019) 46 final} - {SWD(2019) 47 final} - {SWD(2019) 48 final} - {SWD(2019) 49 final} - {SWD(2019) 50 final} - {SWD(2019) 51 final} - {SWD(20...",EUR-Lex - 52019SC0032 - EN - EUR-Lex,success,2025-10-27T10:28:07Z,7577,0.097203335471456,No,NA,NA,NA,High,EC,NA,Joffrey
52005PC0640,a87df2c7-50b7-4fb4-9214-16ccba47c17c,Proposal for a Council Regulation amending Annex I to Regulation (EEC) No 2658/87 on the tariff and statistical nomenclature and on the Common Customs Tariff,PROP_REG,2005-12-09T00:00:00Z,European Commission,2,proposal,NA,https://eur-lex.europa.eu/legal-content/EN/TXT/?uri=CELEX:52005PC0640,"Important legal notice | 52005PC0640 Proposal for a Council Regulation amending Annex I to Regulation (EEC) No 2658/87 on the tariff and statistical nomenclature and on the Common Customs Tariff  /* COM/2005/0640 final */ [pic] | COMMISSION OF THE EUROPEAN COMMUNITIES | Brussels, 9.12.2005 COM(2005) 640 final Proposal for a COUNCIL REGULATION amending Annex I to Regulation (EEC) No 2658/87 on the tariff and statistical nomenclature and on the Common Customs Tariff (presented by the Commission) EXPLANATORY MEMORANDUM 1) CONTEXT OF THE PROPOSAL -  Grounds for and objectives of the proposal The aim of this draft Council Regulation is to suspend customs duty autonomously for an indefinite period, on certain goods contained in Chapter 27 (petroleum waste oils), and hence amend Council Regulation (EEC) No 2658/87 on the tariff and statistical nomenclature and on the Common Customs Tariff. -  General context Chapter 27 of the Combined Nomenclature covers various items, including a number o...",EUR-Lex - 52005PC0640 - EN - EUR-Lex,success,2025-10-24T19:44:51Z,36,0.0344497607655502,No,NA,NA,NA,High,EC,NA,Joffrey
51992EC0094,83d0f5d8-2217-435d-95d3-efa09c60ea05,Draft Commission Regulation (EC) No …/.. of […] laying down detailed rules for implementing the arrangements for imports from third countries provided for in Council [Regulation (EEC) No 2092/91] on organic production of agricultural products and indications referring thereto on agricultural products and foodstuffs (Codified version),REG_DRAFT,2007-02-16T00:00:00Z,European Commission,15,proposal,NA,https://eur-lex.europa.eu/legal-content/EN/TXT/?uri=CELEX:51992EC0094,"Do you want to help improving EUR-Lex ? This is a list of experimental features that you can enable. These features are still under development; they are not fully tested, and might reduce EUR-Lex stability. Don't forget to give your feedback! This document is an excerpt from the EUR-Lex website EU law EU case-law Official Journal National law and case-law Information Document 51992EC0094 Draft Commission Regulation (EC) No …/.. of […] laying down detailed rules for implementing the arrangements for imports from third countries provided for in Council [Regulation (EEC) No 2092/91] on organic production of agricultural products and indications referring thereto on agricultural products and foodstuffs (Codified version) Draft Commission Regulation (EC) No …/.. of […] laying down detailed rules for implementing the arrangements for imports from third countries provided for in Council [Regulation (EEC) No 2092/91] on organic production of agricultural products and indications referring ...",EUR-Lex - 51992EC0094 - EN - EUR-Lex,success,2025-10-26T07:56:27Z,6,0.0344827586206896,No,NA,NA,NA,High,EC,NA,Joffrey
51994PC0039,3d007120-d5bf-4459-b316-1d968adbdf94,Proposal for a COUNCIL DIRECTIVE amending Directive 79/409/EEC on the conservation of wild birds,PROP_DIR,1994-02-23T00:00:00Z,European Commission,15,proposal,NA,https://eur-lex.europa.eu/legal-content/EN/TXT/?uri=CELEX:51994PC0039,"Avis juridique important | 51994PC0039 Proposal for a COUNCIL DIRECTIVE amending Directive 79/409/EEC on the conservation of wild birds  /* COM/94/39FINAL - SYN 94/0061 */ Official Journal C 100 , 09/04/1994 P. 0012 Proposal for a Council Directive amending Directive 79/409/EEC on the conservation of wild birds (94/C 100/07) COM(94) 39 final - 94/0061(SYN) (Submitted by the Commission on 1 March 1994) THE COUNCIL OF THE EUROPEAN UNION, Having regard to the Treaty establishing the European Community, in particular the first paragraph of Article 130s thereof, Having regard to the proposal from the Commission, In cooperation with the European Parliament, Having regard to the opinion of the Economic and Social Committee, Whereas Article 7 of Council Directive 79/409/EEC (1), as last amended by Commission Directive 91/244/EEC (2), lays down common principles on hunting; whereas, in accordance with the subsidiarity principle, the Member States are best placed to define the rules for the a...",EUR-Lex - 51994PC0039 - EN - EUR-Lex,success,2025-10-26T07:48:53Z,27,0.046075085324232,No,NA,NA,NA,High,EC,NA,Joffrey
52000PC0307,8bc920a0-aadd-4ee4-b40d-fcc0f2f0c6fd,Proposal for a Council Decision on the conclusion of the Agreement in the form of an exchange of letters concerning the provisional application of the Protocol setting out the fishing opportunities and financial contribution provided for in the Agreement between the European Economic Community and the Government of the Republic of Guinea on fishing off the Guinean coast for the period 1 January 2000 to 31 December 2001,PROP_DEC_NO_ADDRESSEE,2000-06-23T00:00:00Z,European Commission,11,proposal,NA,https://eur-lex.europa.eu/legal-content/EN/TXT/?uri=CELEX:52000PC0307,Avis juridique important | 52000PC0307 Proposal for a Council Decision on the conclusion of the Agreement in the form of an exchange of letters concerning the provisional application of the Protocol setting out the fishing opportunities and financial contribution provided for in the Agreement between the European Economic Community and the Government of the Republic of Guinea on fishing off the Guinean coast for the period 1 January 2000 to 31 December 2001  /* COM/2000/0307 final - ACC 2000/0129 */ Proposal for a COUNCIL DECISION on the conclusion of the Agreement in the form of an exchange of letters concerning the provisional application of the Protocol setting out the fishing opportunities and financial contribution provided for in the Agreement between the European Economic Community and the Government of the Republic of Guinea on fishing off the Guinean coast for the period 1 January 2000 to 31 December 2001 (presented by the Commission) EXPLANATORY MEMORANDUM The Protocol to ...,EUR-Lex - 52000PC0307 - EN - EUR-Lex,success,2025-10-26T00:09:48Z,67,0.04592186429061,No,NA,NA,NA,High,EC,NA,Joffrey
52020PC0340,57e0b30d-d194-11ea-adf7-01aa75ed71a1,"Proposal for a COUNCIL DECISION on the conclusion of the Voluntary Partnership Agreement between the European Union and the Republic of Honduras on forest law enforcement, governance and trade in timber products to the European Union",PROP_DEC,2020-07-29T00:00:00Z,European Commission,3,proposal,NA,https://eur-lex.europa.eu/legal-content/EN/TXT/?uri=CELEX:52020PC0340,"EUROPEAN COMMISSION Brussels, 29.7.2020 COM(2020) 340 final 2020/0157(NLE) Proposal for a COUNCIL DECISION on the conclusion of the Voluntary Partnership Agreement between the European Union and the Republic of Honduras on forest law enforcement, governance and trade in timber products to the European Union EXPLANATORY MEMORANDUM 1. CONTEXT OF THE PROPOSAL • Reasons for and objectives of the proposal The Action Plan on Forest Law Enforcement, Governance and Trade (FLEGT) 1 , endorsed by the Council in 2003 2 , proposes a set of measures, including support for timber-producing countries, multilateral collaboration to tackle trade in illegal timber, support for private-sector initiatives, and measures to discourage investment in activities that encourage illegal logging. The cornerstone of the Action Plan is the establishment of FLEGT partnerships between the EU and timber-producing countries, aimed at stopping illegal logging. In 2005 the Council adopted Regulation (EC) No 2173/2005 ...",EUR-Lex - 52020PC0340 - EN - EUR-Lex,success,2025-10-24T23:29:31Z,2418,0.0511010609070544,No,NA,NA,NA,High,EC,NA,Joffrey
52007SC1468,a6fb337f-7634-4842-96a2-48288e6d9971,Commission staff working document - Annexes to the Report from the Commission to the European Parliament and the Council - General Report on pre-accession assistance (PHARE – ISPA – SAPARD) in 2006 - Country sections & additional information {COM(2007) 692 final},SWD,2007-11-09T00:00:00Z,European Commission,11,manual,SWD,https://eur-lex.europa.eu/legal-content/EN/TXT/?uri=CELEX:52007SC1468,"Important legal notice | 52007SC1468 Commission staff working document - Annexes to the Report from the Commission to the European Parliament and the Council - General Report on pre-accession assistance (PHARE – ISPA – SAPARD) in 2006 - Country sections & additional information {COM(2007) 692 final}  /* SEC/2007/1468 final */ [pic] | COMMISSION OF THE EUROPEAN COMMUNITIES | Brussels, 9.11.2007 SEC(2007) 1468 COMMISSION STAFF WORKING DOCUMENT ANNEXES TO THE REPORT FROM THE COMMISSION TO THE EUROPEAN PARLIAMENT AND THE COUNCIL GENERAL REPORT ON PRE-ACCESSION ASSISTANCE (PHARE – ISPA – SAPARD) IN 2006 COUNTRY SECTIONS & ADDITIONAL INFORMATION {COM(2007) 692 final} TABLE OF CONTENT REPORT FROM THE COMMISSION TO THE EUROPEAN PARLIAMENT AND THE COUNCIL GENERAL REPORT ON PRE-ACCESSION ASSISTANCE (PHARE – ISPA – SAPARD) IN 2006 COUNTRY SECTIONS & ADDITIONAL INFORMATION {COM(2007) 692 final} 1 ANNEX I: ADDITIONAL INFORMATION 5 1.1. 1.1. FUNDING PROCEDURES 5 1.1.1. PHARE 5 1.1.2. ISPA 5 1.1.3...",EUR-Lex - 52007SC1468 - EN - EUR-Lex,success,2025-10-26T21:47:58Z,174,0.0380577427821522,No,NA,NA,NA,High,EC,NA,Joffrey
52007DC0757,bb68d6f9-4d8a-4e94-9d65-2991a77482d7,Communication from the Commission - Progress towards achieving the Kyoto objectives (required under Decision 280/2004/EC of the European Parliament and of the Council concerning a mechanism for monitoring Community greenhouse gas emissions and for implementing the Kyoto Protocol) {SEC(2007)1576},COMMUNIC,2007-11-27T00:00:00Z,European Commission,11,manual,COMMUNIC,https://eur-lex.europa.eu/legal-content/EN/TXT/?uri=CELEX:52007DC0757,"Important legal notice | 52007DC0757 Communication from the Commission - Progress towards achieving the Kyoto objectives (required under Decision 280/2004/EC of the European Parliament and of the Council concerning a mechanism for monitoring Community greenhouse gas emissions and for implementing the Kyoto Protocol) {SEC(2007)1576}  /* COM/2007/0757 final */ EN Brussels, 27.11.2007 COM(2007) 757 final COMMUNICATION FROM THE COMMISSION PROGRESS TOWARDS ACHIEVING THE KYOTO OBJECTIVES (required under Decision 280/2004/EC of the European Parliament and of the Council concerning a mechanism for monitoring Community greenhouse gas emissions and for implementing the Kyoto Protocol) {SEC(2007)1576} TABLE OF CONTENTS 1. SUMMARY (...)3 2. ACTUAL PROGRESS 1990-2005 (...)5 2.1. GHG emission trends (...)5 2.2. Per capita emissions and GHG intensities in 2005 (...)6 2.3. GHG emissions in 2005 compared to 2004 (...)7 2.4. Emission trends in the main economic sectors (...)8 3. PROJECTED PROGRESS TO...",EUR-Lex - 52007DC0757 - EN - EUR-Lex,success,2025-10-26T21:12:31Z,303,0.0954932240781594,Yes,Neoclassical,GG-Keynesianism,GG-Evolutionary,High,EC,NA,Joffrey
52000PC0633,86f0b395-5820-4156-b8c0-06a56f6d87cb,"Proposal for a Council Decision on the conclusion of an Agreement in the form of an exchange of letters concerning the provisional application of the Protocol setting out, for the period 1 July 2000 to 30 June 2003, the fishing opportunities and financial contribution provided for in the Agreement between the European Economic Community and the Republic of Côte d'Ivoire on fishing off the coast of Côte d'Ivoire",PROP_DEC_NO_ADDRESSEE,2000-10-12T00:00:00Z,European Commission,11,proposal,NA,https://eur-lex.europa.eu/legal-content/EN/TXT/?uri=CELEX:52000PC0633,"Avis juridique important | 52000PC0633 Proposal for a Council Decision on the conclusion of an Agreement in the form of an exchange of letters concerning the provisional application of the Protocol setting out, for the period 1 July 2000 to 30 June 2003, the fishing opportunities and financial contribution provided for in the Agreement between the European Economic Community and the Republic of Côte d'Ivoire on fishing off the coast of Côte d'Ivoire  /* COM/2000/0633 final - ACC 2000/0256 */ Proposal for a COUNCIL DECISION on the conclusion of an Agreement in the form of an exchange of letters concerning the provisional application of the Protocol setting out, for the period 1 July 2000 to 30 June 2003, the fishing opportunities and financial contribution provided for in the Agreement between the European Economic Community and the Republic of Côte d'Ivoire on fishing off the coast of Côte d'Ivoire (presented by the Commission) EXPLANATORY MEMORANDUM The Protocol to the Fisheries Ag...",EUR-Lex - 52000PC0633 - EN - EUR-Lex,success,2025-10-25T23:07:56Z,206,0.0496146435452793,No,NA,NA,NA,High,EC,NA,Joffrey
52005PC0210,90203a42-e265-44e1-8413-15e8b6fe0460,Proposal for a Regulation of the European Parliament and of the Council on a multiannual funding for the action of the European Maritime Safety Agency in the field of response to pollution caused by ships and amending Regulation (EC) No 1406/2002,PROP_REG,2005-05-25T00:00:00Z,European Commission,7,proposal,NA,https://eur-lex.europa.eu/legal-content/EN/TXT/?uri=CELEX:52005PC0210,"Important legal notice | 52005PC0210 Proposal for a Regulation of the European Parliament and of the Council on a multiannual funding for the action of the European Maritime Safety Agency in the field of response to pollution caused by ships and amending Regulation (EC) No 1406/2002  /* COM/2005/0210 final - COD 2005/0098 */ [pic] | COMMISSION OF THE EUROPEAN COMMUNITIES | Brussels, 25.05.2005 COM(2005) 210 final 2005/0098 (COD) Proposal for a REGULATION OF THE EUROPEAN PARLIAMENT AND OF THE COUNCIL on a multiannual funding for the action of the European Maritime Safety Agency in the field of response to pollution caused by ships and amending Regulation (EC) No 1406/2002 (presented by the Commission) EXPLANATORY MEMORANDUM 1. GROUNDS FOR AND OBJECTIVE OF THE PROPOSAL The European Maritime Safety Agency (""the Agency"")[1] was assigned new tasks in the field of oil pollution response by means of Regulation (EC) N° 724/2004 of the European Parliament and of the Council of 31 March 2004 ...",EUR-Lex - 52005PC0210 - EN - EUR-Lex,success,2025-10-25T08:07:04Z,335,0.056856754921928,No,NA,NA,NA,High,EC,NA,Joffrey
52006XC1117(01),43ab5051-03e0-4aef-8ab5-3d9f5f422864,Publication of an application pursuant to Article 6(2) of Council Regulation (EC) No 510/2006 on the protection of geographical indications and designations of origin for agricultural products and foodstuffs,COMMUNIC,2006-11-17T00:00:00Z,European Commission,3,manual,COMMUNIC,https://eur-lex.europa.eu/legal-content/EN/TXT/?uri=CELEX:52006XC1117(01),"17.11.2006 EN Official Journal of the European Union C 279/9 Publication of an application pursuant to Article 6(2) of Council Regulation (EC) No 510/2006 on the protection of geographical indications and designations of origin for agricultural products and foodstuffs (2006/C 279/03) This publication confers the right to object to the application pursuant to Article 7 of Council Regulation (EC) No 510/2006. Statements of objection must reach the Commission within six months from the date of this publication. SUMMARY COUNCIL REGULATION (EC) No 510/2006 Application for registration according to Article 5 and Article 17(2) ‘BAREGES-GAVARNIE’ EC No: FR/PDO/005/0306/30.7.2003 PDO ( X ) PGI ( ) This summary has been drawn up for information only. For full details, interested parties are invited to consult the full version of the product specification obtainable from the national authorities indicated in section 1 or from the European Commission ( 1 ) . 1.   Responsible department in the M...",EUR-Lex - 52006XC1117(01) - EN - EUR-Lex,success,2025-10-26T15:00:45Z,74,0.049039098740888,No,NA,NA,NA,High,EC,NA,Joffrey
52013DC0249,d41348f2-01d5-4abe-b817-4c73e6f1b2df,"COMMUNICATION FROM THE COMMISSION TO THE EUROPEAN PARLIAMENT, THE COUNCIL, THE EUROPEAN ECONOMIC AND SOCIAL COMMITTEE AND THE COMMITTEE OF THE REGIONS Green Infrastructure (GI) — Enhancing Europe’s Natural Capital",COMMUNIC,2013-05-06T00:00:00Z,European Commission,15,manual,COMMUNIC,https://eur-lex.europa.eu/legal-content/EN/TXT/?uri=CELEX:52013DC0249,"| 52013DC0249 COMMUNICATION FROM THE COMMISSION TO THE EUROPEAN PARLIAMENT, THE COUNCIL, THE EUROPEAN ECONOMIC AND SOCIAL COMMITTEE AND THE COMMITTEE OF THE REGIONS Green Infrastructure (GI) — Enhancing Europe’s Natural Capital /* COM/2013/0249 final */ COMMUNICATION FROM THE COMMISSION TO
THE EUROPEAN PARLIAMENT, THE COUNCIL, THE EUROPEAN ECONOMIC AND SOCIAL
COMMITTEE AND THE COMMITTEE OF THE REGIONS Green Infrastructure (GI) — Enhancing
Europe’s Natural Capital 1.1.        Background Human society depends on the benefits
provided by nature such as food, materials, clean water, clean air, climate
regulation, flood prevention, pollination and recreation[1]. However, many of these
benefits, frequently referred to as ecosystem services, are used as if their
supply is almost unlimited and treated as free commodities whose true value is
not fully appreciated. This can result in public authorities turning to built
infrastructure — grey infrastructure — as a substitute for natural solutio...",EUR-Lex - 52013DC0249 - EN - EUR-Lex,success,2025-10-27T08:29:02Z,453,0.1068396226415094,Yes,GG-Keynesianism,GG-Evolutionary,Post-Growth,High,EC,NA,Joffrey
51997PC0607,685b72ac-caab-44e3-b21e-60b3fda051df,Proposal for a Council Regulation (EC) on the financing of the common agricultural policy (consolidated version),PROP_REG,1997-12-01T00:00:00Z,European Commission,3,proposal,NA,https://eur-lex.europa.eu/legal-content/EN/TXT/?uri=CELEX:51997PC0607,"Do you want to help improving EUR-Lex ? This is a list of experimental features that you can enable. These features are still under development; they are not fully tested, and might reduce EUR-Lex stability. Don't forget to give your feedback! This document is an excerpt from the EUR-Lex website EU law EU case-law Official Journal National law and case-law Information Document 51997PC0607 Proposal for a Council Regulation (EC) on the financing of the common agricultural policy (consolidated version) Proposal for a Council Regulation (EC) on the financing of the common agricultural policy (consolidated version) Proposal for a Council Regulation (EC) on the financing of the common agricultural policy (consolidated version) /* COM/97/0607 final - CNS 97/0317 */ Languages and formats available",EUR-Lex - 51997PC0607 - EN - EUR-Lex,success,2025-10-25T02:02:57Z,3,0.0319148936170212,No,NA,NA,NA,High,EC,NA,Joffrey
52009XC0821(05),2ecf908a-a23b-49f4-a8f6-f1f7b1fe89ed,Publication of an application pursuant to Article 6(2) of Council Regulation (EC) No 510/2006 on the protection of geographical indications and designations of origin for agricultural products and foodstuffs,COMMUNIC,2009-08-21T00:00:00Z,European Commission,3,manual,COMMUNIC,https://eur-lex.europa.eu/legal-content/EN/TXT/?uri=CELEX:52009XC0821(05),"21.8.2009 EN Official Journal of the European Union C 197/10 Publication of an application pursuant to Article 6(2) of Council Regulation (EC) No 510/2006 on the protection of geographical indications and designations of origin for agricultural products and foodstuffs 2009/C 197/08 This publication confers the right to object to the application pursuant to Article 7 of Council Regulation (EC) No 510/2006. Statements of objection must reach the Commission within six months of the date of this publication. SUMMARY COUNCIL REGULATION (EC) No 510/2006 ‘CHIRIMOYA DE LA COSTA TROPICAL DE GRANADA-MÁLAGA’ EC No: ES-PDO-0005-0244-11.06.2002 PDO ( X ) PGI ( ) This summary sets out the main elements of the product specification for information purposes. 1. Responsible department in the Member State: Name: Subdirección General de Calidad Diferenciada y Agricultura Ecológica, Ministerio de Medio Ambiente, Medio Rural y Marino Address: Paseo Infanta Isabel, 1 28071 Madrid ESPAÑA Tel. +34 91347539...",EUR-Lex - 52009XC0821(05) - EN - EUR-Lex,success,2025-10-26T13:25:19Z,68,0.0571428571428571,No,NA,NA,NA,High,EC,NA,Joffrey
51998PC0158(08),757697b5-24b7-4534-bf88-bdc4e6acf006,Proposal for a Council Regulation (EC) establishing common rules for direct support schemes under the common agricultural policy,PROP_REG,1998-03-18T00:00:00Z,European Commission,3,proposal,NA,https://eur-lex.europa.eu/legal-content/EN/TXT/?uri=CELEX:51998PC0158(08),"Avis juridique important | 51998PC0158(08) Proposal for a Council Regulation (EC) establishing common rules for direct support schemes under the common agricultural policy  /* COM/98/0158 final - CNS 98/0113 */ Official Journal C 170 , 04/06/1998 P. 0093 98/0113 (CNS) Proposal for a COUNCIL REGULATION (EC) No . . . of . . . establishing common rules for direct support schemes under the common agricultural policy (98/C 170/08) THE COUNCIL OF THE EUROPEAN UNION, Having regard to the Treaty establishing the European Community, and in particular Article 43 thereof, Having regard to the proposal from the Commission, Having regard to the opinion of the European Parliament, Having regard to the opinion of the Economic and Social Committee, Whereas for direct payments under the various income support schemes in the common agricultural policy some common conditions should be established; Whereas payments foreseen under Community support schemes should be made by the competent national author...",EUR-Lex - 51998PC0158(08) - EN - EUR-Lex,success,2025-10-25T01:27:20Z,41,0.0348936170212765,No,NA,NA,NA,High,EC,NA,Joffrey
52001SC0905,4d1cca00-b924-4ab9-9d7b-a491096dc32d,"Draft Decision No 2/2001 of the EC/Denmark-Faroe Islands Joint Committee amending Table II of the Annex to Protocol 1 to the Agreement between the European Community, of the one part, and the Government of Denmark and the Home Government of the Faroe Islands, of the other part - Draft common position of the Community",PROP_DEC_NO_ADDRESSEE,2001-06-14T00:00:00Z,European Commission,11,proposal,NA,https://eur-lex.europa.eu/legal-content/EN/TXT/?uri=CELEX:52001SC0905,"Avis juridique important | 52001SC0905 Draft Decision No 2/2001 of the EC/Denmark-Faroe Islands Joint Committee amending Table II of the Annex to Protocol 1 to the Agreement between the European Community, of the one part, and the Government of Denmark and the Home Government of the Faroe Islands, of the other part - Draft common position of the Community  /* SEC/2001/0905 final */ Draft DECISION No 2/2001 OF THE EC/DENMARK-FAROE ISLANDS JOINT COMMITTEE amending Table II of the Annex to Protocol 1 to the Agreement between the European Community, of the one part, and the Government of Denmark and the Home Government of the Faroe Islands, of the other part - Draft common position of the Community (presented by the Commission) EXPLANATORY MEMORANDUM 1. Under Protocol No 1 of the Agreement between the European Community, of the one part, and the Government of Denmark and the Home Government of the Faroe Islands, of the other part, [1] signed on 6 December 1996, the Community granted tar...",EUR-Lex - 52001SC0905 - EN - EUR-Lex,success,2025-10-26T00:22:33Z,18,0.0346820809248554,No,NA,NA,NA,High,EC,NA,Joffrey
52008DC0400,cf756423-a925-4dce-bc1e-f0a20cd6db26,"Communication from the Commission to the European Parliament, the Council, the European Economic and Social Committee and the Committee of the Regions Public procurement for a better environment {SEC(2008) 2124} {SEC(2008) 2125} {SEC(2008) 2126}",COMMUNIC,2008-07-02T00:00:00Z,European Commission,15,manual,COMMUNIC,https://eur-lex.europa.eu/legal-content/EN/TXT/?uri=CELEX:52008DC0400,"Important legal notice | 52008DC0400 Communication from the Commission to the European Parliament, the Council, the European Economic and Social Committee and the Committee of the Regions Public procurement for a better environment {SEC(2008) 2124} {SEC(2008) 2125} {SEC(2008) 2126}  /* COM/2008/0400 final */ [pic] | COMMISSION OF THE EUROPEAN COMMUNITIES | Brussels, 16.7.2008 COM(2008) 400 final COMMUNICATION FROM THE COMMISSION TO THE EUROPEAN PARLIAMENT, THE COUNCIL, THE EUROPEAN ECONOMIC AND SOCIAL COMMITTEE AND THE COMMITTEE OF THE REGIONS Public procurement for a better environment {SEC(2008) 2124}{SEC(2008) 2125}{SEC(2008) 2126} 1. INTRODUCTION 1.1. Potential benefits of Green Public Procurement (GPP) Each year European public authorities spend the equivalent of 16% of the EU Gross Domestic Product on the purchase of goods, such as office equipment, building components and transport vehicles; services, such as buildings maintenance, transport services, cleaning and catering se...",EUR-Lex - 52008DC0400 - EN - EUR-Lex,success,2025-10-27T08:29:18Z,178,0.0435420743639921,Yes,GG-Keynesianism,GG-Evolutionary,NA,High,EC,NA,Joffrey
52000DC0547,42b8e1f1-6747-40ec-9e7e-883b70202a90,Communication from the Commission to the Council and the European Parliament on integrated coastal zone management: a strategy for Europe,COMMUNIC,2000-09-27T00:00:00Z,European Commission,15,manual,COMMUNIC,https://eur-lex.europa.eu/legal-content/EN/TXT/?uri=CELEX:52000DC0547,"Avis juridique important | 52000DC0547 Communication from the Commission to the Council and the European Parliament on integrated coastal zone management: a strategy for Europe  /* COM/2000/0547 final */ COMMUNICATION FROM THE COMMISSION  TO THE COUNCIL AND THE EUROPEAN PARLIAMENT ON INTEGRATED COASTAL ZONE MANAGEMENT:  A STRATEGY FOR EUROPE Summary Our coastal zones are of strategic importance to all Europeans. They are home to a large percentage of our citizens, a major source of food and raw materials, a vital link for transport and trade, the location of some of our most valuable habitats, and the favoured destination for our leisure time. Yet our coastal zones are facing serious problems of habitat destruction, water contamination, coastal erosion and resource depletion. This depletion of the limited resources of the coastal zone (including the limited physical space) is leading to increasingly frequent conflict between uses, such as between aquaculture and tourism. Coastal zon...",EUR-Lex - 52000DC0547 - EN - EUR-Lex,success,2025-10-27T09:16:56Z,659,0.0683609958506224,No,NA,NA,NA,High,EC,NA,Joffrey
52024PC0387,12ecb502-6aa7-11ef-a8ba-01aa75ed71a1,"Proposal for a COUNCIL DECISION amending Decision 2008/971/EC as regards the forest reproductive material of the ‘tested’ category, its labelling and the names of the authorities responsible for the approval and control of the production",PROP_DEC,2024-09-04T00:00:00Z,European Commission,3,proposal,NA,https://eur-lex.europa.eu/legal-content/EN/TXT/?uri=CELEX:52024PC0387,"EUROPEAN COMMISSION Brussels, 4.9.2024 COM(2024) 387 final 2024/0214(NLE) Proposal for a COUNCIL DECISION amending Decision 2008/971/EC as regards the forest reproductive material of the ‘tested’ category, its labelling and the names of the authorities responsible for the approval and control of the production EXPLANATORY MEMORANDUM 1. CONTEXT OF THE PROPOSAL • Reasons for and objectives of the proposal In accordance with Article 19(1) of Council Directive 1999/105/EC of 22 December 1999 on the marketing of forest reproductive material 1 , the Council, acting by a qualified majority on a proposal from the Commission, is to determine whether forest reproductive material produced in a third country affords the same assurances as regards the approval of its basic material and the measures taken for its production with a view to marketing as does forest reproductive material produced within the Union and complying with the provisions of that Directive. Council Decision 2008/971/EC 2 est...",EUR-Lex - 52024PC0387 - EN - EUR-Lex,success,2025-10-24T23:31:28Z,78,0.032151690024732,No,NA,NA,NA,High,EC,NA,Joffrey
52019SC0081,d5c55f60-39d5-11e9-8d04-01aa75ed71a1,COMMISSION STAFF WORKING DOCUMENT First Flood Risk Management Plans - Member State: Italy Accompanying the document REPORT FROM THE COMMISSION TO THE EUROPEAN PARLIAMENT AND THE COUNCIL on the implementation of the Water Framework Directive (2000/60/EC) and the Floods Directive (2007/60/EC) Second River Basin Management Plans First Flood Risk Management Plans,SWD,2019-02-26T00:00:00Z,European Commission,15,manual,SWD,https://eur-lex.europa.eu/legal-content/EN/TXT/?uri=CELEX:52019SC0081,"EUROPEAN COMMISSION Brussels, 26.2.2019 SWD(2019) 81 final COMMISSION STAFF WORKING DOCUMENT First Flood Risk Management Plans - Member State: Italy Accompanying the document REPORT FROM THE COMMISSION TO THE EUROPEAN PARLIAMENT AND THE COUNCIL on the implementation of the Water Framework Directive (2000/60/EC) and the Floods Directive (2007/60/EC) Second River Basin Management Plans First Flood Risk Management Plans {COM(2019) 95 final} - {SWD(2019) 30 final} - {SWD(2019) 31 final} - {SWD(2019) 32 final} - {SWD(2019) 33 final} - {SWD(2019) 34 final} - {SWD(2019) 35 final} - {SWD(2019) 36 final} - {SWD(2019) 37 final} - {SWD(2019) 38 final} - {SWD(2019) 39 final} - {SWD(2019) 40 final} - {SWD(2019) 41 final} - {SWD(2019) 42 final} - {SWD(2019) 43 final} - {SWD(2019) 44 final} - {SWD(2019) 45 final} - {SWD(2019) 46 final} - {SWD(2019) 47 final} - {SWD(2019) 48 final} - {SWD(2019) 49 final} - {SWD(2019) 50 final} - {SWD(2019) 51 final} - {SWD(2019) 52 final} - {SWD(2019) 53 final} - {...",EUR-Lex - 52019SC0081 - EN - EUR-Lex,success,2025-10-27T10:33:55Z,1085,0.0431085859589177,No,NA,NA,NA,High,EC,NA,Joffrey
52016PC0157,d117e80d-ec28-11e5-8a81-01aa75ed71a1,Proposal for a REGULATION OF THE EUROPEAN PARLIAMENT AND OF THE COUNCIL laying down rules on the making available on the market of CE marked fertilising products and amending Regulations (EC) No 1069/2009 and (EC) No 1107/2009,PROP_REG,2016-03-17T00:00:00Z,European Commission,13,proposal,NA,https://eur-lex.europa.eu/legal-content/EN/TXT/?uri=CELEX:52016PC0157,"EUROPEAN COMMISSION Brussels, 17.3.2016 COM(2016) 157 final Circular economy package ANNEXES to the Proposal for a regulation of the European Parliament and of the Council laying down rules on the making available on the market of CE marked fertilising products and amending Regulations (EC) No 1069/2009 and (EC) No 1107/2009 {SWD(2016) 64 final} {SWD(2016) 65 final} ANNEXES to the Proposal for a regulation of the European Parliament and of the Council laying down rules on the making available on the market of CE marked fertilising products and amending Regulations (EC) No 1069/2009 and (EC) No 1107/2009 ANNEX I Product Function Categories ('PFC') of CE marked fertilising products Part I Designation of Product Function Categories 1. Fertiliser A. Organic fertiliser I. Solid organic fertiliser II. Liquid organic fertiliser B. Organo-mineral fertiliser I. Solid organo-mineral fertiliser II. Liquid organo-mineral fertiliser C. Inorganic fertiliser I. Inorganic macronutrient fertiliser a...",EUR-Lex - 52016PC0157 - EN - EUR-Lex,success,2025-10-26T03:36:57Z,1361,0.0443308035568874,No,NA,NA,NA,High,EC,NA,Joffrey
52022SC0343,daa867d4-5514-11ed-92ed-01aa75ed71a1,"COMMISSION STAFF WORKING DOCUMENT Technical information Accompanying the document Report from the Commission to the European Parliament, the Council, the European Economic and Social Committee and the Committee of the Regions Accelerating the transition to climate neutrality for Europe’s security and prosperity EU Climate Action Progress Report 2022",SWD,2022-10-26T00:00:00Z,European Commission,15,manual,SWD,https://eur-lex.europa.eu/legal-content/EN/TXT/?uri=CELEX:52022SC0343,"EUROPEAN COMMISSION Brussels, 26.10.2022 SWD(2022) 343 final COMMISSION STAFF WORKING DOCUMENT Technical information Accompanying the document Report from the Commission to the European Parliament, the Council, the European Economic and Social Committee and the Committee of the Regions Accelerating the transition to climate neutrality for Europe’s security and prosperity EU Climate Action Progress Report 2022 {COM(2022) 514 final} Contents 1. OVERVIEW OF EU CLIMATE TARGETS 2. EU’s GREENHOUSE GAS EMISSIONS: TRENDS AND PROJECTIONS 3. GREENHOUSE GAS EMISSIONS COVERED BY THE KYOTO PROTOCOL AND THE CLIMATE AND ENERGY PACKAGE 4. SUMMARY OF EU’s RESPONSES TO THE SURGE OF ENERGY PRICES AND THE RUSSIAN AGGRESSION TO UKRAINE 5. COMMISSION’S ASSESSMENT OF NATIONAL LONG-TERM STRATEGIES 6. EU GREENHOUSE GAS EMISSIONS BY SECTOR 7. TOTAL GHG EMISSIONS PER MEMBER STATE 8. GREENHOUSE GAS INTENSITY IN THE EU AND ITS MEMBER STATES 9. GREENHOUSE GAS EMISSIONS PER CAPITA IN THE EU AND ITS MEMBER STATES ...",EUR-Lex - 52022SC0343 - EN - EUR-Lex,success,2025-10-27T10:44:14Z,664,0.0905619203491543,Yes,Admin-only,NA,NA,High,EC,NA,Joffrey
52005DC0020,02142305-a49c-4f23-9cab-3a3ced43631e,Communication from the Commission to the Council and the European Parliament - Community Strategy Concerning Mercury {SEC(2005) 101},COMMUNIC,2005-01-28T00:00:00Z,European Commission,15,manual,COMMUNIC,https://eur-lex.europa.eu/legal-content/EN/TXT/?uri=CELEX:52005DC0020,"Important legal notice | 52005DC0020 Communication from the Commission to the Council and the European Parliament - Community Strategy Concerning Mercury {SEC(2005) 101}  /* COM/2005/0020 final */ Brussels, 28.01.2005 COM(2005) 20 final COMMUNICATION FROM THE COMMISSION TO THE COUNCIL AND THE EUROPEAN PARLIAMENT Community Strategy Concerning Mercury {SEC(2005) 101} 1. INTRODUCTION In December 2002 the Commission presented a report to the Council concerning mercury from the chlor-alkali industry[1]. This considered the fate of 12-15 thousand tonnes of surplus mercury resulting from the sector’s conversion away from the mercury cell process. The Council reacted by inviting the Commission to present “a coherent strategy ... with measures to protect human health and the environment from the release of mercury based on a life-cycle approach, taking into account production, use, waste treatment and emissions”. The strategy also provides a basis for the Community’s input to international d...",EUR-Lex - 52005DC0020 - EN - EUR-Lex,success,2025-10-27T08:27:22Z,153,0.0484483850538315,No,NA,NA,NA,High,EC,NA,Joffrey
51992PC0296(02),722fb3b6-98fb-4fea-8d8a-c2d88b1dfb47,Proposal for a COUNCIL REGULATION (EEC) on the conclusion of the Agreement on relations in the sea fisheries sector between the European Economic Community and the Kingdom of Morocco and laying down provisions for its application,PROP_REG,1992-07-08T00:00:00Z,European Commission,11,proposal,NA,https://eur-lex.europa.eu/legal-content/EN/TXT/?uri=CELEX:51992PC0296(02),"Do you want to help improving EUR-Lex ? This is a list of experimental features that you can enable. These features are still under development; they are not fully tested, and might reduce EUR-Lex stability. Don't forget to give your feedback! This document is an excerpt from the EUR-Lex website EU law EU case-law Official Journal National law and case-law Information Document 51992PC0296(02) Proposal for a COUNCIL REGULATION (EEC) on the conclusion of the Agreement on relations in the sea fisheries sector between the European Economic Community and the Kingdom of Morocco and laying down provisions for its application Proposal for a COUNCIL REGULATION (EEC) on the conclusion of the Agreement on relations in the sea fisheries sector between the European Economic Community and the Kingdom of Morocco and laying down provisions for its application Proposal for a COUNCIL REGULATION (EEC) on the conclusion of the Agreement on relations in the sea fisheries sector between the European Econ...",EUR-Lex - 51992PC0296(02) - EN - EUR-Lex,success,2025-10-25T19:21:20Z,6,0.0408163265306122,No,NA,NA,NA,High,EC,NA,Joffrey
52003DC0376,4726c827-6efb-4658-aedd-9f1a137229de,Communication from the Commission to the Council and the European Parliament on the development of a Euro Mediterranean transport network in agreement with Mr Patten,COMMUNIC,2003-06-24T00:00:00Z,European Commission,7,manual,COMMUNIC,https://eur-lex.europa.eu/legal-content/EN/TXT/?uri=CELEX:52003DC0376,"Avis juridique important | 52003DC0376 Communication from the Commission to the Council and the European Parliament on the development of a Euro Mediterranean transport network in agreement with Mr Patten  /* COM/2003/0376 final */ COMMUNICATION FROM THE COMMISSION TO THE COUNCIL AND THE EUROPEAN PARLIAMENT on the development of a Euro-Mediterranean transport network in agreement with Mr Patten TABLE OF CONTENTS 1. Introduction 2. Aims of the communication I. The economic and political dimension of the Euro-Mediterranean transport network A. An economic imperative B. A political priority to be implemented II. Creation of the Euro-Mediterranean transport network A. Planning the network and identifying the priority infrastructure projects B. Funding the network C. Incorporating common transport policy objectives Conclusion ANNEX 1 ANNEX 2 1. INTRODUCTION While the European Union is preparing for an enlargement which will take in ten new Member States, the European Commission has start...",EUR-Lex - 52003DC0376 - EN - EUR-Lex,success,2025-10-26T17:11:41Z,267,0.0386844392929585,No,NA,NA,NA,High,EC,NA,Joffrey
52015SC0239,862c5736-8eac-11e5-983e-01aa75ed71a1,"COMMISSION STAFF WORKING DOCUMENT Country Factsheet Spain Accompanying the document COMMUNICATION FROM THE COMMISSION TO THE EUROPEAN PARLIAMENT, THE COUNCIL, THE EUROPEAN ECONOMIC AND SOCIAL COMMITTEE, THE COMMITTEE OF THE REGIONS AND THE EUROPEAN INVESTMENT BANK State of the Energy Union",SWD,2015-11-18T00:00:00Z,European Commission,12,manual,SWD,https://eur-lex.europa.eu/legal-content/EN/TXT/?uri=CELEX:52015SC0239,"EUROPEAN COMMISSION Brussels, 18.11.2015 SWD(2015) 239 final COMMISSION STAFF WORKING DOCUMENT Country Factsheet Spain Accompanying the document COMMUNICATION FROM THE COMMISSION TO THE EUROPEAN PARLIAMENT, THE COUNCIL, THE EUROPEAN ECONOMIC AND SOCIAL COMMITTEE, THE COMMITTEE OF THE REGIONS AND THE EUROPEAN INVESTMENT BANK State of the Energy Union {COM(2015) 572} {SWD(2015) 208 à 209} {SWD(2015) 217 à 238} {SWD(2015) 240 à 243} Towards an Energy Union Spain Macroeconomic relevance of energy IMPORTANCE OF THE ENERGY SECTOR The macroeconomic significance of the energy sector in Spain is relatively high compared to the EU average, in terms of share in gross value added, while it is relatively limited in terms of share of total employment. In 2012 the value added of the energy sector accounted for 2.76% of the total gross value added in Spain increased considerably compared to 2005 levels (1.75%). The employment of the energy sector in the total employment followed a similar trend, at...",EUR-Lex - 52015SC0239 - EN - EUR-Lex,success,2025-10-26T22:55:48Z,80,0.0350109409190372,No,NA,NA,NA,High,EC,NA,Joffrey
52008PC0019,74ead723-a40b-4ad9-854b-eaef40dea5c9,Proposal for a Directive of the European Parliament and of the Council on the promotion of the use of energy from renewable sources {COM(2008) 30 final} {SEC(2008) 57} {SEC(2008) 85},PROP_DIR,2008-01-23T00:00:00Z,European Commission,15,proposal,NA,https://eur-lex.europa.eu/legal-content/EN/TXT/?uri=CELEX:52008PC0019,"Important legal notice | 52008PC0019 Proposal for a Directive of the European Parliament and of the Council on the promotion of the use of energy from renewable sources {COM(2008) 30 final} {SEC(2008) 57} {SEC(2008) 85}  /* COM/2008/0019 final - COD 2008/0016 */ [pic] | COMMISSION OF THE EUROPEAN COMMUNITIES | Brussels, 23.1.2008 COM(2008) 19 final 2008/0016 (COD) Proposal for a DIRECTIVE OF THE EUROPEAN PARLIAMENT AND OF THE COUNCIL on the promotion of the use of energy from renewable sources (presented by the Commission) {COM(2008) 30 final}{SEC(2008) 57}{SEC(2008) 85} Explanatory memorandum 1. CONTEXT OF THE PROPOSAL -  Grounds for and objectives of the proposal The Community has long recognised the need to further promote renewable energy given that its exploitation contributes to climate change mitigation through the reduction of greenhouse gas emissions, sustainable development, security of supply and the development of a knowledge based industry creating jobs, economic growth...",EUR-Lex - 52008PC0019 - EN - EUR-Lex,success,2025-10-26T07:41:14Z,1431,0.0871338975826584,Yes,GG-Keynesianism,GG-Evolutionary,Neoclassical,High,EC,NA,Joffrey
52021SC0141,c749c428-b314-11eb-8aca-01aa75ed71a1,"COMMISSION STAFF WORKING DOCUMENT Towards a monitoring and outlook framework for the zero pollution ambition Accompanying the document Communication from the Commission to the European Parliament, the Council, the European Economic and Social Committee and the Committee of the Regions Pathway to a Healthy Planet for All EU Action Plan: 'Towards Zero Pollution for Air, Water and Soil'",SWD,2021-05-12T00:00:00Z,European Commission,15,manual,SWD,https://eur-lex.europa.eu/legal-content/EN/TXT/?uri=CELEX:52021SC0141,"EUROPEAN COMMISSION Brussels, 12.5.2021 SWD(2021) 141 final COMMISSION STAFF WORKING DOCUMENT Towards a monitoring and outlook framework for the zero pollution ambition Accompanying the document Communication from the Commission to the European Parliament, the Council, the European Economic and Social Committee and the Committee of the Regions Pathway to a Healthy Planet for All EU Action Plan: 'Towards Zero Pollution for Air, Water and Soil' {COM(2021) 400 final} - {SWD(2021) 140 final} Table of Contents 1. Introduction 2. Purpose, objectives and targets 3. Background 3.1. A short history of pollution monitoring 3.2. Achievement and challenges of existing pollution monitoring 3.3. Other existing and foreseen policy monitoring frameworks 4. Zero Pollution Monitoring 4.1. Concept 4.2. Monitoring key impacts / harm 4.2.1. Pollution, human health and well-being 4.2.2. Pollution, ecosystems and planetary boundaries 4.3. Monitoring key pressures and sources 4.4. Monitoring key drivers an...",EUR-Lex - 52021SC0141 - EN - EUR-Lex,success,2025-10-27T10:44:01Z,1798,0.0959035630467249,Yes,Neoclassical,NA,GG-Keynesianism,High,EC,NA,Joffrey
52014XC1224(01),a0f4feb7-8b37-11e4-b8a5-01aa75ed71a1,Codes for the chemical characteristics of olive oils and olive-pomace oils applicable to Annex XXI of Commission Regulation (EEC) No 2568/1991 on the characteristics of olive oil and olive-residue oil and on the relevant methods of analysis,COMMUNIC,2014-12-24T00:00:00Z,European Commission,3,manual,COMMUNIC,https://eur-lex.europa.eu/legal-content/EN/TXT/?uri=CELEX:52014XC1224(01),"24.12.2014 EN Official Journal of the European Union C 465/2 Codes for the chemical characteristics of olive oils and olive-pomace oils applicable to Annex XXI of Commission Regulation (EEC) No 2568/1991 on the characteristics of olive oil and olive-residue oil and on the relevant methods of analysis (2014/C 465/02) Fatty acid ethyl esters (FAEEs) FAEE Acidity or free fatty acid content FFA Peroxide índex mEq O 2 /kg PV Waxes mg/kg WAX 2-glyceril monopalmitate sn2MP Stigmastadienes mg/kg 3,5-STIG Difference: ECN42 (HPLC) and ECN42 ECN42 K 232 K 232 K 268 or K 270 K 268/270 Delta-K ΔΚ Fatty acid composition FAcomp Myristic (%) MYRI/C14:0 Linolenic (%) LINO/C18:3 Arachidic (%) ARAC/C20:0 Eicosenoic (%) EICO/C20:1 Behenic (%) BEHE/C22:2 Lignoceric (%) LIGN/C22:0 Total transoleic isomers tr -C18:1 Total translinoleic + translinolenic isomers tr -C18:2&3 Sterols composition Cholesterol CHOL Brassicasterol BRAS Campesterol CAMP Stigmasterol STIG App β–sitosterol appßSito Delta-7- stigmast...",EUR-Lex - 52014XC1224(01) - EN - EUR-Lex,success,2025-10-26T15:00:26Z,6,0.0545454545454545,No,NA,NA,NA,High,EC,NA,Joffrey
52012DC0494,f5241879-375c-4904-8e3c-fe1c95df653b,"COMMUNICATION FROM THE COMMISSION TO THE EUROPEAN PARLIAMENT, THE COUNCIL, THE EUROPEAN ECONOMIC AND SOCIAL COMMITTEE AND THE COMMITTEE OF THE REGIONS Blue Growth opportunities for marine and maritime sustainable growth",COMMUNIC,2012-09-13T00:00:00Z,European Commission,15,manual,COMMUNIC,https://eur-lex.europa.eu/legal-content/EN/TXT/?uri=CELEX:52012DC0494,"| 52012DC0494 COMMUNICATION FROM THE COMMISSION TO THE EUROPEAN PARLIAMENT, THE COUNCIL, THE EUROPEAN ECONOMIC AND SOCIAL COMMITTEE AND THE COMMITTEE OF THE REGIONS Blue Growth opportunities for marine and maritime sustainable growth /* COM/2012/0494 final */ COMMUNICATION FROM THE COMMISSION TO
THE EUROPEAN PARLIAMENT, THE COUNCIL, THE EUROPEAN ECONOMIC AND SOCIAL
COMMITTEE AND THE COMMITTEE OF THE REGIONS Blue Growth opportunities for marine and maritime
sustainable growth (Text with EEA relevance) 1.           Introduction If we count all economic activities that depend
on the sea, then the EU's blue economy[1]
represents 5.4 million jobs and a gross added value of just under €500 billion per
year[2].
In all, 75% of Europe’s external trade[3]
and 37% of trade within the EU[4]
is seaborne. Much of this activity is concentrated around Europe's coasts, but
not all. Some landlocked countries host very successful manufacturers of marine
equipment. The sea and the coasts are drivers of...",EUR-Lex - 52012DC0494 - EN - EUR-Lex,success,2025-10-27T09:11:47Z,304,0.0799368919274257,No,NA,NA,NA,High,EC,NA,Joffrey
52000DC0422,cbe1d5cf-b7ee-4175-b47e-97ae47c5a132,Communication from the Commission to the Council and the European Parliament - Promoting sustainable transport in development cooperation,COMMUNIC,2000-07-06T00:00:00Z,European Commission,11,manual,COMMUNIC,https://eur-lex.europa.eu/legal-content/EN/TXT/?uri=CELEX:52000DC0422,"Avis juridique important | 52000DC0422 Communication from the Commission to the Council and the European Parliament - Promoting sustainable transport in development cooperation  /* COM/2000/0422 final */ COMMUNICATION FROM THE COMMISSION TO THE COUNCIL AND THE EUROPEAN PARLIAMENT promoting sustainable transport in development cooperation (presented by the Commission) TABLE OF CONTENTS Executive summary 1. Introduction 1.1. Transport's role in Community development cooperation 1.2. Scope of the Communication 2. Commission and Member States support to transport 2.1. Managing Community funds in the ACP region 2.2. Managing Community funds in the ALA, Mediterranean and NIS regions 2.3. Commission policy coordination role 2.4. Member States bilateral support 2.5. Lessons of experience 3. Principles guiding sustainable transport 3.1. Common development principles for transport 3.2. Principles for fostering sustainable economic and social development 3.3. Principles for integrating the dev...",EUR-Lex - 52000DC0422 - EN - EUR-Lex,success,2025-10-26T20:41:24Z,626,0.0605064759327276,No,NA,NA,NA,High,EC,NA,Joffrey
52016SC0244,05b1aa92-531f-11e6-89bd-01aa75ed71a1,"COMMISSION STAFF WORKING DOCUMENT Accompanying the document COMMUNICATION FROM THE COMMISSION TO THE EUROPEAN PARLIAMENT, THE COUNCIL, THE EUROPEAN ECONOMIC AND SOCIAL COMMITTEE AND THE COMMITTEE OF THE REGIONS A European Strategy for Low-Emission Mobility",SWD,2016-07-20T00:00:00Z,European Commission,15,manual,SWD,https://eur-lex.europa.eu/legal-content/EN/TXT/?uri=CELEX:52016SC0244,"EUROPEAN COMMISSION Brussels, 20.7.2016 SWD(2016) 244 final COMMISSION STAFF WORKING DOCUMENT Accompanying the document COMMUNICATION FROM THE COMMISSION TO THE EUROPEAN PARLIAMENT, THE COUNCIL, THE EUROPEAN ECONOMIC AND SOCIAL COMMITTEE AND THE COMMITTEE OF THE REGIONS A European Strategy for Low-Emission Mobility {COM(2016) 501 final} Table of Contents 1. General context and policy framework 2. Existing EU policies for sust ainable transport 2.1. Low emission vehicles 2.2 Switching towards low emission alternative energy for transport 2.3 Efficiency of the transport system 2.4 Cross-cutting initiatives 2.4.1 Transport research and innovation 2.4.2 EU financing and co-operation instruments 2.4.3 Support to cities and local communities 2.5 Action in international aviation and maritime 2.5.1 International developments 2.5.2 EU level action in international aviation and maritime 2.6 Taxation 3. Developments under current trends and policies 3.1 Identifying the GHG emissions gap for tr...",EUR-Lex - 52016SC0244 - EN - EUR-Lex,success,2025-10-27T10:10:00Z,5132,0.0842430112116088,Yes,GG-Keynesianism,Neoclassical,NA,High,EC,NA,Joffrey
52001PC0547(02),1c2317c3-8b0f-49c2-b3ec-a33a81bee850,Proposal for a Council Directive amending Directive 92/81/EEC with regard to the possibility of applying a reduced rate of excise duty on certain mineral oils containing biofuels and on biofuels,PROP_DIR,2001-11-07T00:00:00Z,European Commission,9,proposal,NA,https://eur-lex.europa.eu/legal-content/EN/TXT/?uri=CELEX:52001PC0547(02),"Avis juridique important | 52001PC0547(02) Proposal for a Council Directive amending Directive 92/81/EEC with regard to the possibility of applying a reduced rate of excise duty on certain mineral oils containing biofuels and on biofuels  /* COM/2001/0547 final - CNS 2001/0266 */ Official Journal 103 E , 30/04/2002 P. 0217 - 0220 Proposal for a COUNCIL DIRECTIVE amending Directive 92/81/EEC with regard to the possibility of applying a reduced rate of excise duty on certain mineral oils containing biofuels and on biofuels (presented by the Commission) EXPLANATORY MEMORANDUM 1. Introduction In this explanatory memorandum, a 'biofuel' is a product obtained from certain renewable resources which is subject to excise duty under Directive 92/81/EEC [1]. A biofuel can therefore be used, in its pure or blended form, as a motor or heating fuel. [1]  OJ L 316, 31.10.1922, p. 12, as last amended by Directive 94/74/EC (OJ L 365, 31.12.1994, p. 46). The Commission communication on alternative fu...",EUR-Lex - 52001PC0547(02) - EN - EUR-Lex,success,2025-10-25T10:01:24Z,225,0.0701153007167341,No,NA,NA,NA,High,EC,NA,Joffrey
52007XC1228(06),077a845b-253e-4f2c-9b1a-f509b7716e92,Commission communication concerning the extension of the validity of Community guidelines on State aid for environmental protection (Text with EEA relevance ),COMMUNIC,2007-12-28T00:00:00Z,European Commission,15,manual,COMMUNIC,https://eur-lex.europa.eu/legal-content/EN/TXT/?uri=CELEX:52007XC1228(06),"28.12.2007 EN Official Journal of the European Union C 316/58 Commission communication concerning the extension of the validity of Community guidelines on State aid for environmental protection (Text with EEA relevance) (2007/C 316/08) The Commission has decided to extend the validity of the current Community guidelines on State aid for environmental protection (published in the Official Journal of the European Communities C 37, 3.2.2001, p. 3 ) until such time as new guidelines are published or, at any event, until 30 April 2008 at the latest. Top",EUR-Lex - 52007XC1228(06) - EN - EUR-Lex,success,2025-10-27T09:27:13Z,2,0.0333333333333333,No,NA,NA,NA,High,EC,NA,Joffrey
52004PC0127,4065ac5e-e355-4c5e-894e-339e5bf051a5,Proposal for a European Parliament and Council Directive amending Directive 94/62/EC on packaging and packaging waste,PROP_DIR,2004-02-24T00:00:00Z,European Commission,13,proposal,NA,https://eur-lex.europa.eu/legal-content/EN/TXT/?uri=CELEX:52004PC0127,"Important legal notice | 52004PC0127 Proposal for a European Parliament and Council Directive amending Directive 94/62/EC on packaging and packaging waste  /* COM/2004/0127 final - COD 2004/0045 */ Proposal for a EUROPEAN PARLIAMENT AND COUNCIL DIRECTIVE amending Directive 94/62/EC on packaging and packaging waste (presented by the Commission) EXPLANATORY MEMORANDUM 1. Introduction 1.1. Background On 31 December 1994, Directive 94/62/EC on packaging and packaging waste [1] (hereinafter ""original packaging directive"") entered into force. On 7 December 2001 the Commission submitted a proposal for a Directive of the European Parliament and of the Council [2] amending Directive 94/62/EC on packaging and packaging waste for adoption by co-decision procedure as laid down in Article 251 of the EC Treaty (hereinafter ""revised packaging directive""). Inter alia, the revised packaging directive sets increased recovery and recycling targets to be achieved by 31 December 2008 [3]. [1]  OJ L 365/...",EUR-Lex - 52004PC0127 - EN - EUR-Lex,success,2025-10-26T04:42:38Z,187,0.0426843186487103,No,NA,NA,NA,High,EC,NA,Joffrey
52023PC0541,5102b27f-5924-11ee-9220-01aa75ed71a1,"Proposal for a COUNCIL DECISION on the position to be taken on behalf of the European Union at the fifth meeting of the Conference of the Parties to the Minamata Convention on Mercury as regards the adoption of a Decision establishing a threshold for mercury waste, in accordance with Article 11, paragraph 2, of that Convention",PROP_DEC,2023-09-22T00:00:00Z,European Commission,11,proposal,NA,https://eur-lex.europa.eu/legal-content/EN/TXT/?uri=CELEX:52023PC0541,"EUROPEAN COMMISSION Brussels, 22.9.2023 COM(2023) 541 final 2023/0328(NLE) Proposal for a COUNCIL DECISION on the position to be taken on behalf of the European Union at the fifth meeting of the Conference of the Parties to the Minamata Convention on Mercury as regards the adoption of a Decision establishing a threshold for mercury waste, in accordance with Article 11, paragraph 2, of that Convention EXPLANATORY MEMORANDUM 1. SUBJECT MATTER OF THE PROPOSAL This proposal concerns the decision establishing the position to be taken, on the Union's behalf, at the fifth meeting of the Conference of the Parties to the Minamata Convention on Mercury (COP5) regarding the envisaged adoption of a Decision establishing thresholds for waste contaminated with mercury or mercury compounds (thereafter ‘mercury contaminated waste’), as referred to Article 11, paragraph 2(c), of that Convention. 2. CONTEXT OF THE PROPOSAL 2.1. The Minamata Convention on Mercury The Minamata Convention on Mercury (‘t...",EUR-Lex - 52023PC0541 - EN - EUR-Lex,success,2025-10-25T15:29:39Z,94,0.0514786418400876,No,NA,NA,NA,High,EC,NA,Joffrey
52001PC0393,e265c75f-9b90-4f37-a0cb-5a8cac3f71e7,"Proposal for a Council Decision relating to the conclusion of an agreement between the European Community and the Republic of Hungary concerning fishery products, in the form of an additional protocol completing the europe agreement establishing an association between the european communities and their Member States, of the one part, and the Republic of Hungary of the other part",PROP_DEC_NO_ADDRESSEE,2001-07-13T00:00:00Z,European Commission,11,proposal,NA,https://eur-lex.europa.eu/legal-content/EN/TXT/?uri=CELEX:52001PC0393,"Avis juridique important | 52001PC0393 Proposal for a Council Decision relating to the conclusion of an agreement between the European Community and the Republic of Hungary concerning fishery products, in the form of an additional protocol completing the europe agreement establishing an association between the european communities and their Member States, of the one part, and the Republic of Hungary of the other part  /* COM/2001/0393 final - ACC 2001/0150 */ Proposal for a Council Decision relating to the conclusion of an agreement between the European Community and the Republic of Hungary concerning fishery products, in the form of an additional protocol completing the europe agreement establishing an association between the european communities and their Member States, of the one part, and the Republic of Hungary of the other part (presented by the Commission) EXPLANATORY MEMORANDUM On 29 May 2000, the Council approved the negotiating mandate for the Commission to undertake negot...",EUR-Lex - 52001PC0393 - EN - EUR-Lex,success,2025-10-25T23:34:20Z,48,0.032,No,NA,NA,NA,High,EC,NA,Joffrey
52013XC0906(03),efa0bab5-16d5-11e3-8d1c-01aa75ed71a1,Communication pursuant to Article 13(2) of Regulation (EC) No 885/2006 concerning the composition of the Conciliation Body instituted in the context of the clearance of accounts of the EAGF and the EAFRD,COMMUNIC,2013-09-06T00:00:00Z,European Commission,3,manual,COMMUNIC,https://eur-lex.europa.eu/legal-content/EN/TXT/?uri=CELEX:52013XC0906(03),6.9.2013 EN Official Journal of the European Union C 257/11 Communication pursuant to Article 13(2) of Regulation (EC) No 885/2006 concerning the composition of the Conciliation Body instituted in the context of the clearance of accounts of the EAGF and the EAFRD 2013/C 257/05 The Commission has appointed Mr HOOYBERGHS as member of the Conciliation Body for the period 1 August 2013-31 July 2016. The Commission has renewed the term of office as member of the Conciliation Body of Mrs SANCHEZ TRUJILLANO and Mr BYRNE for the period 1 August 2013-31 July 2014. Top,EUR-Lex - 52013XC0906(03) - EN - EUR-Lex,success,2025-10-26T12:54:15Z,3,0.0483870967741935,No,NA,NA,NA,High,EC,NA,Joffrey
52015PC0687,9ccf9d54-b942-11e5-8d3c-01aa75ed71a1,"Proposal for a COUNCIL DECISION amending Decision No 529/2013/EU to include reference levels for forest management, minimum values for the definition of forest and base year of emissions for the Republic of Croatia",PROP_DEC,2016-01-12T00:00:00Z,European Commission,15,proposal,NA,https://eur-lex.europa.eu/legal-content/EN/TXT/?uri=CELEX:52015PC0687,"EUROPEAN COMMISSION Brussels, 12.1.2016 COM(2015) 687 final 2015/0315(NLE) Proposal for a COUNCIL DECISION amending Decision No 529/2013/EU to include reference levels for forest management, minimum values for the definition of forest and base year of emissions for the Republic of Croatia EXPLANATORY MEMORANDUM Decision No 529/2013/EU of the European Parliament and of the Council of 21 May 2013 on accounting rules on greenhouse gas emissions and removals resulting from activities relating to land use, land-use change and forestry and on information concerning actions relating to those activities entered into force on 7 July 2013 upon its publication in the Official Journal L165 of 18 June 2013. This decision sets Member State reference levels for forest management, minimum values for the definition of forest and base year or period of emissions in Annex II, V and VI respectively. Following the accession of the Republic of Croatia to the European Union on 1 July 2013, Annexes II, V a...",EUR-Lex - 52015PC0687 - EN - EUR-Lex,success,2025-10-26T06:36:21Z,34,0.0669291338582677,Yes,Admin-only,NA,NA,High,EC,NA,Joffrey
52006DC0196,0353bcb8-ab4a-488c-af29-68e19d1edbbe,"Communication from the Commission to the European Parliament, the Council, the European Economic and Social Committee and the Committee of the Regions updating and rectifying the Communication on the interpretation of Council Regulation (EEC) No 3577/92 applying the principle of freedom to provide services to maritime transport within Member States (maritime cabotage)",COMMUNIC,2006-05-11T00:00:00Z,European Commission,7,manual,COMMUNIC,https://eur-lex.europa.eu/legal-content/EN/TXT/?uri=CELEX:52006DC0196,"Important legal notice | 52006DC0196 Communication from the Commission to the European Parliament, the Council, the European Economic and Social Committee and the Committee of the Regions updating and rectifying the Communication on the interpretation of Council Regulation (EEC) No 3577/92 applying the principle of freedom to provide services to maritime transport within Member States (maritime cabotage)  /* COM/2006/0196 final */ [pic] | COMMISSION OF THE EUROPEAN COMMUNITIES | Brussels, 11.5.2006 COM(2006) 196 final COMMUNICATION FROM THE COMMISSION TO THE EUROPEAN PARLIAMENT, THE COUNCIL, THE EUROPEAN ECONOMIC AND SOCIAL COMMITTEE AND THE COMMITTEE OF THE REGIONS updating and rectifying the Communication on the interpretation of Council Regulation (EEC) No 3577/92 applying the principle of freedom to provide services to maritime transport within Member States (maritime cabotage) COMMUNICATION FROM THE COMMISSION TO THE EUROPEAN PARLIAMENT, THE COUNCIL, THE EUROPEAN ECONOMIC AND S...",EUR-Lex - 52006DC0196 - EN - EUR-Lex,success,2025-10-26T15:24:08Z,26,0.0488721804511278,No,NA,NA,NA,High,EC,NA,Joffrey
52024DC0091,bbe0159f-e142-11ee-8b2b-01aa75ed71a1,"COMMUNICATION FROM THE COMMISSION TO THE EUROPEAN PARLIAMENT, THE COUNCIL, THE EUROPEAN ECONOMIC AND SOCIAL COMMITTEE AND THE COMMITTEE OF THE REGIONS Managing climate risks - protecting people and prosperity",COMMUNIC,2024-03-12T00:00:00Z,European Commission,11,manual,COMMUNIC,https://eur-lex.europa.eu/legal-content/EN/TXT/?uri=CELEX:52024DC0091,"EUROPEAN COMMISSION Strasbourg, 12.3.2024 COM(2024) 91 final COMMUNICATION FROM THE COMMISSION TO THE EUROPEAN PARLIAMENT, THE COUNCIL, THE EUROPEAN ECONOMIC AND SOCIAL COMMITTEE AND THE COMMITTEE OF THE REGIONS Managing climate risks - protecting people and prosperity COMMUNICATION FROM THE COMMISSION TO THE EUROPEAN PARLIAMENT, THE COUNCIL, THE EUROPEAN ECONOMIC AND SOCIAL COMMITTEE AND THE COMMITTEE OF THE REGIONS Managing climate risks - protecting people and prosperity 1. Introduction 1.1. Accelerating climate risks call for proactive management Managing uncertainty defines decision-making today, be it for the public, companies, or governments. War and geopolitical uncertainties, cost of living, demographic challenges, environmental degradation and health emergencies, social inequalities, political polarisation and disinformation, rapid technological developments and migration all require urgent action. Policymakers have to balance attention and resources. Intertwined with the ...",EUR-Lex - 52024DC0091 - EN - EUR-Lex,success,2025-10-26T21:31:48Z,644,0.0779755418331517,Yes,GG-Keynesianism,Neoclassical,GG-Evolutionary,High,EC,NA,Joffrey
52012PC0393,50687e75-28cd-41dc-bfbb-a9ca690ff878,Proposal for a REGULATION OF THE EUROPEAN PARLIAMENT AND OF THE COUNCIL amending Regulation (EC) No 443/2009 to define the modalities for reaching the 2020 target to reduce CO2 emissions from new passenger cars,PROP_REG,2012-07-11T00:00:00Z,European Commission,7,proposal,NA,https://eur-lex.europa.eu/legal-content/EN/TXT/?uri=CELEX:52012PC0393,"| 52012PC0393 Proposal for a REGULATION OF THE EUROPEAN PARLIAMENT AND OF THE COUNCIL amending Regulation (EC) No 443/2009 to define the modalities for reaching the 2020 target to reduce CO2 emissions from new passenger cars /* COM/2012/0393 final - 2012/0190 (COD) */ EXPLANATORY
MEMORANDUM 1.           CONTEXT
OF THE PROPOSAL ·                        
General context The EU has a stated objective of limiting
global climate change to a temperature increase of 2ºC above pre-industrial
levels. To achieve this, global emissions need to peak by 2020 and be reduced
by at least 50% globally by 2050 compared to 1990. The European Council
reconfirmed the EU target of an 80-95% reduction by 2050 compared to 1990 in
the context of the necessary reductions by developed countries as a group. Current policies would only lead to about a
40% GHG (""GHG"") emission reduction by 2050. The Commission 'Roadmap
for moving to a competitive low carbon economy in 2050'[1] sets out
how to meet the 2050 targe...",EUR-Lex - 52012PC0393 - EN - EUR-Lex,success,2025-10-25T07:58:57Z,109,0.0394784498370155,Yes,Neoclassical,GG-Evolutionary,GG-Keynesianism,High,EC,NA,Joffrey
52015PC0477,a381aeaa-682d-11e5-9317-01aa75ed71a1,Proposal for a COUNCIL DECISION on the conclusion of the Protocol setting out the fishing opportunities and financial contribution provided for in the Fisheries Partnership Agreement between the European Community and the Islamic Republic of Mauritania for a period of four years,PROP_DEC,2015-10-01T00:00:00Z,European Commission,11,proposal,NA,https://eur-lex.europa.eu/legal-content/EN/TXT/?uri=CELEX:52015PC0477,"EUROPEAN COMMISSION Brussels, 1.10.2015 COM(2015) 477 final 2015/0229(NLE) Proposal for a COUNCIL DECISION on the conclusion of the Protocol setting out the fishing opportunities and financial contribution provided for in the Fisheries Partnership Agreement between the European Community and the Islamic Republic of Mauritania for a period of four years EXPLANATORY MEMORANDUM 1. CONTEXT OF THE PROPOSAL The Council authorised the European Commission to negotiate, on behalf of the European Union, the renewal of the Protocol and renewal of the Protocol setting out the fishing opportunities and financial contribution provided for in the Fisheries Partnership Agreement between the European Community and the Islamic Republic of Mauritania. At the end of those negotiations, a new Protocol was initialled by the negotiators on 10 July 2015. It covers a period of four years from the date of provisional application laid down in Article 14 – i.e. from the date of its signature. The main aim of t...",EUR-Lex - 52015PC0477 - EN - EUR-Lex,success,2025-10-25T13:23:06Z,954,0.0414782608695652,No,NA,NA,NA,High,EC,NA,Joffrey
52019SC0135,25742376-0ac3-11ea-8c1f-01aa75ed71a1,"COMMISSION STAFF WORKING DOCUMENT The EU Environmental Implementation Review 2019 Country Report - ESTONIA Accompanying the document Communication from the Commission to the European Parliament, the Council, the European Economic and Social Committee and the Committee of the Regions Environmental Implementation Review 2019: A Europe that protects its citizens and enhances their quality of life",SWD,2019-04-04T00:00:00Z,European Commission,15,manual,SWD,https://eur-lex.europa.eu/legal-content/EN/TXT/?uri=CELEX:52019SC0135,"EUROPEAN COMMISSION Brussels, 4.4.2019 SWD(2019) 135 final COMMISSION STAFF WORKING DOCUMENT The EU Environmental Implementation Review 2019 Country Report - ESTONIA Accompanying the document Communication from the Commission to the European Parliament, the Council, the European Economic and Social Committee and the Committee of the Regions Environmental Implementation Review 2019: A Europe that protects its citizens and enhances their quality of life {COM(2019) 149 final} - {SWD(2019) 111 final} - {SWD(2019) 112 final} - {SWD(2019) 113 final} - {SWD(2019) 114 final} - {SWD(2019) 115 final} - {SWD(2019) 116 final} - {SWD(2019) 117 final} - {SWD(2019) 118 final} - {SWD(2019) 119 final} - {SWD(2019) 120 final} - {SWD(2019) 121 final} - {SWD(2019) 122 final} - {SWD(2019) 123 final} - {SWD(2019) 124 final} - {SWD(2019) 125 final} - {SWD(2019) 126 final} - {SWD(2019) 127 final} - {SWD(2019) 128 final} - {SWD(2019) 129 final} - {SWD(2019) 130 final} - {SWD(2019) 131 final} - {SWD(2019) 13...",EUR-Lex - 52019SC0135 - EN - EUR-Lex,success,2025-10-27T10:37:22Z,1294,0.095477016158784,Yes,Admin-only,NA,NA,High,EC,NA,Joffrey
52005XC0930(04),8bc122e4-dd67-489d-8538-f5e5d2aad712,Publication of an application for registration pursuant to Article 6(2) of Regulation (EEC) No 2081/92 on the protection of geographical indications and designations of origin,COMMUNIC,2005-09-30T00:00:00Z,European Commission,3,manual,COMMUNIC,https://eur-lex.europa.eu/legal-content/EN/TXT/?uri=CELEX:52005XC0930(04),"30.9.2005 EN Official Journal of the European Union C 240/23 Publication of an application for registration pursuant to Article 6(2) of Regulation (EEC) No 2081/92 on the protection of geographical indications and designations of origin (2005/C 240/05) This publication confers the right to object to the application pursuant to Articles 7 and 12d of the abovementioned Regulation. Any objection to this application must be submitted via the competent authority in a Member State, in a WTO member country or in a third country recognized in accordance with Article 12(3) within a time limit of six months from the date of this publication. The arguments for publication are set out below, in particular under 4.6, and are considered to justify the application within the meaning of Regulation (EEC) No 2081/92. SUMMARY COUNCIL REGULATION (EEC) No 2081/92 ‘CAROTA DELL'ALTOPIANO DEL FUCINO’ EC No: IT/00270/21.01.2003 PDO ( ) PGI (X) This note is a summary produced for information. For full detail...",EUR-Lex - 52005XC0930(04) - EN - EUR-Lex,success,2025-10-26T13:04:54Z,58,0.0360696517412935,No,NA,NA,NA,High,EC,NA,Joffrey
52015SC0218,113604c1-8eac-11e5-983e-01aa75ed71a1,"COMMISSION STAFF WORKING DOCUMENT Country Factsheet Croatia Accompanying the document COMMUNICATION FROM THE COMMISSION TO THE EUROPEAN PARLIAMENT, THE COUNCIL, THE EUROPEAN ECONOMIC AND SOCIAL COMMITTEE, THE COMMITTEE OF THE REGIONS AND THE EUROPEAN INVESTMENT BANK State of the Energy Union",SWD,2015-11-18T00:00:00Z,European Commission,12,manual,SWD,https://eur-lex.europa.eu/legal-content/EN/TXT/?uri=CELEX:52015SC0218,"EUROPEAN COMMISSION Brussels, 18.11.2015 SWD(2015) 218 final COMMISSION STAFF WORKING DOCUMENT Country Factsheet Croatia Accompanying the document COMMUNICATION FROM THE COMMISSION TO THE EUROPEAN PARLIAMENT, THE COUNCIL, THE EUROPEAN ECONOMIC AND SOCIAL COMMITTEE, THE COMMITTEE OF THE REGIONS AND THE EUROPEAN INVESTMENT BANK State of the Energy Union {COM(2015) 572} {SWD(2015) 208 à 209} {SWD(2015) 217} {SWD(2015) 219 à 243} Towards an Energy Union Croatia UPDATED DRAFT Macroeconomic relevance of energy IMPORTANCE OF THE ENERGY SECTOR In Croatia, according to national statistics, the weight of the energy sector in total value added was slightly above the EU average in 2012 at 2.1% compared to 2%. At the same time the share of total employment that the energy sector accounts for is double that of the EU27 average, at 1.2% against 0.6. According to EurObserv'ER, in 2013, the share of direct and indirect renewable energy related employment in total employment of the economy in Croatia...",EUR-Lex - 52015SC0218 - EN - EUR-Lex,success,2025-10-26T22:54:16Z,60,0.0347222222222222,Yes,Admin-only,NA,NA,High,EC,NA,Joffrey
51994PC0390(02),879da92d-d811-4c5d-a533-50d1e029456d,Proposal for a COUNCIL REGULATION (EC) relating to the conclusion of the Protocol setting out the fishing opportunities and financial contribution provided for in the Agreement between the European Community and the Islamic Federal Republic of the Comoros on fishing off the Comoros for the period from 20 July 1994 to 19 July 1997,PROP_REG,1994-09-16T00:00:00Z,European Commission,11,proposal,NA,https://eur-lex.europa.eu/legal-content/EN/TXT/?uri=CELEX:51994PC0390(02),"Do you want to help improving EUR-Lex ? This is a list of experimental features that you can enable. These features are still under development; they are not fully tested, and might reduce EUR-Lex stability. Don't forget to give your feedback! This document is an excerpt from the EUR-Lex website EU law EU case-law Official Journal National law and case-law Information Document 51994PC0390(02) Proposal for a COUNCIL REGULATION (EC) relating to the conclusion of the Protocol setting out the fishing opportunities and financial contribution provided for in the Agreement between the European Community and the Islamic Federal Republic of the Comoros on fishing off the Comoros for the period from 20 July 1994 to 19 July 1997 Proposal for a COUNCIL REGULATION (EC) relating to the conclusion of the Protocol setting out the fishing opportunities and financial contribution provided for in the Agreement between the European Community and the Islamic Federal Republic of the Comoros on fishing of...",EUR-Lex - 51994PC0390(02) - EN - EUR-Lex,success,2025-10-25T21:07:07Z,6,0.0326086956521739,No,NA,NA,NA,High,EC,NA,Joffrey
52004DC0686,d3b49d08-50b1-455e-a5a5-701bf672690e,Communication from the Commission to the Council and the European Parliament - EU Guidelines to support land policy design and reform processes in developing countries [SEC(2004) 1289],COMMUNIC,2004-10-19T00:00:00Z,European Commission,11,manual,COMMUNIC,https://eur-lex.europa.eu/legal-content/EN/TXT/?uri=CELEX:52004DC0686,"Avis juridique important | 52004DC0686 Communication from the Commission to the Council and the European Parliament - EU Guidelines to support land policy design and reform processes in developing countries [SEC(2004) 1289]  /* COM/2004/0686 final */ COMMUNICATION FROM THE COMMISSION TO THE COUNCIL AND THE EUROPEAN PARLIAMENT - EU Guidelines to support land policy design and reform processes in developing countries [SEC(2004) 1289] EU Guidelines to support land policy [1] design and reform processes in developing countries [1]  See Commission staff working paper, SEC(2004) 1289, for key concepts. 1. Introduction Rural land is an asset of the greatest importance in many parts of the world, both developing and developed. In the former, a high proportion of income, employment and export earnings stems from agricultural production and other land-based activities. Poverty is also particularly marked in rural areas and control of land is a major issue for peasant societies. Donor engageme...",EUR-Lex - 52004DC0686 - EN - EUR-Lex,success,2025-10-26T20:53:20Z,685,0.0777172679827547,No,NA,NA,NA,High,EC,NA,Joffrey
52014PC0267,b34927c7-d68f-11e3-8cd4-01aa75ed71a1,Proposal for a COUNCIL DECISION establishing the position to be adopted on behalf of the European Union with regard to proposals for amendment of the Appendices of the Convention on the conservation of migratory species of wild animals with a view to the eleventh meeting of the Conference of the Parties,PROP_DEC_NO_ADDRESSEE,2014-05-08T00:00:00Z,European Commission,15,proposal,NA,https://eur-lex.europa.eu/legal-content/EN/TXT/?uri=CELEX:52014PC0267,"| 52014PC0267 Proposal for a COUNCIL DECISION establishing the position to be adopted on behalf of the European Union with regard to proposals for amendment of the Appendices of the Convention on the conservation of migratory species of wild animals with a view to the eleventh meeting of the Conference of the Parties /* COM/2014/0267 final - 2014/0139 (NLE) */ EXPLANATORY MEMORANDUM 1. The Convention on the conservation of
migratory species of wild animals (also known as the CMS or Bonn Convention)
aims to conserve terrestrial, marine and avian migratory species throughout
their range. It is an intergovernmental treaty, concluded under the aegis of
the United Nations Environment Programme, concerned with the conservation of
wildlife and habitats on a global scale. The European Union has been a Party to
the CMS since 1 November 1983[1]. 2. The migratory species to be conserved
are listed in Appendices I (endangered species) and II (species to be the
subjects of agreements) to...",EUR-Lex - 52014PC0267 - EN - EUR-Lex,success,2025-10-26T07:01:41Z,80,0.0906002265005662,No,NA,NA,NA,High,EC,NA,Joffrey
52023SC0018,a0771079-9bca-11ed-b508-01aa75ed71a1,"COMMISSION STAFF WORKING DOCUMENT STAKEHOLDER CONSULTATION - SYNOPSIS REPORT Accompanying the document COMMUNICATION FROM THE COMMISSION TO THE EUROPEAN PARLIAMENT, THE COUNCIL, THE EUROPEAN ECONOMIC AND SOCIAL COMMITTEE AND THE COMMITTEE OF THE REGIONS Revision of the EU Pollinators Initiative A new deal for pollinators",SWD,2023-01-24T00:00:00Z,European Commission,15,manual,SWD,https://eur-lex.europa.eu/legal-content/EN/TXT/?uri=CELEX:52023SC0018,"EUROPEAN COMMISSION Brussels, 24.1.2023 SWD(2023) 18 final COMMISSION STAFF WORKING DOCUMENT STAKEHOLDER CONSULTATION - SYNOPSIS REPORT Accompanying the document COMMUNICATION FROM THE COMMISSION TO THE EUROPEAN PARLIAMENT, THE COUNCIL, THE EUROPEAN ECONOMIC AND SOCIAL COMMITTEE AND THE COMMITTEE OF THE REGIONS Revision of the EU Pollinators Initiative A new deal for pollinators {COM(2023) 35 final} 1. Introduction Between September 20 21 and June 2022 , the Commission consulted stakeholders on the revision of the EU Pollinators Initiative (EUPI) 1 , including EU and non-EU citizens, public authorities, academi c/research institutions, NGOs, environmental organisations, and business and trade associations . This report summaris es the inputs received through an open public consultation (OPC) that garnered 423 responses 2 , a call for evidence that garnered 7388 feedbacks 3 , and nine online expert consultation workshop s each of which had its specific thematic focus 4 . This report ...",EUR-Lex - 52023SC0018 - EN - EUR-Lex,success,2025-10-27T10:50:17Z,115,0.1035103510351035,No,NA,NA,NA,High,EC,NA,Joffrey
51998PC0606,ce17bd8a-f868-4716-9fc9-cf1ff7b0ffde,Proposal for a Council Regulation (EC) renewing for 1999 the measures laid down in Regulation (EC) No 1416/95 establishing certain concessions in the form of Community tariff quotas in 1995 for certain processed agricultural products,PROP_REG,1998-10-26T00:00:00Z,European Commission,2,proposal,NA,https://eur-lex.europa.eu/legal-content/EN/TXT/?uri=CELEX:51998PC0606,"Do you want to help improving EUR-Lex ? This is a list of experimental features that you can enable. These features are still under development; they are not fully tested, and might reduce EUR-Lex stability. Don't forget to give your feedback! This document is an excerpt from the EUR-Lex website EU law EU case-law Official Journal National law and case-law Information Document 51998PC0606 Proposal for a Council Regulation (EC) renewing for 1999 the measures laid down in Regulation (EC) No 1416/95 establishing certain concessions in the form of Community tariff quotas in 1995 for certain processed agricultural products Proposal for a Council Regulation (EC) renewing for 1999 the measures laid down in Regulation (EC) No 1416/95 establishing certain concessions in the form of Community tariff quotas in 1995 for certain processed agricultural products Proposal for a Council Regulation (EC) renewing for 1999 the measures laid down in Regulation (EC) No 1416/95 establishing certain conces...",EUR-Lex - 51998PC0606 - EN - EUR-Lex,success,2025-10-24T19:55:37Z,6,0.0461538461538461,No,NA,NA,NA,High,EC,NA,Joffrey
52006DC0086,37ab8801-4a72-4d8d-ad70-0094bd35e356,"Communication from the Commission to the Council, the European Parliament and the European Economic and Social Committee - an EU-Caribbean partnership for growth, stability and development {SEC(2006) 268}",COMMUNIC,2006-03-02T00:00:00Z,European Commission,11,manual,COMMUNIC,https://eur-lex.europa.eu/legal-content/EN/TXT/?uri=CELEX:52006DC0086,"Important legal notice | 52006DC0086 Communication from the Commission to the Council, the European Parliament and the European Economic and Social Committee - An EU-Caribbean partnership for growth, stability and development {SEC(2006) 268}  /* COM/2006/0086 final */ [pic] | COMMISSION OF THE EUROPEAN COMMUNITIES | Brussels, 2.3.2006 COM(2006) 86 final COMMUNICATION FROM THE COMMISSION TO THE COUNCIL, THE EUROPEAN PARLIAMENT AND THE EUROPEAN ECONOMIC AND SOCIAL COMMITTEE A N EU-CARIBBEAN PARTNERSHIP FOR GROWTH, STABILITY AND DEVELOPMENT {SEC(2006) 268} Part I INTRODUCTION Europe has strong historic ties with the Caribbean region, while EU member states still have close links with the region, notably through the French DOMs, and the particular relationship between the UK and the Netherlands and the OCT’s.[1] Moreover the Caribbean’s prominent role within the ACP group of states and its inclusion within the Cotonou Agreement constitute the basis of its special relationship with the E...",EUR-Lex - 52006DC0086 - EN - EUR-Lex,success,2025-10-26T21:15:19Z,604,0.0395624549682321,No,NA,NA,NA,High,EC,NA,Joffrey
52004PC0121,a64b15dd-9858-48c3-871e-62e6ddb9fabc,Proposal for a Council Regulation prohibiting imports of Atlantic blue-fin tuna (Thunnus thynnus) originating in Equatorial Guinea and Sierra Leone and repealing Regulation (EC) No 2092/2000,PROP_REG,2004-02-20T00:00:00Z,European Commission,11,proposal,NA,https://eur-lex.europa.eu/legal-content/EN/TXT/?uri=CELEX:52004PC0121,"Avis juridique important | 52004PC0121 Proposal for a Council Regulation prohibiting imports of Atlantic blue-fin tuna (Thunnus thynnus) originating in Equatorial Guinea and Sierra Leone and repealing Regulation (EC) No 2092/2000  /* COM/2004/0121 final - ACC 2004/0042 */ Proposal for a COUNCIL REGULATION  prohibiting imports of Atlantic blue-fin tuna (Thunnus thynnus) originating in Equatorial Guinea and Sierra Leone and repealing Regulation (EC) No 2092/2000 (presented by the Commission) EXPLANATORY MEMORANDUM The International Commission for the Conservation of Atlantic Tunas (ICCAT) is responsible for the conservation and management of tunas and tuna-like species in the Atlantic Ocean and adjacent seas. It enforces the proper management of tuna stocks by imposing trade sanctions on any party that proves to be in breach of its measures. As a contracting party to ICCAT, the Community has to ensure that the organisation's recommendations concerning trade sanctions are transposed in...",EUR-Lex - 52004PC0121 - EN - EUR-Lex,success,2025-10-25T19:07:53Z,58,0.0667433831990794,No,NA,NA,NA,High,EC,NA,Joffrey
52021DC0240,25e01d19-b6f1-11eb-8aca-01aa75ed71a1,"COMMUNICATION FROM THE COMMISSION TO THE EUROPEAN PARLIAMENT, THE COUNCIL, THE EUROPEAN ECONOMIC AND SOCIAL COMMITTEE AND THE COMMITTEE OF THE REGIONS on a new approach for a sustainable blue economy in the EU Transforming the EU's Blue Economy for a Sustainable Future",COMMUNIC,2021-05-17T00:00:00Z,European Commission,15,manual,COMMUNIC,https://eur-lex.europa.eu/legal-content/EN/TXT/?uri=CELEX:52021DC0240,"EUROPEAN COMMISSION Brussels, 17.5.2021 COM(2021) 240 final COMMUNICATION FROM THE COMMISSION TO THE EUROPEAN PARLIAMENT, THE COUNCIL, THE EUROPEAN ECONOMIC AND SOCIAL COMMITTEE AND THE COMMITTEE OF THE REGIONS on a new approach for a sustainable blue economy in the EU Transforming the EU's Blue Economy for a Sustainable Future COMMUNICATION FROM THE COMMISSION TO THE EUROPEAN PARLIAMENT, THE COUNCIL, THE EUROPEAN ECONOMIC AND SOCIAL COMMITTEE AND THE COMMITTEE OF THE REGIONS on a new approach for a sustainable blue economy in the EU Transforming the EU's Blue Economy for a Sustainable Future 1. Making the transition from ‘blue growth’ to a ‘sustainable blue economy’ The European Green Deal 1 calls for a transformation of our economy to become a modern, resource-efficient and competitive economy where net emissions of greenhouse gases are phased out and the EU's natural capital is protected. The Recovery Plan for Europe 2 sets out to boo st the green and digital transitions and make...",EUR-Lex - 52021DC0240 - EN - EUR-Lex,success,2025-10-27T09:50:11Z,1036,0.1320923116154532,Yes,Neoclassical,GG-Evolutionary,GG-Keynesianism,High,EC,NA,Joffrey
52017PC0125,56996df8-0962-11e7-8a35-01aa75ed71a1,Proposal for a COUNCIL REGULATION amending Regulation (EU) 2015/2192 on the allocation of the fishing opportunities under the Protocol setting out the fishing opportunities and financial contribution provided for in the Fisheries Partnership Agreement between the European Union and the Islamic Republic of Mauritania,PROP_REG,2017-03-15T00:00:00Z,European Commission,11,proposal,NA,https://eur-lex.europa.eu/legal-content/EN/TXT/?uri=CELEX:52017PC0125,"EUROPEAN COMMISSION Brussels, 15.3.2017 COM(2017) 125 final 2017/0053(NLE) Proposal for a COUNCIL REGULATION amending Regulation (EU) 2015/2192 on the allocation of the fishing opportunities under the Protocol setting out the fishing opportunities and financial contribution provided for in the Fisheries Partnership Agreement between the European Union and the Islamic Republic of Mauritania EXPLANATORY MEMORANDUM 1. CONTEXT OF THE PROPOSAL • Reasons for and objectives of the proposal Council Regulation (EU) 2015/2192 allocates among the Member States the fishing opportunities set out in the 2015-2019 Protocol to the Fisheries Partnership Agreement between the European Union and Mauritania. During its meeting in Nouakchott on 15 and 16 November 2016, the Joint Committee established under Article 10 of the Partnership Agreement decided to grant new fishing opportunities to EU freezer trawlers targeting black hake as the main targeted species (3 500 tonnes) as well as squid (1 450 tonne...",EUR-Lex - 52017PC0125 - EN - EUR-Lex,success,2025-10-25T16:32:03Z,168,0.0502242152466367,No,NA,NA,NA,High,EC,NA,Joffrey
52003DC0302,5d40b176-ecf4-4da1-8d5f-f9fd47762e13,Communication from the Commission to the Council and the European Parliament - Integrated Product Policy - Building on Environmental Life-Cycle Thinking,COMMUNIC,2003-06-18T00:00:00Z,European Commission,15,manual,COMMUNIC,https://eur-lex.europa.eu/legal-content/EN/TXT/?uri=CELEX:52003DC0302,"Avis juridique important | 52003DC0302 Communication from the Commission to the Council and the European Parliament - Integrated Product Policy - Building on Environmental Life-Cycle Thinking  /* COM/2003/0302 final */ COMMUNICATION FROM THE COMMISSION TO THE COUNCIL AND THE EUROPEAN PARLIAMENT - Integrated Product Policy - Building on Environmental Life-Cycle Thinking 1. INTRODUCTION One of the European Union's fundamental objectives is sustainable development. This means meeting the needs of the present generation without compromising those of future generations. This objective was reinforced at the Gothenburg European Council in 2001, where an environmental dimension was added to the Lisbon process, in the form of a strategy for Sustainable Development. [1] [1]  Presidency Conclusions of Gothenburg European Council 15th and 16th June 2001, paragraphs 19-32, http://ue.eu.int/pressData/en/ec/ 00200-r1.en1.pdf This strategy identified several actions in the environmental field, foll...",EUR-Lex - 52003DC0302 - EN - EUR-Lex,success,2025-10-27T08:05:50Z,337,0.0407299975827894,Yes,Neoclassical,NA,NA,High,EC,NA,Joffrey
52008PC0507,eccf9642-7907-450a-8cff-4e3572518934,Proposal for a Council Decision on a negotiation mandate authorizing the Commission to negotiate an agreement between the European Atomic Energy Community (Euratom) and the Department of Energy of the United States of America (USDOE) in the field of nuclear security research and development.,PROP_DEC_NO_ADDRESSEE,2008-08-04T00:00:00Z,European Commission,11,proposal,NA,https://eur-lex.europa.eu/legal-content/EN/TXT/?uri=CELEX:52008PC0507,"Important legal notice | 52008PC0507 Proposal for a Council Decision on a negotiation mandate authorizing the Commission to negotiate an agreement between the European Atomic Energy Community (Euratom) and the Department of Energy of the United States of America (USDOE) in the field of nuclear security research and development.  /* COM/2008/0507 final */ [pic] | COMMISSION OF THE EUROPEAN COMMUNITIES | Brussels, 4.8.2008 COM(2008) 507 final COMMUNICATION FROM THE COMMISSION TO THE COUNCIL On a negotiation mandate authorizing the Commission to negotiate an agreement between the European Atomic Energy Community (Euratom) and the Department of Energy of the United States of America (USDOE) in the field of nuclear security research and development. Proposal for a COUNCIL DECISION On a negotiation mandate authorizing the Commission to negotiate an agreement between the European Atomic Energy Community (Euratom) and the Department of Energy of the United States of America (USDOE) in the f...",EUR-Lex - 52008PC0507 - EN - EUR-Lex,success,2025-10-25T23:25:13Z,34,0.0423940149625935,No,NA,NA,NA,High,EC,NA,Joffrey
52025SC0031,27f62617-e395-11ef-be2a-01aa75ed71a1,COMMISSION STAFF WORKING DOCUMENT Third River Basin Management Plans Second Flood Hazard and Risk Maps and Second Flood Risk Management Plans Member State: Ireland Accompanying the document REPORT FROM THE COMMISSION TO THE COUNCIL AND THE EUROPEAN PARLIAMENT on the implementation of the Water Framework Directive (2000/60/EC) and the Floods Directive (2007/60/EC) Third River Basin Management Plans Second Flood Risk Management Plans,SWD,2025-02-04T00:00:00Z,European Commission,15,manual,SWD,https://eur-lex.europa.eu/legal-content/EN/TXT/?uri=CELEX:52025SC0031,"EUROPEAN COMMISSION Brussels, 4.2.2025 SWD(2025) 31 final COMMISSION STAFF WORKING DOCUMENT Third River Basin Management Plans Second Flood Hazard and Risk Maps and Second Flood Risk Management Plans Member State: Ireland Accompanying the document REPORT FROM THE COMMISSION TO THE COUNCIL AND THE EUROPEAN PARLIAMENT on the implementation of the Water Framework Directive (2000/60/EC) and the Floods Directive (2007/60/EC) Third River Basin Management Plans Second Flood Risk Management Plans {COM(2025) 2 final} - {SWD(2025) 13 final} - {SWD(2025) 14 final} - {SWD(2025) 15 final} - {SWD(2025) 16 final} - {SWD(2025) 17 final} - {SWD(2025) 18 final} - {SWD(2025) 19 final} - {SWD(2025) 20 final} - {SWD(2025) 21 final} - {SWD(2025) 22 final} - {SWD(2025) 23 final} - {SWD(2025) 24 final} - {SWD(2025) 25 final} - {SWD(2025) 26 final} - {SWD(2025) 27 final} - {SWD(2025) 28 final} - {SWD(2025) 29 final} - {SWD(2025) 30 final} - {SWD(2025) 32 final} - {SWD(2025) 33 final} - {SWD(2025) 34 final} ...",EUR-Lex - 52025SC0031 - EN - EUR-Lex,success,2025-10-27T10:55:22Z,183,0.0730538922155688,No,NA,NA,NA,High,EC,NA,Joffrey
52019SC0060,371ceac9-39d5-11e9-8d04-01aa75ed71a1,COMMISSION STAFF WORKING DOCUMENT First Flood Risk Management Plans - Member State: Denmark Accompanying the document REPORT FROM THE COMMISSION TO THE EUROPEAN PARLIAMENT AND THE COUNCIL on the implementation of the Water Framework Directive (2000/60/EC) and the Floods Directive (2007/60/EC) Second River Basin Management Plans First Flood Risk Management Plans,SWD,2019-02-26T00:00:00Z,European Commission,15,manual,SWD,https://eur-lex.europa.eu/legal-content/EN/TXT/?uri=CELEX:52019SC0060,"EUROPEAN COMMISSION Brussels, 26.2.2019 SWD(2019) 60 final COMMISSION STAFF WORKING DOCUMENT First Flood Risk Management Plans - Member State: Denmark Accompanying the document REPORT FROM THE COMMISSION TO THE EUROPEAN PARLIAMENT AND THE COUNCIL on the implementation of the Water Framework Directive (2000/60/EC) and the Floods Directive (2007/60/EC) Second River Basin Management Plans First Flood Risk Management Plans {COM(2019) 95 final} - {SWD(2019) 30 final} - {SWD(2019) 31 final} - {SWD(2019) 32 final} - {SWD(2019) 33 final} - {SWD(2019) 34 final} - {SWD(2019) 35 final} - {SWD(2019) 36 final} - {SWD(2019) 37 final} - {SWD(2019) 38 final} - {SWD(2019) 39 final} - {SWD(2019) 40 final} - {SWD(2019) 41 final} - {SWD(2019) 42 final} - {SWD(2019) 43 final} - {SWD(2019) 44 final} - {SWD(2019) 45 final} - {SWD(2019) 46 final} - {SWD(2019) 47 final} - {SWD(2019) 48 final} - {SWD(2019) 49 final} - {SWD(2019) 50 final} - {SWD(2019) 51 final} - {SWD(2019) 52 final} - {SWD(2019) 53 final} -...",EUR-Lex - 52019SC0060 - EN - EUR-Lex,success,2025-10-27T10:25:49Z,666,0.0520556510864467,No,NA,NA,NA,High,EC,NA,Joffrey
52008DC0409,187f28e7-495b-45fe-9991-1873501291b6,Communication from the Commission to the Council and the European Parliament 2007 - Environment policy review {SEC(2008)2150},COMMUNIC,2008-07-02T00:00:00Z,European Commission,15,manual,COMMUNIC,https://eur-lex.europa.eu/legal-content/EN/TXT/?uri=CELEX:52008DC0409,"Important legal notice | 52008DC0409 Communication from the Commission to the Council and the European Parliament 2007 - Environment policy review {SEC(2008)2150}  /* COM/2008/0409 final */ [pic] | COMMISSION OF THE EUROPEAN COMMUNITIES | Brussels, 2.7.2008 COM(2008) 409 final COMMUNICATION FROM THE COMMISSION TO THE COUNCIL AND THE EUROPEAN PARLIAMENT 2007 Environment Policy Review {SEC(2008)2150} Introduction The year 2007 marked a turning point in EU environment policy. The main commitments under the 6th Environment Action Programme 2002-2012 (6th EAP) have been delivered as demonstrated by its mid-term review and we must now further strengthen our efforts on implementation. Environment issues are now firmly at the top of the political agenda, and command the attention of decision-makers, the media and the public. 80 % of EU citizens find the environment important for the quality of their life. A good example is climate change, particularly since the endorsement of the energy and...",EUR-Lex - 52008DC0409 - EN - EUR-Lex,success,2025-10-27T09:09:40Z,270,0.085416007592534,Yes,Neoclassical,GG-Keynesianism,NA,High,EC,NA,Joffrey
52018DC0028,2df5d1d2-fac7-11e7-b8f5-01aa75ed71a1,"COMMUNICATION FROM THE COMMISSION TO THE EUROPEAN PARLIAMENT, THE COUNCIL, THE EUROPEAN ECONOMIC AND SOCIAL COMMITTEE AND THE COMMITTEE OF THE REGIONS A European Strategy for Plastics in a Circular Economy",COMMUNIC,2018-01-16T00:00:00Z,European Commission,15,manual,COMMUNIC,https://eur-lex.europa.eu/legal-content/EN/TXT/?uri=CELEX:52018DC0028,"EUROPEAN COMMISSION Brussels,16.1.2018 COM(2018) 28 final COMMUNICATION FROM THE COMMISSION TO THE EUROPEAN PARLIAMENT, THE COUNCIL, THE EUROPEAN ECONOMIC AND SOCIAL COMMITTEE AND THE COMMITTEE OF THE REGIONS A European Strategy for Plastics in a Circular Economy {SWD(2018) 16 final} 1. Introduction Plastic is an important and ubiquitous material in our economy and daily lives. It has multiple functions that help tackle a number of the challenges facing our society. Light and innovative materials in cars or planes save fuel and cut CO 2 emissions. High-performance insulation materials help us save on energy bills. In packaging, plastics help ensure food safety and reduce food waste. Combined with 3D printing, bio-compatible plastic materials can save human lives by enabling medical innovation. However, too often the way plastics are currently produced, used and discarded fails to capture the economic benefits of a more 'circular' approach and harms the environment. There is an urgen...",EUR-Lex - 52018DC0028 - EN - EUR-Lex,success,2025-10-27T09:45:35Z,1055,0.1227457824316463,No,NA,NA,NA,High,EC,NA,Joffrey
52019SC0056,faee9355-39d4-11e9-8d04-01aa75ed71a1,COMMISSION STAFF WORKING DOCUMENT Second River Basin Management Plans – Member State: Portugal Accompanying the document REPORT FROM THE COMMISSION TO THE EUROPEAN PARLIAMENT AND THE COUNCIL on the implementation of the Water Framework Directive (2000/60/EC) and the Floods Directive (2007/60/EC) Second River Basin Management Plans First Flood Risk Management Plans,SWD,2019-02-26T00:00:00Z,European Commission,15,manual,SWD,https://eur-lex.europa.eu/legal-content/EN/TXT/?uri=CELEX:52019SC0056,"EUROPEAN COMMISSION Brussels, 26.2.2019 SWD(2019) 56 final COMMISSION STAFF WORKING DOCUMENT Second River Basin Management Plans – Member State: Portugal Accompanying the document REPORT FROM THE COMMISSION TO THE EUROPEAN PARLIAMENT AND THE COUNCIL on the implementation of the Water Framework Directive (2000/60/EC) and the Floods Directive (2007/60/EC) Second River Basin Management Plans First Flood Risk Management Plans {COM(2019) 95 final} - {SWD(2019) 30 final} - {SWD(2019) 31 final} - {SWD(2019) 32 final} - {SWD(2019) 33 final} - {SWD(2019) 34 final} - {SWD(2019) 35 final} - {SWD(2019) 36 final} - {SWD(2019) 37 final} - {SWD(2019) 38 final} - {SWD(2019) 39 final} - {SWD(2019) 40 final} - {SWD(2019) 41 final} - {SWD(2019) 42 final} - {SWD(2019) 43 final} - {SWD(2019) 44 final} - {SWD(2019) 45 final} - {SWD(2019) 46 final} - {SWD(2019) 47 final} - {SWD(2019) 48 final} - {SWD(2019) 49 final} - {SWD(2019) 50 final} - {SWD(2019) 51 final} - {SWD(2019) 52 final} - {SWD(2019) 53 final...",EUR-Lex - 52019SC0056 - EN - EUR-Lex,success,2025-10-27T10:31:16Z,3515,0.0963673749143248,No,NA,NA,NA,High,EC,NA,Joffrey
51991PC0156(02),d41afde8-81bd-453e-8e9c-5e27f6f11a52,PROPOSAL FOR A COUNCIL REGULATION ( EEC ) ON THE CONCLUSION OF PROTOCOL NO 2 ESTABLISHING FOR THE PERIOD 1 APRIL 1991 TO 29 FEBRUARY 1992 THE CRAWFISH FISHING OPPORTUNITIES AND CORRESPONDING FINANCIAL COMPENSATION PROVIDED FOR IN THE AGREEMENT BETWEEN THE EUROPEAN ECONOMIC COMMUNITY AND THE KINGDOM OF MOROCCO,PROP_REG,1991-05-07T00:00:00Z,European Commission,11,proposal,NA,https://eur-lex.europa.eu/legal-content/EN/TXT/?uri=CELEX:51991PC0156(02),"Do you want to help improving EUR-Lex ? This is a list of experimental features that you can enable. These features are still under development; they are not fully tested, and might reduce EUR-Lex stability. Don't forget to give your feedback! This document is an excerpt from the EUR-Lex website EU law EU case-law Official Journal National law and case-law Information Document 51991PC0156(02) PROPOSAL FOR A COUNCIL REGULATION ( EEC ) ON THE CONCLUSION OF PROTOCOL NO 2 ESTABLISHING FOR THE PERIOD 1 APRIL 1991 TO 29 FEBRUARY 1992 THE CRAWFISH FISHING OPPORTUNITIES AND CORRESPONDING FINANCIAL COMPENSATION PROVIDED FOR IN THE AGREEMENT BETWEEN THE EUROPEAN ECONOMIC COMMUNITY AND THE KINGDOM OF MOROCCO PROPOSAL FOR A COUNCIL REGULATION ( EEC ) ON THE CONCLUSION OF PROTOCOL NO 2 ESTABLISHING FOR THE PERIOD 1 APRIL 1991 TO 29 FEBRUARY 1992 THE CRAWFISH FISHING OPPORTUNITIES AND CORRESPONDING FINANCIAL COMPENSATION PROVIDED FOR IN THE AGREEMENT BETWEEN THE EUROPEAN ECONOMIC COMMUNITY AND TH...",EUR-Lex - 51991PC0156(02) - EN - EUR-Lex,success,2025-10-25T20:23:01Z,6,0.037037037037037,No,NA,NA,NA,High,EC,NA,Joffrey
52014PC0189,55aa400a-ba69-11e3-86f9-01aa75ed71a1,"Proposal for a COUNCIL DECISION on the signing, on behalf of the European Union, and provisional application of the Protocol setting out the fishing opportunities and the financial contribution provided for in the Fisheries Partnership Agreement between the European Union and the Democratic Republic of São Tomé and Príncipe",PROP_DEC_NO_ADDRESSEE,2014-04-01T00:00:00Z,European Commission,11,proposal,NA,https://eur-lex.europa.eu/legal-content/EN/TXT/?uri=CELEX:52014PC0189,"| 52014PC0189 Proposal for a COUNCIL DECISION on the signing, on behalf of the European Union, and provisional application of the Protocol setting out the fishing opportunities and the financial contribution provided for in the Fisheries Partnership Agreement between the European Union and the Democratic Republic of São Tomé and Príncipe /* COM/2014/0189 final - 2014/0114 (NLE) */ EXPLANATORY MEMORANDUM 1.           CONTEXT OF THE PROPOSAL The Council authorised the European
Commission to negotiate, on behalf of the European Union, the renewal of the
Protocol to the Fisheries Partnership Agreement with the Democratic Republic of
São Tomé and Príncipe. At the end of the negotiations a new draft protocol was
initialled by the negotiators on 19 December 2013. The new Protocol covers a
period of four years from the date of the provisional application laid down in
Article 14, that being the date on which this new Protocol was signed. The main purpose of the Protocol to the
Agreeme...",EUR-Lex - 52014PC0189 - EN - EUR-Lex,success,2025-10-25T21:28:24Z,372,0.0357967667436489,No,NA,NA,NA,High,EC,NA,Joffrey
52014SC0133,6ad783d2-bf04-11e3-86f9-01aa75ed71a1,"COMMISSION STAFF WORKING DOCUMENT EU Policies contributing to Disaster Risk Management Accompanying the document Communication from the Commission to the European Parliament, the Council, the European Economic and Social Committee and the Committee of the Regions The post 2015 Hyogo Framework for Action: Managing risks to achieve resilience",SWD,2014-04-08T00:00:00Z,European Commission,11,manual,SWD,https://eur-lex.europa.eu/legal-content/EN/TXT/?uri=CELEX:52014SC0133,"| 52014SC0133 COMMISSION STAFF WORKING DOCUMENT EU Policies contributing to Disaster Risk Management Accompanying the document Communication from the Commission to the European Parliament, the Council, the European Economic and Social Committee and the Committee of the Regions The post 2015 Hyogo Framework for Action: Managing risks to achieve resilience /* SWD/2014/0133 final */ ""The post 2015 Hyogo Framework for Action: Managing risks to achieve resilience"" EU Policies contributing to Disaster Risk Management Policy area || EU strategies, legislation or programmes || Relevance for disaster risk management Civil protection || Decision 1313/2013 on a Union Civil Protection Mechanism       COM(2009) 82 Communication on a 'Community approach to the prevention of natural and man-made disasters' || Strengthens the cooperation between the Union and the Member States and facilitates coordination in the field of civil protection in order to improve the effectiveness of systems for preventi...",EUR-Lex - 52014SC0133 - EN - EUR-Lex,success,2025-10-26T22:03:46Z,252,0.0881427072402938,No,NA,NA,NA,High,EC,NA,Joffrey
52018PC0355,ce41ab0a-5f37-11e8-ab9c-01aa75ed71a1,Proposal for a REGULATION OF THE EUROPEAN PARLIAMENT AND OF THE COUNCIL amending Regulation (EU) 2016/1011 on low carbon benchmarks and positive carbon impact benchmarks,PROP_REG,2018-05-24T00:00:00Z,European Commission,15,proposal,NA,https://eur-lex.europa.eu/legal-content/EN/TXT/?uri=CELEX:52018PC0355,"EUROPEAN COMMISSION Brussels,24.5.2018 COM(2018) 355 final 2018/0180(COD) Proposal for a REGULATION OF THE EUROPEAN PARLIAMENT AND OF THE COUNCIL amending Regulation (EU) 2016/1011 on low carbon benchmarks and positive carbon impact benchmarks (Text with EEA relevance) {SEC(2018) 257 final} {SWD(2018) 264 final} {SWD(2018) 265 final} EXPLANATORY MEMORANDUM 1. CONTEXT OF THE PROPOSAL • Reasons for and objectives of the proposal This proposal is part of a broader Commission's initiative on sustainable development. It lays the foundation for an EU framework which puts Environmental, Social and Governance (ESG) considerations at the heart of the financial system to support transforming Europe's economy into a greener, more resilient and circular system. To make investments more sustainable ESG factors should be considered in the investment decision making process to make investments more sustainable, when taking into account gas emissions, resource depletion, or working conditions. This...",EUR-Lex - 52018PC0355 - EN - EUR-Lex,success,2025-10-26T06:55:04Z,425,0.0581395348837209,Yes,Neoclassical,GG-Keynesianism,NA,High,EC,NA,Joffrey
52019SC0073,9c32e878-39d5-11e9-8d04-01aa75ed71a1,COMMISSION STAFF WORKING DOCUMENT First Flood Risk Management Plans - Member State: Luxembourg Accompanying the document REPORT FROM THE COMMISSION TO THE EUROPEAN PARLIAMENT AND THE COUNCIL on the implementation of the Water Framework Directive (2000/60/EC) and the Floods Directive (2007/60/EC) Second River Basin Management Plans First Flood Risk Management Plans,SWD,2019-02-26T00:00:00Z,European Commission,15,manual,SWD,https://eur-lex.europa.eu/legal-content/EN/TXT/?uri=CELEX:52019SC0073,"EUROPEAN COMMISSION Brussels, 26.2.2019 SWD(2019) 73 final COMMISSION STAFF WORKING DOCUMENT First Flood Risk Management Plans - Member State: Luxembourg Accompanying the document REPORT FROM THE COMMISSION TO THE EUROPEAN PARLIAMENT AND THE COUNCIL on the implementation of the Water Framework Directive (2000/60/EC) and the Floods Directive (2007/60/EC) Second River Basin Management Plans First Flood Risk Management Plans {COM(2019) 95 final} - {SWD(2019) 30 final} - {SWD(2019) 31 final} - {SWD(2019) 32 final} - {SWD(2019) 33 final} - {SWD(2019) 34 final} - {SWD(2019) 35 final} - {SWD(2019) 36 final} - {SWD(2019) 37 final} - {SWD(2019) 38 final} - {SWD(2019) 39 final} - {SWD(2019) 40 final} - {SWD(2019) 41 final} - {SWD(2019) 42 final} - {SWD(2019) 43 final} - {SWD(2019) 44 final} - {SWD(2019) 45 final} - {SWD(2019) 46 final} - {SWD(2019) 47 final} - {SWD(2019) 48 final} - {SWD(2019) 49 final} - {SWD(2019) 50 final} - {SWD(2019) 51 final} - {SWD(2019) 52 final} - {SWD(2019) 53 final...",EUR-Lex - 52019SC0073 - EN - EUR-Lex,success,2025-10-27T10:33:00Z,657,0.0573348459725979,No,NA,NA,NA,High,EC,NA,Joffrey
52018PC0624,ea2a799b-b732-11e8-99ee-01aa75ed71a1,"Proposal for a COUNCIL DECISION on the position to be taken on behalf of the European Union in the International Maritime Organization’s Marine Environment Protection Committee and Maritime Safety Committee on the adoption of amendments to regulation 14.1 of Annex VI to the International Convention for the Prevention of Pollution from Ships and to the International Code on the Enhanced Programme of Inspections During Surveys of Bulk Carriers and Oil Tankers, 2011",PROP_DEC,2018-09-13T00:00:00Z,European Commission,7,proposal,NA,https://eur-lex.europa.eu/legal-content/EN/TXT/?uri=CELEX:52018PC0624,"EUROPEAN COMMISSION Brussels, 13.9.2018 COM(2018) 624 final 2018/0325(NLE) Proposal for a COUNCIL DECISION on the position to be taken on behalf of the European Union in the International Maritime Organization’s Marine Environment Protection Committee and Maritime Safety Committee on the adoption of amendments to regulation 14.1 of Annex VI to the  International Convention for the Prevention of Pollution from Ships  and to the International Code on the Enhanced Programme of Inspections During Surveys of Bulk Carriers and Oil Tankers, 2011 EXPLANATORY MEMORANDUM 1. Subject-matter of the proposal This proposal concerns the decision establishing the position to be taken on the Union’s behalf at the 73 rd session of the International Maritime Organization’s Marine Environment Protection Committee and at the 100 th session of the International Maritime Organization’s Maritime Safety Committee in connection with the envisaged adoption of amendments to regulation 14 of MARPOL Annex VI and ...",EUR-Lex - 52018PC0624 - EN - EUR-Lex,success,2025-10-25T07:46:06Z,157,0.0563734290843806,No,NA,NA,NA,High,EC,NA,Joffrey
52025PC0168,fb03c339-15ef-11f0-b1a3-01aa75ed71a1,Proposal for a COUNCIL DECISION on the position to be taken on behalf of the European Union in the Council of Members of the International Olive Council (IOC) as regards the trade standard for olive oil and olive pomace oil,PROP_DEC,2025-04-10T00:00:00Z,European Commission,11,proposal,NA,https://eur-lex.europa.eu/legal-content/EN/TXT/?uri=CELEX:52025PC0168,"EUROPEAN COMMISSION Brussels, 10.4.2025 COM(2025) 168 final 2025/0088(NLE) Proposal for a COUNCIL DECISION on the position to be taken on behalf of the European Union in the Council of Members of the International Olive Council (IOC) as regards the trade standard for olive oil and olive pomace oil {SWD(2025) 81 final} EXPLANATORY MEMORANDUM 1. Subject matter of the proposal This proposal concerns the decision establishing the position to be taken on the Union's behalf in the Council of Members of the International Olive Council (""IOC"") in connection with the envisaged adoption of a decision in relation to the Trade Standard for olive oil and olive-pomace oil. 2. Context of the proposal 2.1. The International Agreement on Olive Oil and Table Olives, 2015 The International Agreement on Olive Oil and Table Olives, 2015 (‘the Agreement’) aims (i) to seek to achieve uniformity in national and international legislation relating to the physico-chemical and organoleptic characteristics of o...",EUR-Lex - 52025PC0168 - EN - EUR-Lex,success,2025-10-25T15:54:12Z,106,0.051556420233463,No,NA,NA,NA,High,EC,NA,Joffrey
52019SC0063,4cfac1ac-39d5-11e9-8d04-01aa75ed71a1,COMMISSION STAFF WORKING DOCUMENT First Flood Risk Management Plans - Member State: Germany Accompanying the document REPORT FROM THE COMMISSION TO THE EUROPEAN PARLIAMENT AND THE COUNCIL on the implementation of the Water Framework Directive (200/60/EC) and the Floods Directive (2007/60/EC) Second River Basin Management Plans First Flood Risk Management Plans,SWD,2019-02-26T00:00:00Z,European Commission,15,manual,SWD,https://eur-lex.europa.eu/legal-content/EN/TXT/?uri=CELEX:52019SC0063,"EUROPEAN COMMISSION Brussels, 26.2.2019 SWD(2019) 63 final COMMISSION STAFF WORKING DOCUMENT First Flood Risk Management Plans - Member State: Germany Accompanying the document REPORT FROM THE COMMISSION TO THE EUROPEAN PARLIAMENT AND THE COUNCIL on the implementation of the Water Framework Directive (200/60/EC) and the Floods Directive (2007/60/EC) Second River Basin Management Plans First Flood Risk Management Plans {COM(2019) 95 final} - {SWD(2019) 30 final} - {SWD(2019) 31 final} - {SWD(2019) 32 final} - {SWD(2019) 33 final} - {SWD(2019) 34 final} - {SWD(2019) 35 final} - {SWD(2019) 36 final} - {SWD(2019) 37 final} - {SWD(2019) 38 final} - {SWD(2019) 39 final} - {SWD(2019) 40 final} - {SWD(2019) 41 final} - {SWD(2019) 42 final} - {SWD(2019) 43 final} - {SWD(2019) 44 final} - {SWD(2019) 45 final} - {SWD(2019) 46 final} - {SWD(2019) 47 final} - {SWD(2019) 48 final} - {SWD(2019) 49 final} - {SWD(2019) 50 final} - {SWD(2019) 51 final} - {SWD(2019) 52 final} - {SWD(2019) 53 final} - ...",EUR-Lex - 52019SC0063 - EN - EUR-Lex,success,2025-10-27T10:31:54Z,764,0.0523323515309267,No,NA,NA,NA,High,EC,NA,Joffrey
52019SC0083,e42e5662-39d5-11e9-8d04-01aa75ed71a1,COMMISSION STAFF WORKING DOCUMENT First Flood Rrisk Management Plans - Member State: Lithuania Accompanying the document REPORT FROM THE COMMISSION TO THE EUROPEAN PARLIAMENT AND THE COUNCIL on the implementation of the Water Framework Directive (2000/60/EC) and the Floods Directive (2007/60/EC) Second River Basin Management Plans First Flood Risk Management Plans,SWD,2019-02-26T00:00:00Z,European Commission,15,manual,SWD,https://eur-lex.europa.eu/legal-content/EN/TXT/?uri=CELEX:52019SC0083,"EUROPEAN COMMISSION Brussels, 26.2.2019 SWD(2019) 83 final COMMISSION STAFF WORKING DOCUMENT First Flood Rrisk Management Plans - Member State: Lithuania Accompanying the document REPORT FROM THE COMMISSION TO THE EUROPEAN PARLIAMENT AND THE COUNCIL on the implementation of the Water Framework Directive (2000/60/EC) and the Floods Directive (2007/60/EC) Second River Basin Management Plans First Flood Risk Management Plans {COM(2019) 95 final} - {SWD(2019) 30 final} - {SWD(2019) 31 final} - {SWD(2019) 32 final} - {SWD(2019) 33 final} - {SWD(2019) 34 final} - {SWD(2019) 35 final} - {SWD(2019) 36 final} - {SWD(2019) 37 final} - {SWD(2019) 38 final} - {SWD(2019) 39 final} - {SWD(2019) 40 final} - {SWD(2019) 41 final} - {SWD(2019) 42 final} - {SWD(2019) 43 final} - {SWD(2019) 44 final} - {SWD(2019) 45 final} - {SWD(2019) 46 final} - {SWD(2019) 47 final} - {SWD(2019) 48 final} - {SWD(2019) 49 final} - {SWD(2019) 50 final} - {SWD(2019) 51 final} - {SWD(2019) 52 final} - {SWD(2019) 53 final...",EUR-Lex - 52019SC0083 - EN - EUR-Lex,success,2025-10-27T10:34:04Z,806,0.067027027027027,No,NA,NA,NA,High,EC,NA,Joffrey
52020PC0216,d17dccb7-9a8d-11ea-aac4-01aa75ed71a1,"Proposal for a COUNCIL DECISION on the position to be taken on behalf of the European Union in the World Forum for Harmonisation of Vehicle Regulations of the United Nations Economic Commission for Europe as regards the proposals for modifications to UN Regulations Nos 13, 14, 16, 22, 30, 41, 78, 79, 83, 94, 95, 101, 108, 109, 117, 129, 137, 138, 140 and 152, as regards the proposals for modifications to Global Technical Regulations Nos 3, 6, 7, 16 and 19, as regards the proposal for amendments to Consolidated Resolution R.E.3. and as regards the proposals for five new UN Regulations in relation to safety, emissions and automation in the area of motor vehicles",PROP_DEC,2020-05-20T00:00:00Z,European Commission,11,proposal,NA,https://eur-lex.europa.eu/legal-content/EN/TXT/?uri=CELEX:52020PC0216,"EUROPEAN COMMISSION Brussels, 20.5.2020 COM(2020) 216 final 2020/0092(NLE) Proposal for a COUNCIL DECISION on the position to be taken on behalf of the European Union in the World Forum for Harmonisation of Vehicle Regulations of the United Nations Economic Commission for Europe as regards the proposals for modifications to UN Regulations Nos 13, 14, 16, 22, 30, 41, 78, 79, 83, 94, 95, 101, 108, 109, 117, 129, 137, 138, 140 and 152, as regards the proposals for modifications to Global Technical Regulations Nos 3, 6, 7, 16 and 19, as regards the proposal for amendments to Consolidated Resolution R.E.3. and as regards the proposals for five new UN Regulations in relation to safety, emissions and automation in the area of motor vehicles EXPLANATORY MEMORANDUM 1. SUBJECT MATTER OF THE PROPOSAL This proposal concerns a decision establishing the position to be taken on the Union’s behalf in one of a permanent working parties in the institutional framework of the United Nations, namely in ...",EUR-Lex - 52020PC0216 - EN - EUR-Lex,success,2025-10-25T15:04:50Z,107,0.0321417843196155,No,NA,NA,NA,High,EC,NA,Joffrey
52007XC0830(01),0a3bd957-9a88-42c5-9c72-d4cc43715a4e,Adoption of six reference documents for the purpose of Council Directive 96/61/EC concerning integrated pollution prevention and control,COMMUNIC,2007-08-30T00:00:00Z,European Commission,15,manual,COMMUNIC,https://eur-lex.europa.eu/legal-content/EN/TXT/?uri=CELEX:52007XC0830(01),"30.8.2007 EN Official Journal of the European Union C 202/2 Adoption of six reference documents for the purpose of Council Directive 96/61/EC concerning integrated pollution prevention and control (2007/C 202/02) On 3 August 2007, the Commission adopted the complete texts of the reference documents on: — best available techniques for large volume inorganic chemicals — solids and others, — best available techniques for speciality inorganic chemicals, — best available techniques for polymers, — best available techniques for ceramic manufacturing industry, — best available techniques for surface treatment using organic solvents, — best available techniques for large volume inorganic chemicals — ammonia, acids and fertilizers. These documents are available on the Internet site: http://eippcb.jrc.es Top",EUR-Lex - 52007XC0830(01) - EN - EUR-Lex,success,2025-10-27T09:23:20Z,3,0.0326086956521739,No,NA,NA,NA,High,EC,NA,Joffrey
52003PC0156,6e5aed9a-78a7-4b9e-9683-76846e183a4b,Proposal for a Council Decision authorising the Portuguese Republic to extend until 9 April 2004 the Agreement on mutual fishery relations with the Republic of South Africa,PROP_DEC,2003-04-01T00:00:00Z,European Commission,11,proposal,NA,https://eur-lex.europa.eu/legal-content/EN/TXT/?uri=CELEX:52003PC0156,"Avis juridique important | 52003PC0156 Proposal for a Council Decision authorising the Portuguese Republic to extend until 9 April 2004 the Agreement on mutual fishery relations with the Republic of South Africa  /* COM/2003/0156 final */ Proposal for a COUNCIL DECISION authorising the Portuguese Republic to extend until 9 April 2004 the Agreement on mutual fishery relations with the Republic of South Africa (presented by the Commission) EXPLANATORY MEMORANDUM On 9 April 1979, the Portuguese Republic signed an agreement on mutual fisheries relations with the Republic of South Africa which entered into force on the same day for an initial period of ten years, and which it was envisaged should subsequently rest in force for an indeterminate period unless it were to be denounced with twelve months notice. Under this fisheries agreement, annual fisheries licence can be granted to vessels flying the Portuguese flag. This was the case since 1989. Article 354 (2) of the Act of Accession of...",EUR-Lex - 52003PC0156 - EN - EUR-Lex,success,2025-10-25T13:22:00Z,15,0.0335570469798657,No,NA,NA,NA,High,EC,NA,Joffrey
52008DC0397,cf8d06ad-6fdf-4189-8f9a-3d2c22df1553,"Communication from the Commission to the European Parliament, the Council, the European Economic and Social Committee and the Committee of the Regions on the Sustainable Consumption and Production and Sustainable Industrial Policy Action Plan {SEC(2008) 2110} {SEC(2008) 2111}",COMMUNIC,2008-06-25T00:00:00Z,European Commission,13,manual,COMMUNIC,https://eur-lex.europa.eu/legal-content/EN/TXT/?uri=CELEX:52008DC0397,"Important legal notice | 52008DC0397 Communication from the Commission to the European Parliament, the Council, the European Economic and Social Committee and the Committee of the Regions on the Sustainable Consumption and Production and Sustainable Industrial Policy Action Plan {SEC(2008) 2110} {SEC(2008) 2111}  /* COM/2008/0397 final */ [pic] | COMMISSION OF THE EUROPEAN COMMUNITIES | Brussels, 16.7.2008 COM(2008) 397 final COMMUNICATION FROM THE COMMISSION TO THE EUROPEAN PARLIAMENT, THE COUNCIL, THE EUROPEAN ECONOMIC AND SOCIAL COMMITTEE AND THE COMMITTEE OF THE REGIONS on the Sustainable Consumption and Production and Sustainable Industrial Policy Action Plan {SEC(2008) 2110}{SEC(2008) 2111} COMMUNICATION FROM THE COMMISSION TO THE EUROPEAN PARLIAMENT , THE COUNCIL, THE EUROPEAN ECONOMIC AND SOCIAL COMMITTEE AND THE COMMITTEE OF THE REGIONS on the Sustainable Consumption and Production and Sustainable Industrial Policy Action Plan 1. INTRODUCTION The European Union has taken im...",EUR-Lex - 52008DC0397 - EN - EUR-Lex,success,2025-10-27T03:27:33Z,232,0.0575396825396825,No,NA,NA,NA,High,EC,NA,Joffrey
51993PC0227,03ad1c2f-97f2-40c0-9afe-995476b6f2d6,"Proposal for a COUNCIL DECISION authorizing the Member States to provide for derogations from certain provisions of Council Directive 77/93/EEC in respect of wood of conifers (Coniferales) other than of Thuja L., Pinus L. and mixtures with Pinus L., originating in the United States of America",PROP_DEC_NO_ADDRESSEE,1993-05-19T00:00:00Z,European Commission,3,proposal,NA,https://eur-lex.europa.eu/legal-content/EN/TXT/?uri=CELEX:51993PC0227,"Do you want to help improving EUR-Lex ? This is a list of experimental features that you can enable. These features are still under development; they are not fully tested, and might reduce EUR-Lex stability. Don't forget to give your feedback! This document is an excerpt from the EUR-Lex website EU law EU case-law Official Journal National law and case-law Information Document 51993PC0227 Proposal for a COUNCIL DECISION authorizing the Member States to provide for derogations from certain provisions of Council Directive 77/93/EEC in respect of wood of conifers (Coniferales) other than of Thuja L., Pinus L. and mixtures with Pinus L., originating in the United States of America Proposal for a COUNCIL DECISION authorizing the Member States to provide for derogations from certain provisions of Council Directive 77/93/EEC in respect of wood of conifers (Coniferales) other than of Thuja L., Pinus L. and mixtures with Pinus L., originating in the United States of America Proposal for a CO...",EUR-Lex - 51993PC0227 - EN - EUR-Lex,success,2025-10-25T03:50:09Z,6,0.0377358490566037,No,NA,NA,NA,High,EC,NA,Joffrey
52005PC0362(01),7c50f596-007e-4c38-983f-798ce0273adf,"Proposal for a Council Directive on animal health requirements for aquaculture animals and products thereof, and on the prevention and control of certain diseases in aquatic animals {SEC(2005) 1047}",PROP_DIR,2005-08-23T00:00:00Z,European Commission,3,proposal,NA,https://eur-lex.europa.eu/legal-content/EN/TXT/?uri=CELEX:52005PC0362(01),"Important legal notice | 52005PC0362(01) Proposal for a Council Directive on animal health requirements for aquaculture animals and products thereof, and on the prevention and control of certain diseases in aquatic animals {SEC(2005) 1047}  /* COM/2005/0362 final - CNS 2005/0153 */ [pic] | COMMISSION OF THE EUROPEAN COMMUNITIES | Brussels, 23.8.2005 COM(2005) 362 final 2005/0153 (CNS) 2005/0154 (CNS) Proposal for a COUNCIL DIRECTIVE on animal health requirements for aquaculture animals and products thereof, and on the prevention and control of certain diseases in aquatic animals {SEC(2005) 1047} Proposal for a COUNCIL DECISION amending Decision 90/424/EEC on expenditure in the veterinary field (presented by the Commission) EXPLANATORY MEMORANDUM 1. CONTEXT OF THE PROPOSAL ( Grounds for and objectives of the proposal The purpose of this proposal is to update, recast and consolidate the animal health rules in relation to the trade in aquaculture products, including disease prevention ...",EUR-Lex - 52005PC0362(01) - EN - EUR-Lex,success,2025-10-25T03:56:03Z,958,0.0487110387959526,No,NA,NA,NA,High,EC,NA,Joffrey
52006PC0097,04710e53-3bd3-424d-bec9-bf569fda60d6,Proposal for a Council Regulation concerning the conclusion of the Fisheries Partnership Agreement between the European Community and the Republic of Seychelles,PROP_REG,2006-03-06T00:00:00Z,European Commission,11,proposal,NA,https://eur-lex.europa.eu/legal-content/EN/TXT/?uri=CELEX:52006PC0097,"Important legal notice | 52006PC0097 Proposal for a Council Regulation concerning the conclusion of the Fisheries Partnership Agreement between the European Community and the Republic of Seychelles  /* COM/2006/0097 final - CNS 2006/0029 */ [pic] | COMMISSION OF THE EUROPEAN COMMUNITIES | Brussels, 6.3.2006 COM(2006) 97 final 2006/0029 (CNS) Proposal for a COUNCIL REGULATION concerning the conclusion of the Fisheries Partnership Agreement between the European Community and the Republic of Seychelles (presented by the Commission) EXPLANATORY MEMORANDUM Following the Council Conclusions on the Fisheries Partnership Agreements of July 2004, the Community renegotiates all existing framework agreements to be replaced by this new framework. The initialling of the new Fisheries Partnership between the Community and the Seychelles took place in March 2005. Both parties have thereby agreed to a new framework agreement and a fisheries protocol. The new Fisheries Partneship Agreement and the n...",EUR-Lex - 52006PC0097 - EN - EUR-Lex,success,2025-10-25T17:18:24Z,119,0.054462242562929,No,NA,NA,NA,High,EC,NA,Joffrey
52015SC0217,0b599f30-8eac-11e5-983e-01aa75ed71a1,"COMMISSION STAFF WORKING DOCUMENT Country Factsheet Bulgaria Accompanying the document COMMUNICATION FROM THE COMMISSION TO THE EUROPEAN PARLIAMENT, THE COUNCIL, THE EUROPEAN ECONOMIC AND SOCIAL COMMITTEE, THE COMMITTEE OF THE REGIONS AND THE EUROPEAN INVESTMENT BANK State of the Energy Union",SWD,2015-11-18T00:00:00Z,European Commission,12,manual,SWD,https://eur-lex.europa.eu/legal-content/EN/TXT/?uri=CELEX:52015SC0217,"EUROPEAN COMMISSION Brussels, 18.11.2015 SWD(2015) 217 final COMMISSION STAFF WORKING DOCUMENT Country Factsheet Bulgaria Accompanying the document COMMUNICATION FROM THE COMMISSION TO THE EUROPEAN PARLIAMENT, THE COUNCIL, THE EUROPEAN ECONOMIC AND SOCIAL COMMITTEE, THE COMMITTEE OF THE REGIONS AND THE EUROPEAN INVESTMENT BANK State of the Energy Union {COM(2015) 572} {SWD(2015) 208 à 209} {SWD(2015) 218 à 243} Towards an Energy Union Bulgaria Macroeconomic relevance of energy IMPORTANCE OF THE ENERGY SECTOR The energy sector showed a high importance in Bulgaria with a share of 4.1% of value added of the sector compared to the total economy in 2012, considerably higher than the EU average. The share of employment of the energy sector in total employment of 0.9% in 2012 was also higher than the EU average, even though the sector has seen its importance in employment decreasing somewhat since 2005. Source: EUROSTAT – National Accounts According to EurObserv'ER, in 2013, the share of d...",EUR-Lex - 52015SC0217 - EN - EUR-Lex,success,2025-10-26T22:54:01Z,73,0.0368873168266801,Yes,Admin-only,NA,NA,High,EC,NA,Joffrey
51998PC0376,59e5cf26-08c6-41da-a96a-af2b5d24e833,Proposal for a Council Regulation (EC) on the conclusion of the Agreement between the European Community and the Gabonese Republic on fishing off the coast of Gabon,PROP_REG,1998-06-17T00:00:00Z,European Commission,11,proposal,NA,https://eur-lex.europa.eu/legal-content/EN/TXT/?uri=CELEX:51998PC0376,"Avis juridique important | 51998PC0376 Proposal for a Council Regulation (EC) on the conclusion of the Agreement between the European Community and the Gabonese Republic on fishing off the coast of Gabon  /* COM/98/0376 final - CNS 98/0212 */ Official Journal C 240 , 31/07/1998 P. 0007 Proposal for a Council Regulation (EC) on the conclusion of the Agreement between the European Community and the Gabonese Republic on fishing off the coast of Gabon (98/C 240/05) COM(1998) 376 final - 98/0212(CNS) (Submitted by the Commission on 17 June 1998) THE COUNCIL OF THE EUROPEAN UNION, Having regard to the Treaty establishing the European Community, and in particular Article 43, in conjunction with Article 228(2) and the first subparagraph of Article 228 (3) thereof, Having regard to the proposal from the Commission, Having regard to the opinion of the European Parliament, Whereas the European Community and the Gabonese Republic have negotiated and initialled a Fisheries Agreement providing Co...",EUR-Lex - 51998PC0376 - EN - EUR-Lex,success,2025-10-25T18:41:26Z,149,0.0517002081887578,No,NA,NA,NA,High,EC,NA,Joffrey
52004PC0162,12d4abe3-c2f7-4d72-9811-ece7cb95eabb,"Proposal for a Directive of the European Parliament and of the Council on the type-approval of motor vehicles with regard to their re-usability, recyclability and recoverability and amending Council Directive 70/156/EEC",PROP_DIR,2004-03-11T00:00:00Z,European Commission,13,proposal,NA,https://eur-lex.europa.eu/legal-content/EN/TXT/?uri=CELEX:52004PC0162,"Avis juridique important | 52004PC0162 Proposal for a Directive of the European Parliament and of the Council on the type-approval of motor vehicles with regard to their re-usability, recyclability and recoverability and amending Council Directive 70/156/EEC  /* COM/2004/0162 final - CNS 2004/0054 */ Proposal for a DIRECTIVE OF THE EUROPEAN PARLIAMENT AND OF THE COUNCIL on the type-approval of motor vehicles with regard to their re-usability, recyclability and recoverability and amending Council Directive 70/156/EEC (presented by the Commission) EXPLANATORY MEMORANDUM 1. OBJECTIVE OF THE PROPOSAL This proposal for a Directive lays down the necessary provisions to ensure that new passenger cars and light-duty trucks up to 3 500 kg [1] are designed to comply with required minimum rates with respect to their 're-usability', 'recyclability' and 'recoverability'. [1]  Throughout this explanatory note, the terms 'passenger cars' will be used instead of 'M1 vehicles' and 'light-duty trucks...",EUR-Lex - 52004PC0162 - EN - EUR-Lex,success,2025-10-26T04:33:49Z,500,0.0569800569800569,No,NA,NA,NA,High,EC,NA,Joffrey
52022DC0581,37b5df92-6011-11ed-92ed-01aa75ed71a1,"COMMUNICATION FROM THE COMMISSION TO THE EUROPEAN PARLIAMENT, THE COUNCIL, THE EUROPEAN ECONOMIC AND SOCIAL COMMITTEE AND THE COMMITTEE OF THE REGIONS Revision of the EU action plan against wildlife trafficking",COMMUNIC,2022-11-09T00:00:00Z,European Commission,15,manual,COMMUNIC,https://eur-lex.europa.eu/legal-content/EN/TXT/?uri=CELEX:52022DC0581,"EUROPEAN COMMISSION Brussels, 9.11.2022 COM(2022) 581 final COMMUNICATION FROM THE COMMISSION TO THE EUROPEAN PARLIAMENT, THE COUNCIL, THE EUROPEAN ECONOMIC AND SOCIAL COMMITTEE AND THE COMMITTEE OF THE REGIONS Revision of the EU action plan against wildlife trafficking {SWD(2022) 354 final} - {SWD(2022) 355 final} Revision of the EU action plan against wildlife trafficking Setting the scene December 2022 will be a critical moment for preserving global biodiversity. Signatories to the Convention on Biological Diversity (CBD) will meet in Montreal for the conclusion of the 15th conference of parties to the CBD. At the meeting, the signatories will seek to shape global efforts to identify and commit to action to halt and reverse the continued destruction of biodiversity. One month earlier, parties to the Convention on International Trade in Endangered Species of Wild Flora and Fauna (CITES) will meet in Panama to review measures to ensure that international trade in wild animals and p...",EUR-Lex - 52022DC0581 - EN - EUR-Lex,success,2025-10-27T09:52:20Z,332,0.0718770296600996,No,NA,NA,NA,High,EC,NA,Joffrey
51996PC0455,a57d8684-570b-4516-8bab-d3c6e05e5eaf,Proposal for a COUNCIL DIRECTIVE AMENDING DIRECTIVE 93/75/EEC CONCERNING MINIMUM REQUIREMENTS FOR VESSELS BOUND FOR OR LEAVING COMMUNITY PORTS AND CARRYING DANGEROUS OR POLLUTING GOODS,PROP_DIR,1996-09-23T00:00:00Z,European Commission,7,proposal,NA,https://eur-lex.europa.eu/legal-content/EN/TXT/?uri=CELEX:51996PC0455,"Avis juridique important | 51996PC0455 Proposal for a COUNCIL DIRECTIVE AMENDING DIRECTIVE 93/75/EEC CONCERNING MINIMUM REQUIREMENTS FOR VESSELS BOUND FOR OR LEAVING COMMUNITY PORTS AND CARRYING DANGEROUS OR POLLUTING GOODS  /* COM/96/0455 FINAL - SYN 96/0231 */ Official Journal C 334 , 08/11/1996 P. 0011 Proposal for a  Council Directive amending Directive 93/75/EEC concerning minimum requirements for vessels bound  for or leaving Community ports and carrying dangerous or polluting goods (96/C  334/07) (Text with  EEA relevance) COM(96) 455 final - 96/0231(SYN) (Submitted by the Commission on 29 September  1996) THE COUNCIL OF THE EUROPEAN UNION, Having regard to the Treaty establishing the European Community and, in particular, Article 84 (2)  thereof, Having regard to the proposal from the Commission, Having regard to the opinion of the Economic and Social Committee, Acting in accordance with the procedure referred to in Article 189 c of the Treaty, Whereas Directive 93/75/EEC, a...",EUR-Lex - 51996PC0455 - EN - EUR-Lex,success,2025-10-25T08:24:56Z,23,0.0466531440162271,No,NA,NA,NA,High,EC,NA,Joffrey
52017SC0407,e03a90d6-d4f5-11e7-a5b9-01aa75ed71a1,"COMMISSION STAFF WORKING DOCUMENT Energy Union Factsheet Poland Accompanying the document COMMUNICATION FROM THE COMMISSION TO THE EUROPEAN PARLIAMENT, THE COUNCIL, THE EUROPEAN ECONOMIC AND SOCIAL COMMITTEE, THE COMMITTEE OF THE REGIONS AND THE EUROPEAN INVESTMENT BANK Third Report on the State of the Energy Union",SWD,2017-11-23T00:00:00Z,European Commission,12,manual,SWD,https://eur-lex.europa.eu/legal-content/EN/TXT/?uri=CELEX:52017SC0407,"EUROPEAN COMMISSION Brussels, 23.11.2017 SWD(2017) 407 final COMMISSION STAFF WORKING DOCUMENT Energy Union Factsheet Poland FMT:ItalicAccompanying the document/FMT COMMUNICATION FROM THE COMMISSION TO THE EUROPEAN PARLIAMENT, THE COUNCIL, THE EUROPEAN ECONOMIC AND SOCIAL COMMITTEE, THE COMMITTEE OF THE REGIONS AND THE EUROPEAN INVESTMENT BANK Third Report on the State of the Energy Union {COM(2017) 688 final} {SWD(2017) 384 final} {SWD(2017) 385 final} {SWD(2017) 386 final} {SWD(2017) 387 final} {SWD(2017) 388 final} {SWD(2017) 389 final} {SWD(2017) 390 final} {SWD(2017) 391 final} {SWD(2017) 392 final} {SWD(2017) 393 final} {SWD(2017) 394 final} {SWD(2017) 395 final} {SWD(2017) 396 final} {SWD(2017) 397 final} {SWD(2017) 398 final} {SWD(2017) 399 final} {SWD(2017) 401 final} {SWD(2017) 402 final} {SWD(2017) 404 final} {SWD(2017) 405 final} {SWD(2017) 406 final} {SWD(2017) 408 final} {SWD(2017) 409 final} {SWD(2017) 411 final} {SWD(2017) 412 final} {SWD(2017) 413 final} {SWD(2017) ...",EUR-Lex - 52017SC0407 - EN - EUR-Lex,success,2025-10-26T23:06:04Z,293,0.048768308921438,Yes,Admin-only,NA,NA,High,EC,NA,Joffrey
52005PC0366,74392964-57e5-43f4-a382-eba3b7178f65,Proposal for a Regulation of the European Parliament and of the Council on statistics of goods transport by inland waterways,PROP_REG,2005-08-08T00:00:00Z,European Commission,7,proposal,NA,https://eur-lex.europa.eu/legal-content/EN/TXT/?uri=CELEX:52005PC0366,"Important legal notice | 52005PC0366 Proposal for a Regulation of the European Parliament and of the Council on statistics of goods transport by inland waterways  /* COM/2005/0366 final - COD 2005/0150 */ [pic] | COMMISSION OF THE EUROPEAN COMMUNITIES | Brussels, 8.8.2005 COM(2005) 366 final 2005/0150 (COD) Proposal for a REGULATION OF THE EUROPEAN PARLIAMENT AND OF THE COUNCIL on statistics of goods transport by inland waterways (presented by the Commission) EXPLANATORY MEMORANDUM Overall justification and objective 1. The promotion of inland waterways transport is an important part of the Common Transport Policy, on the grounds both of economic efficiency and of reducing the energy consumption and the environmental impacts of transport. This overall objective has been pursued in a series of Community measures, notably in Commission strategy documents such as the white paper on European transport policy for 2010 . In addition, inland waterways transport has also been promoted by ma...",EUR-Lex - 52005PC0366 - EN - EUR-Lex,success,2025-10-25T08:01:56Z,100,0.0379939209726443,No,NA,NA,NA,High,EC,NA,Joffrey
52010XC0619(02),ba02fe6c-640e-4d37-951f-c815ac76f916,Communication from the Commission on the practical implementation of the EU biofuels and bioliquids sustainability scheme and on counting rules for biofuels,COMMUNIC,2010-06-19T00:00:00Z,European Commission,12,manual,COMMUNIC,https://eur-lex.europa.eu/legal-content/EN/TXT/?uri=CELEX:52010XC0619(02),"19.6.2010 EN Official Journal of the European Union C 160/8 Communication from the Commission on the practical implementation of the EU biofuels and bioliquids sustainability scheme and on counting rules for biofuels 2010/C 160/02 1. THE EU SUSTAINABILITY SCHEME FOR BIOFUELS AND BIOLIQUIDS With the EU’s new renewable energy policy the EU has introduced the most comprehensive and advanced binding sustainability scheme of its kind anywhere in the world. It will apply equally to domestically produced and imported biofuels and bioliquids. These sustainability criteria are set out in the Renewable Energy Directive, adopted in 2009 ( 1 ) . For biofuels, corresponding criteria are set out in the Fuel Quality Directive ( 2 ) . This Communication sets out how Member States and economic operators can implement the sustainability criteria and the Renewable Energy Directive's counting rules for biofuels in practice. This Communication has no binding character. It is designed to assist Member St...",EUR-Lex - 52010XC0619(02) - EN - EUR-Lex,success,2025-10-26T22:27:15Z,422,0.1028515720204728,Yes,Neoclassical,NA,NA,High,EC,NA,Joffrey
51993PC0682,94a6c426-256f-4c56-93f9-d2599fc6a679,Proposal for a COUNCIL REGULATION (EC) laying down special measures for the import of olive oil from Tunisia,PROP_REG,1993-12-16T00:00:00Z,European Commission,3,proposal,NA,https://eur-lex.europa.eu/legal-content/EN/TXT/?uri=CELEX:51993PC0682,"Do you want to help improving EUR-Lex ? This is a list of experimental features that you can enable. These features are still under development; they are not fully tested, and might reduce EUR-Lex stability. Don't forget to give your feedback! This document is an excerpt from the EUR-Lex website EU law EU case-law Official Journal National law and case-law Information Document 51993PC0682 Proposal for a COUNCIL REGULATION (EC) laying down special measures for the import of olive oil from Tunisia Proposal for a COUNCIL REGULATION (EC) laying down special measures for the import of olive oil from Tunisia Proposal for a COUNCIL REGULATION (EC) laying down special measures for the import of olive oil from Tunisia /* COM/93/682FINAL */",EUR-Lex - 51993PC0682 - EN - EUR-Lex,success,2025-10-25T02:12:23Z,6,0.0612244897959183,NA,NA,NA,NA,NA,EC,Cannot access this document,Joffrey
51991PC0156(01),264cb399-900f-447e-8aae-e6f640113bd2,PROPOSAL FOR A COUNCIL DECISION ON THE CONCLUSION OF THE AGREEMENT IN THE FORM OF AN EXCHANGE OF LETTERS CONCERNING THE PROVISIONAL APPLICATION OF PROTOCOL NO 2 ESTABLISHING FOR THE PERIOD 1 APRIL 1991 TO 29 FEBRUARY 1992 THE CRAWFISH FISHING OPPORTUNITIES AND THE CORRESPONDING FINANCIAL COMPENSATION PROVIDED FOR IN THE FISHING AGREEMENT BETWEEN THE EUROPEAN ECONOMIC COMMUNITY AND THE KINGDOM OF MOROCCO,PROP_REG,1991-05-07T00:00:00Z,European Commission,11,proposal,NA,https://eur-lex.europa.eu/legal-content/EN/TXT/?uri=CELEX:51991PC0156(01),"Do you want to help improving EUR-Lex ? This is a list of experimental features that you can enable. These features are still under development; they are not fully tested, and might reduce EUR-Lex stability. Don't forget to give your feedback! This document is an excerpt from the EUR-Lex website EU law EU case-law Official Journal National law and case-law Information Document 51991PC0156(01) PROPOSAL FOR A COUNCIL DECISION ON THE CONCLUSION OF THE AGREEMENT IN THE FORM OF AN EXCHANGE OF LETTERS CONCERNING THE PROVISIONAL APPLICATION OF PROTOCOL NO 2 ESTABLISHING FOR THE PERIOD 1 APRIL 1991 TO 29 FEBRUARY 1992 THE CRAWFISH FISHING OPPORTUNITIES AND THE CORRESPONDING FINANCIAL COMPENSATION PROVIDED FOR IN THE FISHING AGREEMENT BETWEEN THE EUROPEAN ECONOMIC COMMUNITY AND THE KINGDOM OF MOROCCO PROPOSAL FOR A COUNCIL DECISION ON THE CONCLUSION OF THE AGREEMENT IN THE FORM OF AN EXCHANGE OF LETTERS CONCERNING THE PROVISIONAL APPLICATION OF PROTOCOL NO 2 ESTABLISHING FOR THE PERIOD 1 APR...",EUR-Lex - 51991PC0156(01) - EN - EUR-Lex,success,2025-10-25T16:41:24Z,9,0.0461538461538461,No,NA,NA,NA,High,EC,NA,Joffrey
52018SC0256,daba6bc3-6256-11e8-ab9c-01aa75ed71a1,COMMISSION STAFF WORKING DOCUMENT Implementation Plan Accompanying the document Proposal for a Directive of the European Parliament and of the Council on the reduction of the impact of certain plastic products on the environment,SWD,2018-05-28T00:00:00Z,European Commission,15,manual,SWD,https://eur-lex.europa.eu/legal-content/EN/TXT/?uri=CELEX:52018SC0256,"EUROPEAN COMMISSION Brussels, 28.5.2018 SWD(2018) 256 final COMMISSION STAFF WORKING DOCUMENT Implementation Plan Accompanying the document Proposal for a Directive of the European Parliament and of the Council on the reduction of the impact of certain plastic products on the environment {COM(2018) 340 final} {SEC(2018) 253 final} {SWD(2018) 254 final} {SWD(2018) 255 final} {SWD(2018) 257 final} IMPLEMENTATION PLAN 1. Introduction The proposed Directive aims to reduce the impact of the two main sources of marine litter in Europe on the environment, in particular the marine environment (hereinafter, “the Directive”). In order to achieve this objective, the proposed Directive sets out specific objectives and measures to reduce the impact of certain single-use plastic products and fishing gear on the environment. The proper and timely transposition and implementation of those measures may raise some challenges. Therefore, the Commission’s services have laid down the present Implementat...",EUR-Lex - 52018SC0256 - EN - EUR-Lex,success,2025-10-27T10:24:11Z,97,0.0530054644808743,No,NA,NA,NA,High,EC,NA,Joffrey
52010XC0828(04),2d7551f5-5f30-4dd4-93e9-cbcaeecaa83c,Publication of an application pursuant to Article 6(2) of Council Regulation (EC) No 510/2006 on the protection of geographical indications and designations of origin for agricultural products and foodstuffs,COMMUNIC,2010-08-28T00:00:00Z,European Commission,3,manual,COMMUNIC,https://eur-lex.europa.eu/legal-content/EN/TXT/?uri=CELEX:52010XC0828(04),"28.8.2010 EN Official Journal of the European Union C 233/20 Publication of an application pursuant to Article 6(2) of Council Regulation (EC) No 510/2006 on the protection of geographical indications and designations of origin for agricultural products and foodstuffs 2010/C 233/08 This publication confers the right to object to the application pursuant to Article 7 of Council Regulation (EC) No 510/2006 ( 1 ) . Statements of objections must reach the Commission within six months from the date of this publication. SINGLE DOCUMENT COUNCIL REGULATION (EC) No 510/2006 ‘ΣΤΑΦΙΔΑ ΗΛΕΙΑΣ’ (STAFIDA ILIAS) EC No: EL-PGI-0005-0707-27.06.2008 PGI ( X ) PDO ( ) 1. Name: ‘Σταφίδα Ηλείας’ (Stafida Ilias) 2. Member State or third country: Greece 3. Description of the agricultural product or foodstuff: 3.1. Type of product: Class 1.6 — Fruit, vegetables and cereals, fresh or processed 3.2. Description of product to which the name in (1) applies: Stafida Ilias is a variety of currant produced from b...",EUR-Lex - 52010XC0828(04) - EN - EUR-Lex,success,2025-10-26T14:37:43Z,36,0.0341555977229601,No,NA,NA,NA,High,EC,NA,Joffrey
52007XC0915(01),fc8ac958-3dae-4026-9921-094b86220968,Communication to arable crop producers about derogation concerning set aside land obligation in 2008,COMMUNIC,2007-09-15T00:00:00Z,European Commission,3,manual,COMMUNIC,https://eur-lex.europa.eu/legal-content/EN/TXT/?uri=CELEX:52007XC0915(01),"15.9.2007 EN Official Journal of the European Union C 217/5 Communication to arable crop producers about derogation concerning set aside land obligation in 2008 (2007/C 217/07) The Commission wishes to draw the attention of Community arable crop producers to the proposal for a Council Regulation adopted by the Commission on 13 September 2007 derogating from Regulation (EC) No 1782/2003 establishing common rules for direct support schemes under the common agricultural policy and establishing certain support schemes for farmers as regards set aside obligation for the year 2008. Under the proposal, currently submitted to Council and Parliament for adoption, the obligatory set aside rate for 2008 would be set at 0 %. Therefore, farmers would not be obliged to set aside land from production in order to be entitled to the amount fixed by the set aside entitlements. Farmers could benefit from the measure for their Autumn 2007 and Spring 2008 sowings. Top",EUR-Lex - 52007XC0915(01) - EN - EUR-Lex,success,2025-10-26T13:02:28Z,5,0.043859649122807,No,NA,NA,NA,High,EC,NA,Joffrey
52003PC0601,70718cac-3987-43f9-9410-253229013f78,"Proposal for a Council Decision on the conclusion of the Agreement in the form of an Exchange of Letters relating to the provisional application of the Protocol modifying the Fourth Protocol laying down the conditions relating to fishing provided for in the Agreement on fisheries between the European Economic Community, on the one hand, and the Government of Denmark and the Local Government of Greenland, on the other, with regard to the provision for experimental fisheries",PROP_DEC_NO_ADDRESSEE,2003-10-16T00:00:00Z,European Commission,11,proposal,NA,https://eur-lex.europa.eu/legal-content/EN/TXT/?uri=CELEX:52003PC0601,"Avis juridique important | 52003PC0601 Proposal for a Council Decision on the conclusion of the Agreement in the form of an Exchange of Letters relating to the provisional application of the Protocol modifying the Fourth Protocol laying down the conditions relating to fishing provided for in the Agreement on fisheries between the European Economic Community, on the one hand, and the Government of Denmark and the Local Government of Greenland, on the other, with regard to the provision for experimental fisheries  /* COM/2003/0601 final */ Proposal for a COUNCIL DECISION on the conclusion of the Agreement in the form of an Exchange of Letters relating to the provisional application of the Protocol modifying the Fourth Protocol laying down the conditions relating to fishing provided for in the Agreement on fisheries between the European Economic Community, on the one hand, and the Government of Denmark and the Local Government of Greenland, on the other, with regard to the provision fo...",EUR-Lex - 52003PC0601 - EN - EUR-Lex,success,2025-10-25T22:55:58Z,175,0.0432525951557093,No,NA,NA,NA,High,EC,NA,Joffrey
52020SC0390,43dc44a8-412b-11eb-b27b-01aa75ed71a1,"COMMISSION STAFF WORKING DOCUMENT Commission recommendations for Sweden’s CAP strategic plan Accompanying the document COMMUNICATION FROM THE COMMISSION TO THE EUROPEAN PARLIAMENT, THE COUNCIL, THE EUROPEAN ECONOMIC AND SOCIAL COMMITTEE AND THE COMMITTEE OF THE REGIONS Recommendations to the Member States as regards their strategic plan for the Common Agricultural Policy",SWD,2020-12-18T00:00:00Z,European Commission,3,manual,SWD,https://eur-lex.europa.eu/legal-content/EN/TXT/?uri=CELEX:52020SC0390,"EUROPEAN COMMISSION Brussels, 18.12.2020 SWD(2020) 390 final COMMISSION STAFF WORKING DOCUMENT Commission recommendations for Sweden’s CAP strategic plan Accompanying the document COMMUNICATION FROM THE COMMISSION TO THE EUROPEAN PARLIAMENT, THE COUNCIL, THE EUROPEAN ECONOMIC AND SOCIAL COMMITTEE AND THE COMMITTEE OF THE REGIONS Recommendations to the Member States as regards their strategic plan for the Common Agricultural Policy {COM(2020) 846 final} - {SWD(2020) 367 final} - {SWD(2020) 368 final} - {SWD(2020) 369 final} - {SWD(2020) 370 final} - {SWD(2020) 371 final} - {SWD(2020) 372 final} - {SWD(2020) 373 final} - {SWD(2020) 374 final} - {SWD(2020) 375 final} - {SWD(2020) 376 final} - {SWD(2020) 377 final} - {SWD(2020) 379 final} - {SWD(2020) 384 final} - {SWD(2020) 385 final} - {SWD(2020) 386 final} - {SWD(2020) 387 final} - {SWD(2020) 388 final} - {SWD(2020) 389 final} - {SWD(2020) 391 final} - {SWD(2020) 392 final} - {SWD(2020) 393 final} - {SWD(2020) 394 final} - {SWD(2020)...",EUR-Lex - 52020SC0390 - EN - EUR-Lex,success,2025-10-26T15:19:17Z,944,0.0848158131176999,Yes,Admin-only,NA,NA,High,EC,NA,Joffrey
52009PC0474,b9ca2a03-533f-40f7-8423-28ba2f9901bf,Proposal for a Council Decision on the establishment of the Community position to be adopted in the South East Atlantic Fisheries Organisation,PROP_DEC_NO_ADDRESSEE,2009-09-15T00:00:00Z,European Commission,11,proposal,NA,https://eur-lex.europa.eu/legal-content/EN/TXT/?uri=CELEX:52009PC0474,"Important legal notice | 52009PC0474 Proposal for a Council Decision on the establishment of the Community position to be adopted in the South East Atlantic Fisheries Organisation  /* COM/2009/0474 final */ [pic] | COMMISSION OF THE EUROPEAN COMMUNITIES | Brussels, 15.9.2009 COM(2009) 474 final Proposal for a COUNCIL DECISION on the establishment of the Community position to be adopted in the South East Atlantic Fisheries Organisation EXPLANATORY MEMORANDUM According to the second subparagraph of Article 300(2) of the EC Treaty, the positions to be adopted on behalf of the Community in Regional Fisheries Management Organisations when they are called upon to adopt decisions having legal effects, with the exception of decisions supplementing or amending their institutional framework, must be decided on by the Council, acting by a qualified majority on a proposal from the Commission. In view of this obligation, and following similar Council Decisions and proposals from the European Com...",EUR-Lex - 52009PC0474 - EN - EUR-Lex,success,2025-10-25T21:26:36Z,74,0.095360824742268,No,NA,NA,NA,High,EC,NA,Joffrey
52015SC0259,d27fc74e-999e-11e5-b3b7-01aa75ed71a1,"COMMISSION STAFF WORKING DOCUMENT Additional analysis to complement the impact assessment SWD (2014) 208 supporting the review of EU waste management targets Accompanying the document Proposal for a Directive of the European Parliament and of the Council amending Directive 2008/98/EC on waste Proposal for a Directive of the European Parliament and of the Council amending Directive 94/62/EC on packaging and packaging waste Proposal for a Directive of the European Parliament and of the Council amending Directive 1999/31/EC on the landfill of waste Proposal for a Directive of the European Parliament and of the Council amending Directives 2000/53/EC on end-of-life vehicles, 2006/66/EC on batteries and accumulators and waste batteries and accumulators, and 2012/19/EC on waste electrical and electronic equipment",SWD,2015-12-02T00:00:00Z,European Commission,15,manual,SWD,https://eur-lex.europa.eu/legal-content/EN/TXT/?uri=CELEX:52015SC0259,"EUROPEAN COMMISSION Brussels, 2.12.2015 SWD(2015) 259 final COMMISSION STAFF WORKING DOCUMENT Additional analysis to complement the impact assessment SWD (2014) 208 supporting the review of EU waste management targets Accompanying the document Proposal for a Directive of the European Parliament and of the Council amending Directive 2008/98/EC on waste Proposal for a Directive of the European Parliament and of the Council amending Directive 94/62/EC on packaging and packaging waste Proposal for a Directive of the European Parliament and of the Council amending Directive 1999/31/EC on the landfill of waste Proposal for a Directive of the European Parliament and of the Council amending Directives 2000/53/EC on end-of-life vehicles, 2006/66/EC on batteries and accumulators and waste batteries and accumulators, and 2012/19/EC on waste electrical and electronic equipment {COM(2015) 593 final} {COM(2015) 594 final} {COM(2015) 595 final} {COM(2015) 596 final} Table of Contents 1. Introducti...",EUR-Lex - 52015SC0259 - EN - EUR-Lex,success,2025-10-27T10:08:21Z,311,0.0485406586545965,No,NA,NA,NA,High,EC,NA,Joffrey
51970FC0221,a58df026-784f-4853-8a5f-c94e626894a7,Proposal for a Directive …/…/EC of the European Parliament and of the Council of […] on fuel tanks and rear underrun protection of motor vehicles and their trailers (codified version),DIR_DRAFT,2007-03-21T00:00:00Z,European Commission,13,proposal,NA,https://eur-lex.europa.eu/legal-content/EN/TXT/?uri=CELEX:51970FC0221,"Do you want to help improving EUR-Lex ? This is a list of experimental features that you can enable. These features are still under development; they are not fully tested, and might reduce EUR-Lex stability. Don't forget to give your feedback! This document is an excerpt from the EUR-Lex website EU law EU case-law Official Journal National law and case-law Information Document 51970FC0221 Proposal for a Directive …/…/EC of the European Parliament and of the Council of […] on fuel tanks and rear underrun protection of motor vehicles and their trailers (codified version) Proposal for a Directive …/…/EC of the European Parliament and of the Council of […] on fuel tanks and rear underrun protection of motor vehicles and their trailers (codified version) Proposal for a Directive …/…/EC of the European Parliament and of the Council of […] on fuel tanks and rear underrun protection of motor vehicles and their trailers (codified version) Please be aware that this draft act does not constitu...",EUR-Lex - 51970FC0221 - EN - EUR-Lex,success,2025-10-26T06:35:27Z,6,0.0444444444444444,No,NA,NA,NA,High,EC,NA,Joffrey
52019SC0072,95fddb97-39d5-11e9-8d04-01aa75ed71a1,COMMISSION STAFF WORKING DOCUMENT First Flood Risk Management Plans - Member State: Malta Accompanying the document REPORT FROM THE COMMISSION TO THE EUROPEAN PARLIAMENT AND THE COUNCIL on the implementation of the Water Framework Directive (2000/60/EC) and the Floods Directive (2007/60/EC) Second River Basin Management Plans First Flood Risk Management Plans,SWD,2019-02-26T00:00:00Z,European Commission,15,manual,SWD,https://eur-lex.europa.eu/legal-content/EN/TXT/?uri=CELEX:52019SC0072,"EUROPEAN COMMISSION Brussels, 26.2.2019 SWD(2019) 72 final COMMISSION STAFF WORKING DOCUMENT First Flood Risk Management Plans - Member State: Malta Accompanying the document REPORT FROM THE COMMISSION TO THE EUROPEAN PARLIAMENT AND THE COUNCIL on the implementation of the Water Framework Directive (2000/60/EC) and the Floods Directive (2007/60/EC) Second River Basin Management Plans First Flood Risk Management Plans {COM(2019) 95 final} - {SWD(2019) 30 final} - {SWD(2019) 31 final} - {SWD(2019) 32 final} - {SWD(2019) 33 final} - {SWD(2019) 34 final} - {SWD(2019) 35 final} - {SWD(2019) 36 final} - {SWD(2019) 37 final} - {SWD(2019) 38 final} - {SWD(2019) 39 final} - {SWD(2019) 40 final} - {SWD(2019) 41 final} - {SWD(2019) 42 final} - {SWD(2019) 43 final} - {SWD(2019) 44 final} - {SWD(2019) 45 final} - {SWD(2019) 46 final} - {SWD(2019) 47 final} - {SWD(2019) 48 final} - {SWD(2019) 49 final} - {SWD(2019) 50 final} - {SWD(2019) 51 final} - {SWD(2019) 52 final} - {SWD(2019) 53 final} - {...",EUR-Lex - 52019SC0072 - EN - EUR-Lex,success,2025-10-27T10:32:55Z,951,0.0836779586449626,No,NA,NA,NA,High,EC,NA,Joffrey
51992SC2267,a385d8e5-eb06-4d5e-ae9e-dfca7fb8a0b7,COMMUNICATION FROM THE COMMISSION - Agriculture in the GATT negotiations and the reform of the CAP,COMMUNIC,1992-11-25T00:00:00Z,European Commission,3,manual,COMMUNIC,https://eur-lex.europa.eu/legal-content/EN/TXT/?uri=CELEX:51992SC2267,"Do you want to help improving EUR-Lex ? This is a list of experimental features that you can enable. These features are still under development; they are not fully tested, and might reduce EUR-Lex stability. Don't forget to give your feedback! This document is an excerpt from the EUR-Lex website EU law EU case-law Official Journal National law and case-law Information Document 51992SC2267 COMMUNICATION FROM THE COMMISSION - Agriculture in the GATT negotiations and the reform of the CAP COMMUNICATION FROM THE COMMISSION - Agriculture in the GATT negotiations and the reform of the CAP COMMUNICATION FROM THE COMMISSION - Agriculture in the GATT negotiations and the reform of the CAP /* SEC/92/2267FINAL */",EUR-Lex - 51992SC2267 - EN - EUR-Lex,success,2025-10-26T13:03:14Z,3,0.0326086956521739,NA,NA,NA,NA,NA,EC,Cannot access this document,Joffrey
52018PC0515,dcd06316-7ea8-11e8-ac6a-01aa75ed71a1,"Proposal for a COUNCIL DECISION on the conclusion of the Voluntary Partnership Agreement between the European Union and the Socialist Republic of Viet Nam on forest law enforcement, governance and trade",PROP_DEC,2018-07-03T00:00:00Z,European Commission,3,proposal,NA,https://eur-lex.europa.eu/legal-content/EN/TXT/?uri=CELEX:52018PC0515,"EUROPEAN COMMISSION Brussels, 3.7.2018 COM(2018) 515 final 2018/0272(NLE) Proposal for a COUNCIL DECISION on the conclusion of the Voluntary Partnership Agreement between the European Union and the Socialist Republic of Viet Nam on forest law enforcement, governance and trade EXPLANATORY MEMORANDUM 1. CONTEXT OF THE PROPOSAL • Reasons for and objectives of the proposal The Action Plan on Forest Law Enforcement, Governance and Trade (FLEGT) 1 , endorsed by the Council in 2003 2 , proposes a set of measures, including support for timber-producing countries, multilateral collaboration to tackle trade in illegal timber, support for private-sector initiatives, and measures to discourage investment in activities that encourage illegal logging. The cornerstone of the Action Plan is the establishment of FLEGT partnerships between the EU and timber-producing countries, aimed at stopping illegal logging. In 2005 the Council adopted Regulation (EC) No 2173/2005 on the establishment of a FLEGT ...",EUR-Lex - 52018PC0515 - EN - EUR-Lex,success,2025-10-24T23:25:29Z,5370,0.1032414349982697,No,NA,NA,NA,High,EC,NA,Joffrey
52020PC0598,aae48b6a-ff07-11ea-b44f-01aa75ed71a1,"Proposal for a COUNCIL DECISION on the signing, on behalf of the European Union, and provisional application of the Agreement in the form of an exchange of letters between the European Union and the Government of the Cook Islands on an extension of the Protocol on the implementation of the Sustainable Fisheries Partnership Agreement between the European Union and the Government of the Cook Islands",PROP_DEC,2020-09-24T00:00:00Z,European Commission,11,proposal,NA,https://eur-lex.europa.eu/legal-content/EN/TXT/?uri=CELEX:52020PC0598,"EUROPEAN COMMISSION Brussels, 24.9.2020 COM(2020) 598 final 2020/0276(NLE) Proposal for a COUNCIL DECISION on the signing, on behalf of the European Union, and provisional application of the Agreement in the form of an exchange of letters between the European Union and the Government of the Cook Islands on an extension of the Protocol on the implementation of the Sustainable Fisheries Partnership Agreement between the European Union and the Government of the Cook Islands EXPLANATORY MEMORANDUM 1. CONTEXT OF THE PROPOSAL • Reasons for and objectives of the proposal On 7 July 2020, the Council adopted a mandate 1 authorising the European Commission to open negotiations for a new protocol to the Sustainable Fisheries Partnership Agreement between the European Union and the Government of the Cook Islands and for the possible prolongation of the current protocol to that Agreement, which will expire on 13 October 2020. The mandate lays down that in case the negotiations for a new Protocol...",EUR-Lex - 52020PC0598 - EN - EUR-Lex,success,2025-10-25T14:53:10Z,261,0.0546253662620343,No,NA,NA,NA,High,EC,NA,Joffrey
52007DC0396,8b1fe9cf-1ad0-4a8f-856e-f2b8d81d170c,"Communication from the Commission to the Council, the European Parliament and the European Economic and Social Committee on the implementation of the Community Strategy for dioxins, furans and polychlorinated biphenyls (COM(2001) 593) – Second progress Report {SEC(2007) 955}",COMMUNIC,2007-07-10T00:00:00Z,European Commission,15,manual,COMMUNIC,https://eur-lex.europa.eu/legal-content/EN/TXT/?uri=CELEX:52007DC0396,"Important legal notice | 52007DC0396 Communication from the Commission to the Council, the European Parliament and the European Economic and Social Committee on the implementation of the Community Strategy for dioxins, furans and polychlorinated biphenyls (COM(2001) 593) – Second progress Report {SEC(2007) 955}  /* COM/2007/0396 final */ [pic] | COMMISSION OF THE EUROPEAN COMMUNITIES | Brussels, 10.7.2007 COM(2007) 396 final COMMUNICATION FROM THE COMMISSION TO THE COUNCIL, THE EUROPEAN PARLIAMENT AND THE EUROPEAN ECONOMIC AND SOCIAL COMMITTEE On the implementation of the Community Strategy for dioxins, furans and polychlorinated biphenyls (COM(2001) 593) – Second progress report {SEC(2007) 955} COMMUNICATION FROM THE COMMISSION TO THE COUNCIL, THE EUROPEAN PARLIAMENT AND THE EUROPEAN ECONOMIC AND SOCIAL COMMITTEE On the implementation of the Community Strategy for dioxins, furans and polychlorinated biphenyls (COM(2001) 593) – Second progress report Context Dioxins, furans and poly...",EUR-Lex - 52007DC0396 - EN - EUR-Lex,success,2025-10-27T09:38:39Z,116,0.0768721007289595,Yes,Neoclassical,NA,NA,High,EC,NA,Joffrey
52015XC0710(04),6a26f1e2-26c8-11e5-a342-01aa75ed71a1,Commission communication in the framework of the implementation of Regulation (EU) No 305/2011 of the European Parliament and of the Council of 9 March 2011 laying down harmonised conditions for the marketing of construction products and repealing Council Directive 89/106/EEC (Publication of titles and references of harmonised standards under Union harmonisation legislation)Text with EEA relevance,COMMUNIC,2015-07-10T00:00:00Z,European Commission,13,manual,COMMUNIC,https://eur-lex.europa.eu/legal-content/EN/TXT/?uri=CELEX:52015XC0710(04),10.7.2015 EN Official Journal of the European Union C 226/49 Commission communication in the framework of the implementation of Regulation (EU) No 305/2011 of the European Parliament and of the Council of 9 March 2011 laying down harmonised conditions for the marketing of construction products and repealing Council Directive 89/106/EEC (Publication of titles and references of harmonised standards under Union harmonisation legislation) (Text with EEA relevance) (2015/C 226/04) The provisions of Regulation (EU) No 305/2011 prevail over any conflicting provisions in the harmonised standards. ESO ( 1 ) Reference and title of the standard (and reference document) Reference of superseded standard Date of applicability of the standard as a harmonised standard Date of the end of the co-existence period (1) (2) (3) (4) (5) CEN EN 1:1998 Flued oil stoves with vaporising burners 1.1.2008 1.1.2009 EN 1:1998/A1:2007 1.1.2008 1.1.2009 CEN EN 40-4:2005 Lighting columns — Part 4: Requirements for r...,EUR-Lex - 52015XC0710(04) - EN - EUR-Lex,success,2025-10-27T03:25:09Z,216,0.0350991225219369,No,NA,NA,NA,High,EC,NA,Joffrey
52001PC0729,f97766e8-4166-48e4-91cb-2ca66f989c27,Proposal for a Directive of the European Parliament and of the Council amending Directive 94/62/EC on packaging and packaging waste,PROP_DIR,2001-12-07T00:00:00Z,European Commission,13,proposal,NA,https://eur-lex.europa.eu/legal-content/EN/TXT/?uri=CELEX:52001PC0729,"Avis juridique important | 52001PC0729 Proposal for a Directive of the European Parliament and of the Council amending Directive 94/62/EC on packaging and packaging waste  /* COM/2001/0729 final - COD 2001/0291 */ Official Journal 103 E , 30/04/2002 P. 0017 - 0020 Proposal for a Directive of the European Parliament and of the Council amending Directive 94/62/EC on packaging and packaging waste (2002/C 103 E/03) (Text with EEA relevance) COM(2001) 729 final - 2001/0291(COD) (Submitted by the Commission on 7 December 2001) THE EUROPEAN PARLIAMENT AND THE COUNCIL OF THE EUROPEAN UNION, Having regard to the Treaty establishing the European Community, and in particular Article 95 paragraph 1 thereof, Having regard to the proposal from the Commission, Having regard to the opinion of the Economic and Social Committee, Acting in accordance with the procedure laid down in Article 251 of the Treaty, Whereas: (1) Pursuant to Directive 94/62/EC(1) the Council is required, no later than six mont...",EUR-Lex - 52001PC0729 - EN - EUR-Lex,success,2025-10-26T04:51:47Z,49,0.0348258706467661,No,NA,NA,NA,High,EC,NA,Joffrey
52005XC0930(05),c4dd2382-78e2-47a7-a937-87cdd9ed8999,Publication of an application for registration pursuant to Article 6(2) of Regulation (EEC) No 2081/92 on the protection of geographical indications and designations of origin,COMMUNIC,2005-09-30T00:00:00Z,European Commission,3,manual,COMMUNIC,https://eur-lex.europa.eu/legal-content/EN/TXT/?uri=CELEX:52005XC0930(05),"30.9.2005 EN Official Journal of the European Union C 240/28 Publication of an application for registration pursuant to Article 6(2) of Regulation (EEC) No 2081/92 on the protection of geographical indications and designations of origin (2005/C 240/06) This publication confers the right to object to the application pursuant to Articles 7 and 12d of the abovementioned Regulation. Any objection to this application must be submitted via the competent authority in a Member State, in a WTO member country or in a third country recognized in accordance with Article 12(3) within a time limit of six months from the date of this publication. The arguments for publication are set out below, in particular under 4.6, and are considered to justify the application within the meaning of Regulation (EEC) No 2081/92. SUMMARY COUNCIL REGULATION (EEC) No 2081/92 ‘PATACA DE GALICIA’ OR ‘PATATA DE GALICIA’. EC No: ES/00205/06.09.2001 PDO ( ) PGI (X) This summary has been drawn up for information purposes...",EUR-Lex - 52005XC0930(05) - EN - EUR-Lex,success,2025-10-26T13:05:14Z,44,0.0368818105616093,No,NA,NA,NA,High,EC,NA,Joffrey
51996PC0654,972b2b39-7017-402a-9979-83156313ae34,Proposal for a COUNCIL DECISION ON THE PROMOTION OF SUSTAINABLE AND SAFE MOBILITY,PROP_DEC_NO_ADDRESSEE,1996-12-13T00:00:00Z,European Commission,7,proposal,NA,https://eur-lex.europa.eu/legal-content/EN/TXT/?uri=CELEX:51996PC0654,"Avis juridique important | 51996PC0654 Proposal for a COUNCIL DECISION ON THE PROMOTION OF SUSTAINABLE AND SAFE MOBILITY  /* COM/96/0654 FINAL - SYN 96/0306 */ Official Journal C 028 , 29/01/1997 P. 0021 Proposal for a Council Decision on the promotion of sustainable and safe mobility (97/C 28/05) (Text with EEA relevance) COM(96) 654 final - 96/0306(SYN) (Submitted by the Commission on 13 December 1996) THE COUNCIL OF THE EUROPEAN UNION, Having regard to the Treaty establishing the European Community, and in particular Articles 75, 84 and 129d (3) thereof, Having regard to the proposal from the Commission, Having regard to the opinion of the Economic and Social Committee, Having regard to the opinion of the Committee of the Regions, Acting in accordance with the procedure provided for in Article 189c of the Treaty, Whereas the Commission has explained in its Communication on the future development of the common transport policy (1) how it will establish a framework to guarantee sus...",EUR-Lex - 51996PC0654 - EN - EUR-Lex,success,2025-10-25T08:16:20Z,47,0.0446768060836501,No,NA,NA,NA,High,EC,NA,Joffrey
52021PC0677,a82d473a-3725-11ec-8daf-01aa75ed71a1,Proposal for a COUNCIL DECISION on the position to be taken on behalf of the European Union in the Convention for the Protection of the Marine Environment and the Coastal Region of the Mediterranean (the ‘Barcelona Convention’) on the Adoption of a Decision to adopt the amendments to the Regional Plan on Marine Litter Management in the Mediterranean in the framework of Article 15 of the Protocol for the Protection of the Mediterranean Sea against Pollution from Land-Based Sources (the ‘LBS Protocol’),PROP_DEC,2021-10-27T00:00:00Z,European Commission,11,proposal,NA,https://eur-lex.europa.eu/legal-content/EN/TXT/?uri=CELEX:52021PC0677,"EUROPEAN COMMISSION Brussels, 27.10.2021 COM(2021) 677 final 2021/0354(NLE) Proposal for a COUNCIL DECISION on the position to be taken on behalf of the European Union in the Convention for the Protection of the Marine Environment and the Coastal Region of the Mediterranean (the ‘Barcelona Convention’) on the Adoption of a Decision to adopt the amendments to the Regional Plan on Marine Litter Management in the Mediterranean in the framework of Article 15 of the Protocol for the Protection of the Mediterranean Sea against Pollution from Land-Based Sources (the ‘LBS Protocol’) EXPLANATORY MEMORANDUM 1. Subject matter of the proposal This proposal concerns the position to be taken on the Union's behalf at the 22nd Meeting of the Contracting Parties to the Convention for the Protection of the Marine Environment and the Coastal Region of the Mediterranean (the ‘Barcelona Convention’) and its Protocols on a decision to adopt amendments to the Regional Plan on Marine Litter Management in t...",EUR-Lex - 52021PC0677 - EN - EUR-Lex,success,2025-10-25T14:57:42Z,79,0.0683982683982684,No,NA,NA,NA,High,EC,NA,Joffrey
52009XC0506(03),ade578bf-bd90-4ea7-bb9a-9d03ebb207bb,Publication of an application pursuant to Article 6(2) of Council Regulation (EC) No 510/2006 on the protection of geographical indications and designations of origin for agricultural products and foodstuffs,COMMUNIC,2009-05-06T00:00:00Z,European Commission,3,manual,COMMUNIC,https://eur-lex.europa.eu/legal-content/EN/TXT/?uri=CELEX:52009XC0506(03),"6.5.2009 EN Official Journal of the European Union C 104/21 Publication of an application pursuant to Article 6(2) of Council Regulation (EC) No 510/2006 on the protection of geographical indications and designations of origin for agricultural products and foodstuffs 2009/C 104/09 This publication confers the right to object to the application pursuant to Article 7 of Council Regulation (EC) No 510/2006 ( 1 ) . Statements of objection must reach the Commission within six months from the date of this publication. SINGLE DOCUMENT COUNCIL REGULATION (EC) No 510/2006 ‘WIŚNIA NADWIŚLANKA’ EC No: PL-PDO-0005-0586-04.01.2007 PGI ( ) PDO ( X ) 1. Name: ‘Wiśnia nadwiślanka’ 2. Member State or third country: Poland 3. Description of the agricultural product or foodstuff 3.1. Type of product [as in Annex II]: Class 1.6. — Fruit,vegetables and cereals fresh or processed 3.2. Description of the product to which the name in (1) applies: Only the fruit of suckering sokówka cherry trees may be sold...",EUR-Lex - 52009XC0506(03) - EN - EUR-Lex,success,2025-10-26T13:00:54Z,58,0.0374677002583979,No,NA,NA,NA,High,EC,NA,Joffrey
52010XC0625(05),ac43b66d-3788-41fc-822a-2bd599c42412,"Commission communication in the framework of the implementation of the Council Directive 89/106/EEC of 21 December 1988 on the approximation of laws, regulations and administrative provisions of the Member States relating to construction products (Text with EEA relevance) (Publication of titles and references of harmonised standards under the directive)",COMMUNIC,2010-06-25T00:00:00Z,European Commission,13,manual,COMMUNIC,https://eur-lex.europa.eu/legal-content/EN/TXT/?uri=CELEX:52010XC0625(05),"25.6.2010 EN Official Journal of the European Union C 167/1 Commission communication in the framework of the implementation of the Council Directive 89/106/EEC of 21 December 1988 on the approximation of laws, regulations and administrative provisions of the Member States relating to construction products (Text with EEA relevance) (Publication of titles and references of harmonised standards under the directive) 2010/C 167/01 ESO ( 1 ) Reference and title of the harmonised standard (and reference document) Reference of superseded standard Date of applicability of the standard as a harmonised European standard Date of the end of the co-existence period Note 4 CEN EN 1:1998 Flued oil stoves with vaporizing burners 1.1.2008 1.1.2009 EN 1:1998/A1:2007 Note 3 1.1.2008 1.1.2009 CEN EN 40-4:2005 Lighting columns - Part 4: Requirements for reinforced and prestressed concrete lighting columns 1.10.2006 1.10.2007 EN 40-4:2005/AC:2006 1.1.2007 1.1.2007 CEN EN 40-5:2002 Lighting columns - Part ...",EUR-Lex - 52010XC0625(05) - EN - EUR-Lex,success,2025-10-27T05:56:41Z,180,0.0324149108589951,No,NA,NA,NA,High,EC,NA,Joffrey
52010XC0220(05),2e9df22e-9994-417c-8125-20345f9d5142,Publication of an application pursuant to Article 6(2) of Council Regulation (EC) No 510/2006 on the protection of geographical indications and designations of origin for agricultural products and foodstuffs,COMMUNIC,2010-02-20T00:00:00Z,European Commission,3,manual,COMMUNIC,https://eur-lex.europa.eu/legal-content/EN/TXT/?uri=CELEX:52010XC0220(05),"20.2.2010 EN Official Journal of the European Union C 44/18 Publication of an application pursuant to Article 6(2) of Council Regulation (EC) No 510/2006 on the protection of geographical indications and designations of origin for agricultural products and foodstuffs 2010/C 44/07 This publication confers the right to object to the application pursuant to Article 7 of Council Regulation (EC) No 510/2006 ( 1 ) . Statements of objection must reach the Commission within six months from the date of this publication. SINGLE DOCUMENT COUNCIL REGULATION (EC) No 510/2006 ‘ ’ (LONGKOU FEN SI) EC No: CN-PGI-0005-0623-16.07.2007 PGI ( X ) PDO ( ) 1. Name: ‘ ’ (Longkou Fen Si) 2. Member State or Third Country: People’s Republic of China 3. Description of the agricultural product or foodstuff: 3.1. Type of product: Class 2.7: Pasta 3.2. Description of product to which the name in (1) applies: Longkou Fen Si is a threadlike dry starch product made from green beans and peas. In appearance, Longkou ...",EUR-Lex - 52010XC0220(05) - EN - EUR-Lex,success,2025-10-26T13:30:50Z,45,0.0382003395585738,No,NA,NA,NA,High,EC,NA,Joffrey
51991PC0558,0874af81-0cf0-4433-acab-5b2861189097,"Proposal for a COUNCIL REGULATION ( EEC ) laying down derogating provisions as regards storage contracts for olive oil in Greece, Spain and Portugal",PROP_REG,1992-01-09T00:00:00Z,European Commission,3,proposal,NA,https://eur-lex.europa.eu/legal-content/EN/TXT/?uri=CELEX:51991PC0558,"Do you want to help improving EUR-Lex ? This is a list of experimental features that you can enable. These features are still under development; they are not fully tested, and might reduce EUR-Lex stability. Don't forget to give your feedback! This document is an excerpt from the EUR-Lex website EU law EU case-law Official Journal National law and case-law Information Document 51991PC0558 Proposal for a COUNCIL REGULATION ( EEC ) laying down derogating provisions as regards storage contracts for olive oil in Greece, Spain and Portugal Proposal for a COUNCIL REGULATION ( EEC ) laying down derogating provisions as regards storage contracts for olive oil in Greece, Spain and Portugal Proposal for a COUNCIL REGULATION ( EEC ) laying down derogating provisions as regards storage contracts for olive oil in Greece, Spain and Portugal /* COM/91/558FINAL */ Languages and formats available",EUR-Lex - 51991PC0558 - EN - EUR-Lex,success,2025-10-25T03:20:26Z,6,0.0526315789473684,No,NA,NA,NA,High,EC,NA,Joffrey
52009XC0516(02),f19fb51a-3cea-4264-a3b3-4fb7d1acf668,Explanatory Notes to the Combined Nomenclature of the European Communities,COMMUNIC,2009-05-16T00:00:00Z,European Commission,2,manual,COMMUNIC,https://eur-lex.europa.eu/legal-content/EN/TXT/?uri=CELEX:52009XC0516(02),"16.5.2009 EN Official Journal of the European Union C 112/5 Explanatory Notes to the Combined Nomenclature of the European Communities 2009/C 112/02 Pursuant to the second indent of Article 9(1)(a) of Council Regulation (EEC) No 2658/87 of 23 July 1987 on the tariff and statistical nomenclature and on the Common Customs Tariff ( 1 ) , the Explanatory Notes to the Combined Nomenclature of the European Communities ( 2 ) are hereby amended as follows: Page 29 The following text is added to the end of paragraph ‘ 0304 11 10 ’: ‘This subheading also covers pieces of the anatomical right and left side of the fish, i.e. the part of the fish known as fillets. Sometimes these pieces are cut directly from the fish or part of the fish without first cutting a whole fillet.’ Page 30 The following text is added to the end of paragraph ‘ 0304 19 13 to 0304 19 39 ’: ‘These subheadings also cover pieces of the anatomical right and left side of the fish, i.e. the part of the fish known as fillets. So...",EUR-Lex - 52009XC0516(02) - EN - EUR-Lex,success,2025-10-26T12:15:14Z,10,0.0694444444444444,No,NA,NA,NA,High,EC,NA,Joffrey
52005PC0362(02),3b6f3d80-21b3-43f4-85d7-5fb414dc5b50,Proposal for a Council Decision amending Decision 90/424/EEC on expenditure in the veterinary field,PROP_DEC,2005-08-23T00:00:00Z,European Commission,3,proposal,NA,https://eur-lex.europa.eu/legal-content/EN/TXT/?uri=CELEX:52005PC0362(02),"Important legal notice | 52005PC0362(02) Proposal for a Council Decision amending Decision 90/424/EEC on expenditure in the veterinary field  /* COM/2005/0362 final - CNS 2005/0154 */ [pic] | COMMISSION OF THE EUROPEAN COMMUNITIES | Brussels, 23.8.2005 COM(2005) 362 final 2005/0153 (CNS) 2005/0154 (CNS) Proposal for a COUNCIL DIRECTIVE on animal health requirements for aquaculture animals and products thereof, and on the prevention and control of certain diseases in aquatic animals {SEC(2005) 1047} Proposal for a COUNCIL DECISION amending Decision 90/424/EEC on expenditure in the veterinary field (presented by the Commission) EXPLANATORY MEMORANDUM 1. CONTEXT OF THE PROPOSAL ( Grounds for and objectives of the proposal The purpose of this proposal is to update, recast and consolidate the animal health rules in relation to the trade in aquaculture products, including disease prevention and control, in order to improve the competitiveness of EU aquaculture producers. Aquaculture is a ...",EUR-Lex - 52005PC0362(02) - EN - EUR-Lex,success,2025-10-24T22:24:37Z,957,0.0486899007886034,No,NA,NA,NA,High,EC,NA,Joffrey
51999PC0125(01),5fc148c0-81ce-4b13-a553-75c4c1eacf90,Proposal for a Directive of the European Parliament and of the Council on national emission ceilings for certain atmospheric pollutants,PROP_DIR,1999-06-09T00:00:00Z,European Commission,15,proposal,NA,https://eur-lex.europa.eu/legal-content/EN/TXT/?uri=CELEX:51999PC0125(01),"Avis juridique important | 51999PC0125(01) Proposal for a Directive of the European Parliament and of the Council on national emission ceilings for certain atmospheric pollutants  /* COM/99/0125 final - COD 99/0067 */ Official Journal C 056 E , 29/02/2000 P. 0034 - 0039 Proposal for a Directive of the European Parliament and of the Council on national emission ceilings for certain atmospheric pollutants (2000/C 56 E/10) (Text with EEA relevance) COM(1999) 125 final - 1999/0067(COD) (Submitted by the Commission on 14 July 1999) THE EUROPEAN PARLIAMENT AND THE COUNCIL OF THE EUROPEAN UNION, Having regard to the Treaty establishing the European Community, and in particular Article 175(1) thereof, Having regard to the proposal from the Commission, Having regard to the opinion of the Economic and Social Committee, Having regard to the opinion of the Committee of the Regions, Acting in accordance with the procedure laid down in Article 251 of the Treaty, Whereas: (1) On the basis of princ...",EUR-Lex - 51999PC0125(01) - EN - EUR-Lex,success,2025-10-26T07:05:08Z,183,0.0748160261651676,Yes,Neoclassical,NA,NA,High,EC,NA,Joffrey
52025SC0302,411e4ae7-5b2f-11f0-a9d0-01aa75ed71a1,"COMMISSION STAFF WORKING DOCUMENT Environmental Implementation Review 2025 Country Report - BULGARIA Accompanying the document Communication from the Commission to the European Parliament, the Council, the European Economic and Social Committee and the Committee of the Regions 2025 Environmental Implementation Review for prosperity and security",SWD,2025-07-07T00:00:00Z,European Commission,15,manual,SWD,https://eur-lex.europa.eu/legal-content/EN/TXT/?uri=CELEX:52025SC0302,"EUROPEAN COMMISSION Brussels, 7.7.2025 SWD(2025) 302 final COMMISSION STAFF WORKING DOCUMENT Environmental Implementation Review 2025 Country Report - BULGARIA Accompanying the document Communication from the Commission to the European Parliament, the Council, the European Economic and Social Committee and the Committee of the Regions 2025 Environmental Implementation Review for prosperity and security {COM(2025) 420 final} - {SWD(2025) 300 final} - {SWD(2025) 301 final} - {SWD(2025) 303 final} - {SWD(2025) 304 final} - {SWD(2025) 305 final} - {SWD(2025) 306 final} - {SWD(2025) 307 final} - {SWD(2025) 308 final} - {SWD(2025) 309 final} - {SWD(2025) 310 final} - {SWD(2025) 311 final} - {SWD(2025) 312 final} - {SWD(2025) 313 final} - {SWD(2025) 314 final} - {SWD(2025) 315 final} - {SWD(2025) 316 final} - {SWD(2025) 317 final} - {SWD(2025) 318 final} - {SWD(2025) 319 final} - {SWD(2025) 320 final} - {SWD(2025) 321 final} - {SWD(2025) 322 final} - {SWD(2025) 323 final} - {SWD(2025) 324 ...",EUR-Lex - 52025SC0302 - EN - EUR-Lex,success,2025-10-27T10:56:39Z,2279,0.0923943890375415,No,NA,NA,NA,High,EC,NA,Joffrey
52015PC0014,280bc33f-e130-11e9-9c4e-01aa75ed71a1,"Recommendation for a Council Decision authorising the Commission to negotiate, on behalf of the Union, amendments to the Vienna Convention for the Protection of the Ozone Layer and the Montreal Protocol on Substances that Deplete the Ozone Layer",RECO_DEC,2015-01-23T00:00:00Z,European Commission,11,recommendation,NA,https://eur-lex.europa.eu/legal-content/EN/TXT/?uri=CELEX:52015PC0014,"Do you want to help improving EUR-Lex ? This is a list of experimental features that you can enable. These features are still under development; they are not fully tested, and might reduce EUR-Lex stability. Don't forget to give your feedback! This document is an excerpt from the EUR-Lex website EU law EU case-law Official Journal National law and case-law Information Document 52015PC0014 Recommendation for a Council Decision authorising the Commission to negotiate, on behalf of the Union, amendments to the Vienna Convention for the Protection of the Ozone Layer and the Montreal Protocol on Substances that Deplete the Ozone Layer Recommendation for a Council Decision authorising the Commission to negotiate, on behalf of the Union, amendments to the Vienna Convention for the Protection of the Ozone Layer and the Montreal Protocol on Substances that Deplete the Ozone Layer Recommendation for a Council Decision authorising the Commission to negotiate, on behalf of the Union, amendments...",EUR-Lex - 52015PC0014 - EN - EUR-Lex,success,2025-10-26T08:36:12Z,6,0.04,No,NA,NA,NA,Medium,EC,I am using a technical distinction here between CFCs and GHGs.,Joffrey
52013SC0268,becf861a-eaf3-11e2-a22e-01aa75ed71a1,COMMISSION STAFF WORKING PAPER IMPACT ASSESSMENT_Accompanying document to a legislative proposal and additional non-legislative measures strengthening the inspections and enforcement of Regulation (EC) No 1013/2006 of the European Parliament and of the Council of 14 June 2006 on shipments of waste,WORK_DOC,2013-07-11T00:00:00Z,European Commission,15,manual,WORK_DOC,https://eur-lex.europa.eu/legal-content/EN/TXT/?uri=CELEX:52013SC0268,"| 52013SC0268 COMMISSION STAFF WORKING PAPER IMPACT ASSESSMENT_Accompanying document to a legislative proposal and additional non-legislative measures strengthening the inspections and enforcement of Regulation (EC) No 1013/2006 of the European Parliament and of the Council of 14 June 2006 on shipments of waste /* SWD/2013/0268 final */ This report commits only the
Commission's services involved in its preparation and does not prejudge the
final form of any decision to be taken by the Commission. INTRODUCTION Inspections at sea-ports, on roads and in companies
have shown that around 25% of shipments containing waste in the EU do not
comply with the EU waste shipment regulation, ""WSR"" (see Annex I
for further details). Numerous reports of NGOs, media and studies published during
2007-2011 have shown that large amounts of waste originating in the EU are
illegally exported to developing countries in Africa and Asia (see Annex II
for more information). The problem of illegal was...",EUR-Lex - 52013SC0268 - EN - EUR-Lex,success,2025-10-27T10:59:59Z,832,0.0555407209612817,No,NA,NA,NA,High,EC,NA,Joffrey
52023PC0785,1be3e71a-9845-11ee-b164-01aa75ed71a1,"Proposal for a COUNCIL DECISION on the accession of Tuvalu to the Interim Partnership Agreement between the European Community, of the one part, and the Pacific States, of the other part",PROP_DEC,2023-12-11T00:00:00Z,European Commission,11,proposal,NA,https://eur-lex.europa.eu/legal-content/EN/TXT/?uri=CELEX:52023PC0785,"EUROPEAN COMMISSION Brussels, 11.12.2023 COM(2023) 785 final 2023/0456(NLE) Proposal for a COUNCIL DECISION on the accession of Tuvalu to the Interim Partnership Agreement between the European Community, of the one part, and the Pacific States, of the other part EXPLANATORY MEMORANDUM 1. CONTEXT OF THE PROPOSAL • Reasons for and objectives of the proposal The attached proposal for a Council Decision constitutes the legal instrument for the approval, on behalf of the European Union (EU), of the accession of Tuvalu to the interim Partnership Agreement between the European Union, of the one part, and the Pacific States, of the other part, pursuant to Article 218(6) TFEU. The Council authorised the Commission to open negotiations for Economic Partnership Agreements (EPA) with ACP countries on 12 June 2002. On 30 July 2009 the EU signed an interim EPA between the Union (the European Community at the time), of the one part, and the Pacific States, of the other part. The interim EPA has be...",EUR-Lex - 52023PC0785 - EN - EUR-Lex,success,2025-10-25T15:21:09Z,3195,0.0394157342182854,No,NA,NA,NA,High,EC,NA,Joffrey
52002DC0681,8beb37cd-4fec-40ba-a196-e91668f16747,Communication from the Commission to the European Parliament and to the Council on improving safety at sea in response to the Prestige accident,COMMUNIC,2002-12-03T00:00:00Z,European Commission,7,manual,COMMUNIC,https://eur-lex.europa.eu/legal-content/EN/TXT/?uri=CELEX:52002DC0681,Avis juridique important | 52002DC0681 Communication from the Commission to the European Parliament and to the Council on improving safety at sea in response to the Prestige accident  /* COM/2002/0681 final */ Communication from the Commission  to the European Parliament and to the Council  on improving safety at sea  in response to the Prestige accident Contents Introduction I - Part One: Earlier application of the measures in the Erika I and Erika II packages 1. Initiatives taken by the Commission with a view to earlier application of the Erika I and Erika II packages * Earlier establishment of the European Maritime Safety Agency * Closer monitoring of the performance of the classification societies * Establishment of a trans-European data exchange network for vessel traffic monitoring * Publication of an indicative list of substandard vessels under Directive 95/21/EC * Speeding up preparations of the plans to accommodate vessels in places of refuge 2. Requests to the Member State...,EUR-Lex - 52002DC0681 - EN - EUR-Lex,success,2025-10-26T17:27:40Z,231,0.0421302206821083,Yes,Neoclassical,NA,NA,High,EC,NA,Joffrey
52020PC0588,2633d4af-01a3-11eb-974f-01aa75ed71a1,"Proposal for a COUNCIL DECISION on the conclusion of the Agreement in the form of an exchange of letters between the European Union and the Islamic Republic of Mauritania on an extension to the Protocol setting out the fishing opportunities and financial contribution provided for in the Fisheries Partnership Agreement between the European Community and the Islamic Republic of Mauritania, expiring on 15 November 2020",PROP_DEC,2020-09-28T00:00:00Z,European Commission,11,proposal,NA,https://eur-lex.europa.eu/legal-content/EN/TXT/?uri=CELEX:52020PC0588,"EUROPEAN COMMISSION Brussels, 28.9.2020 COM(2020) 588 final 2020/0274(NLE) Proposal for a COUNCIL DECISION on the conclusion of the Agreement in the form of an exchange of letters between the European Union and the Islamic Republic of Mauritania on an extension to the Protocol setting out the fishing opportunities and financial contribution provided for in the Fisheries Partnership Agreement between the European Community and the Islamic Republic of Mauritania, expiring on 15 November 2020 EXPLANATORY MEMORANDUM 1. CONTEXT OF THE PROPOSAL • Reasons for and objectives of the proposal On 8 July 2019, the Council adopted a Decision 1 authorising the Commission to open negotiations with Mauritania with a view to concluding a sustainable fisheries partnership agreement and a protocol implementing that agreement (documents 10402/19 and 10231/19). Article 1(2) of that Decision allowed the Commission to negotiate a limited extension to the protocol that was due to expire on 15 November 2019...",EUR-Lex - 52020PC0588 - EN - EUR-Lex,success,2025-10-25T14:59:46Z,194,0.0404672507300792,No,NA,NA,NA,High,EC,NA,Joffrey
52005SC0274,1a6c6d32-2e0f-41db-a3c1-6aa7e8b52e0c,Draft decision of the EC/EFTA Joint Committee on common transit amending the Convention of 20 May 1987 on a common transit procedure - Draft common position of the Community,DEC_DRAFT,2005-03-02T00:00:00Z,European Commission,2,proposal,NA,https://eur-lex.europa.eu/legal-content/EN/TXT/?uri=CELEX:52005SC0274,"Important legal notice | 52005SC0274 Draft decision of the EC/EFTA Joint Committee on common transit amending the Convention of 20 May 1987 on a common transit procedure - Draft common position of the Community  /* SEC/2005/0274 final */ Brussels, 2.3.2005 SEC(2005) 274 final Draft DECISION OF THE EC/EFTA JOINT COMMITTEE ON COMMON TRANSIT amending the Convention of 20 May 1987 on a common transit procedure - Draft common position of the Community -(presented by the Commission) EXPLANATORY MEMORANDUM The common transit Convention of 20 May 1987 [1] establishes the measures and formalities facilitating the movement of goods between the EC and the EFTA countries. Annex D2 to Appendix III of the Convention contains the list of the package codes based on Annex V of the United Nations Economic Commission for Europe Recommendation n° 21/rev 1 of August 1994. In order to allow economic operators to use the most updated information and, therefore, to harmonise as far as possible the commerci...",EUR-Lex - 52005SC0274 - EN - EUR-Lex,success,2025-10-24T19:23:36Z,81,0.0509433962264151,No,NA,NA,NA,High,EC,NA,Joffrey
51992PC0289(02),77733ffc-ca8c-4371-bb44-a4792ada6c0c,"Proposal for a COUNCIL REGULATION (EEC) on the conclusion of the Protocol defining, for the period from 3 May 1992 to 2 May 1994, the fishing opportunities and financial compensation provided for in the Agreement between the European Economic Community and the Government of the People' s Republic of Angola on fishing off Angola",PROP_REG,1992-07-03T00:00:00Z,European Commission,11,proposal,NA,https://eur-lex.europa.eu/legal-content/EN/TXT/?uri=CELEX:51992PC0289(02),"Do you want to help improving EUR-Lex ? This is a list of experimental features that you can enable. These features are still under development; they are not fully tested, and might reduce EUR-Lex stability. Don't forget to give your feedback! This document is an excerpt from the EUR-Lex website EU law EU case-law Official Journal National law and case-law Information Document 51992PC0289(02) Proposal for a COUNCIL REGULATION (EEC) on the conclusion of the Protocol defining, for the period from 3 May 1992 to 2 May 1994, the fishing opportunities and financial compensation provided for in the Agreement between the European Economic Community and the Government of the People' s Republic of Angola on fishing off Angola Proposal for a COUNCIL REGULATION (EEC) on the conclusion of the Protocol defining, for the period from 3 May 1992 to 2 May 1994, the fishing opportunities and financial compensation provided for in the Agreement between the European Economic Community and the Government...",EUR-Lex - 51992PC0289(02) - EN - EUR-Lex,success,2025-10-25T18:44:33Z,6,0.0333333333333333,No,NA,NA,NA,High,EC,NA,Joffrey
52019SC0080,cfc40caf-39d5-11e9-8d04-01aa75ed71a1,COMMISSION STAFF WORKING DOCUMENT First Flood Risk Management Plans - Member State: Romania Accompanying the document REPORT FROM THE COMMISSION TO THE EUROPEAN PARLIAMENT AND THE COUNCIL on the implementation of the Water Framework Directive (2000/60/EC) and the Floods Directive (2007/60/EC) Second River Basin Management Plans First Flood Risk Management Plans,SWD,2019-02-26T00:00:00Z,European Commission,15,manual,SWD,https://eur-lex.europa.eu/legal-content/EN/TXT/?uri=CELEX:52019SC0080,"EUROPEAN COMMISSION Brussels, 26.2.2019 SWD(2019) 80 final COMMISSION STAFF WORKING DOCUMENT First Flood Risk Management Plans - Member State: Romania Accompanying the document REPORT FROM THE COMMISSION TO THE EUROPEAN PARLIAMENT AND THE COUNCIL on the implementation of the Water Framework Directive (2000/60/EC) and the Floods Directive (2007/60/EC) Second River Basin Management Plans First Flood Risk Management Plans {COM(2019) 95 final} - {SWD(2019) 30 final} - {SWD(2019) 31 final} - {SWD(2019) 32 final} - {SWD(2019) 33 final} - {SWD(2019) 34 final} - {SWD(2019) 35 final} - {SWD(2019) 36 final} - {SWD(2019) 37 final} - {SWD(2019) 38 final} - {SWD(2019) 39 final} - {SWD(2019) 40 final} - {SWD(2019) 41 final} - {SWD(2019) 42 final} - {SWD(2019) 43 final} - {SWD(2019) 44 final} - {SWD(2019) 45 final} - {SWD(2019) 46 final} - {SWD(2019) 47 final} - {SWD(2019) 48 final} - {SWD(2019) 49 final} - {SWD(2019) 50 final} - {SWD(2019) 51 final} - {SWD(2019) 52 final} - {SWD(2019) 53 final} -...",EUR-Lex - 52019SC0080 - EN - EUR-Lex,success,2025-10-27T10:33:48Z,890,0.0634174148496508,No,NA,NA,NA,High,EC,NA,Joffrey
52004PC0183,1fad8e65-655b-4c2d-b4a6-06f1a1daf2a4,Proposal for a Council Regulation on the conclusion of the Agreement in the form of an Exchange of Letters concerning the extension of the Protocol setting out the fishing opportunities and financial contribution provided for in the Agreement between the European Economic Community and the Republic of Cape Verde on fishing off the coast of Cape Verde for the period 1 July 2004 to 30 June 2005,PROP_REG,2004-03-22T00:00:00Z,European Commission,11,proposal,NA,https://eur-lex.europa.eu/legal-content/EN/TXT/?uri=CELEX:52004PC0183,Important legal notice | 52004PC0183 Proposal for a Council Regulation on the conclusion of the Agreement in the form of an Exchange of Letters concerning the extension of the Protocol setting out the fishing opportunities and financial contribution provided for in the Agreement between the European Economic Community and the Republic of Cape Verde on fishing off the coast of Cape Verde for the period 1 July 2004 to 30 June 2005  /* COM/2004/0183 final - CNS 2004/0058 */ Proposal for a COUNCIL REGULATION on the conclusion of the Agreement in the form of an Exchange of Letters concerning the extension of the Protocol setting out the fishing opportunities and financial contribution provided for in the Agreement between the European Economic Community and the Republic of Cape Verde on fishing off the coast of Cape Verde for the period 1 July 2004 to 30 June 2005 (presented by the Commission) EXPLANATORY MEMORANDUM The Protocol to the Fisheries Agreement between the European Community a...,EUR-Lex - 52004PC0183 - EN - EUR-Lex,success,2025-10-25T21:11:16Z,83,0.0342833539859562,No,NA,NA,NA,High,EC,NA,Joffrey
51995PC0376(02),9640ceaf-e372-4f80-bda7-75d9f438315b,"Proposal for a COUNCIL REGULATION (EC) on the conclusion of the Protocol defining, for the period 21 May 1995 to 20 May 1998, the fisching opportunities and the financial contribution provided for by the Agreement between the European Community and the Government of the Republic of Madagascar on fishing off Madagascar",PROP_REG,1995-07-20T00:00:00Z,European Commission,11,proposal,NA,https://eur-lex.europa.eu/legal-content/EN/TXT/?uri=CELEX:51995PC0376(02),"Avis juridique important | 51995PC0376(02) Proposal for a COUNCIL REGULATION (EC) on the conclusion of the Protocol defining, for the period 21 May 1995 to 20 May 1998, the fisching opportunities and the financial contribution provided for by the Agreement between the European Community and the Government of the Republic of Madagascar on fishing off Madagascar  /* COM/95/376 FINAL - CNS 95/0187 */ Official Journal C 072 , 12/03/1996 P. 0010 Proposal for a Council Regulation (EC) on the conclusion of the Protocol defining, for the period 21 May 1995 to 20 May 1998, the fishing opportunities and the financial contribution provided for by the Agreement between the European Community and the Government of the Republic of Madagascar on fishing off Madagascar (96/C 72/09) COM(95) 376 final - 95/0187(CNS) (Submitted by the Commission 24 July 1995) THE COUNCIL OF THE EUROPEAN UNION, Having regard to the Treaty establishing the European Community, and in particular Article 43 in conjunction ...",EUR-Lex - 51995PC0376(02) - EN - EUR-Lex,success,2025-10-25T19:36:56Z,70,0.044529262086514,No,NA,NA,NA,High,EC,NA,Joffrey
52005XC0205(03),3be5b35f-5375-4724-a84d-7f31fb067ac2,"Commission opinion of 26 July 2004 concerning the plan for the disposal of radioactive waste arising from the dismantling of the remainder of the research reactor FRF2 at Frankfurt am Main in Hesse in the Federal Republic of Germany, in accordance with Article 37 of the Euratom TreatyText with EEA relevance",COMMUNIC,2005-02-05T00:00:00Z,European Commission,15,manual,COMMUNIC,https://eur-lex.europa.eu/legal-content/EN/TXT/?uri=CELEX:52005XC0205(03),"5.2.2005 EN Official Journal of the European Union C 30/6 COMMISSION OPINION of 26 July 2004 concerning the plan for the disposal of radioactive waste arising from the dismantling of the remainder of the research reactor FRF2 at Frankfurt am Main in Hesse in the Federal Republic of Germany, in accordance with Article 37 of the Euratom Treaty (2005/C 30/05) (Only the German text is authentic) On 30 January 2004, the European Commission received from the German Government, in accordance with Article 37 of the Euratom Treaty, General Data relating to the plan for the disposal of radioactive waste arising from the dismantling of the remainder of the research reactor FRF2. On the basis of these data and additional information provided by the German Government on 22 April 2004, and following consultation with the group of experts, the Commission has drawn up the following opinion: a) The distance between the plant and the nearest point on the territory of another Member State is approxima...",EUR-Lex - 52005XC0205(03) - EN - EUR-Lex,success,2025-10-27T08:22:47Z,11,0.0361842105263157,No,NA,NA,NA,Medium,EC,"Generally, radioactive waste management produces very minimal GHGs. With most of the direct waste (still negligable) coming from other aspects of the entire life cycle such as construction of facilities.",Joffrey
52006PC0850,b6325dd7-b953-4faf-889b-fe0583f3487c,Proposal for a Regulation of the European Parliament and of the Council on energy statistics,PROP_REG,2007-01-10T00:00:00Z,European Commission,12,proposal,NA,https://eur-lex.europa.eu/legal-content/EN/TXT/?uri=CELEX:52006PC0850,"Important legal notice | 52006PC0850 Proposal for a Regulation of the European Parliament and of the Council on energy statistics  /* COM/2006/0850 final - COD 2007/0002 */ [pic] | COMMISSION OF THE EUROPEAN COMMUNITIES | Brussels, 10.1.2007 COM(2006) 850 final 2007/0002 (COD) Proposal for a REGULATION OF THE EUROPEAN PARLIAMENT AND OF THE COUNCIL on energy statistics (presented by the Commission) EXPLANATORY MEMORANDUM 1) CONTEXT OF THE PROPOSAL 1.1. Grounds for and objectives of the proposal The development of Community policy and legislation on energy highlights the need for comprehensive and comparable European statistics on a range of energy related issues. Directives with clear quantitative targets and deadlines on energy in the EU implicitly require the need of monitoring the energy situation in order to verify if and how well such goals are met. The huge influence of energy transformation and consumption on our environment is bound to remain an issue of concern in the long-t...",EUR-Lex - 52006PC0850 - EN - EUR-Lex,success,2025-10-26T01:51:52Z,1315,0.0782644923223425,No,NA,NA,NA,High,EC,NA,Joffrey
51999PC0550,79608ef7-c8ee-4f8f-9bc6-199a6d7a58ea,Proposal for a Council Regulation on the conclusion of the Protocol setting out for the period 1 June 1999 to 31 May 2002 the fishing opportunities and the financial contribution provided for in the Agreement between the European Community and the Government of the Democratic Republic of São Tomé e Príncipe on fishing off the coast of São Tomé e Príncipe,PROP_REG,1999-11-03T00:00:00Z,European Commission,11,proposal,NA,https://eur-lex.europa.eu/legal-content/EN/TXT/?uri=CELEX:51999PC0550,"Avis juridique important | 51999PC0550 Proposal for a Council Regulation on the conclusion of the Protocol setting out for the period 1 June 1999 to 31 May 2002 the fishing opportunities and the financial contribution provided for in the Agreement between the European Community and the Government of the Democratic Republic of São Tomé e Príncipe on fishing off the coast of São Tomé e Príncipe  /* COM/99/0550 final - CNS 99/0228 */ Official Journal C 056 E , 29/02/2000 P. 0009 - 0016 Proposal for a COUNCIL REGULATION on the conclusion of the Protocol setting out for the period 1 June 1999 to 31 May 2002 the fishing opportunities and the financial contribution provided for in the Agreement between the European Community and the Government of the Democratic Republic of São Tomé e Príncipe on fishing off the coast of São Tomé e Príncipe (presented by the Commission) EXPLANATORY MEMORANDUM The Protocol to the Fisheries Agreement between the European Community and São Tomé e Principe expi...",EUR-Lex - 51999PC0550 - EN - EUR-Lex,success,2025-10-25T19:08:14Z,158,0.0479514415781487,No,NA,NA,NA,High,EC,NA,Joffrey
52006PC0867,9eae603d-274d-4c65-9298-56e86b23f836,"Proposal for a Council Regulation amending Council Regulation (EC) No 601/2004 of 22 March 2004 laying down certain control measures applicable to fishing activities in the area covered by the Convention on the conservation of Antarctic marine living resources and repealing Regulations (EEC) No 3943/90, (EC) No 66/98 and (EC) No 1721/1999",PROP_REG,2007-01-09T00:00:00Z,European Commission,11,proposal,NA,https://eur-lex.europa.eu/legal-content/EN/TXT/?uri=CELEX:52006PC0867,"Important legal notice | 52006PC0867 Proposal for a Council Regulation amending Council Regulation (EC) No 601/2004 of 22 March 2004 laying down certain control measures applicable to fishing activities in the area covered by the Convention on the conservation of Antarctic marine living resources and repealing Regulations (EEC) No 3943/90, (EC) No 66/98 and (EC) No 1721/1999  /* COM/2006/0867 final - CNS 2007/0001 */ [pic] | COMMISSION OF THE EUROPEAN COMMUNITIES | Brussels, 9.1.2007 COM(2006) 867 final 2007/0001 (CNS) Proposal for a COUNCIL REGULATION amending Council Regulation (EC) No 601/2004 of 22 March 2004 laying down certain control measures applicable to fishing activities in the area covered by the Convention on the conservation of Antarctic marine living resources and repealing Regulations (EEC) No 3943/90, (EC) No 66/98 and (EC) No 1721/1999 (presented by the Commission) EXPLANATORY MEMORANDUM The Community has been a Contracting Party to the Convention on the conservati...",EUR-Lex - 52006PC0867 - EN - EUR-Lex,success,2025-10-25T18:44:29Z,125,0.0672404518558364,No,NA,NA,NA,High,EC,NA,Joffrey
52007DC0597,f7b6c0cd-2ed0-4e4e-9f00-9feb95acc89d,"Communication from the Commission to the Council concerning the European Community's participation in the fifth Ministerial Conference on the Protection of Forests in Europe (Warsaw, 5 – 7 November 2007)",COMMUNIC,2007-10-12T00:00:00Z,European Commission,3,manual,COMMUNIC,https://eur-lex.europa.eu/legal-content/EN/TXT/?uri=CELEX:52007DC0597,"Important legal notice | 52007DC0597 Communication from the Commission to the Council concerning the European Community's participation in the fifth Ministerial Conference on the Protection of Forests in Europe (Warsaw, 5 – 7 November 2007)  /* COM/2007/0597 final */ [pic] | COMMISSION OF THE EUROPEAN COMMUNITIES | Brussels, 12.10.2007 COM(2007) 597 final COMMUNICATION FROM THE COMMISSION TO THE COUNCIL concerning the European Community's participation in the fifth Ministerial Conference on the Protection of Forests in Europe (Warsaw, 5 – 7 November 2007) COMMUNICATION FROM THE COMMISSION TO THE COUNCIL concerning the European Community's participation in the fifth Ministerial Conference on the Protection of Forests in Europe (Warsaw, 5 – 7 November 2007) The next Ministerial Conference on the Protection of Forests in Europe will take place in Warsaw on 5, 6 and 7 November 2007. More than 40 European States, among them all EU Member States, will attend the Conference, which is organ...",EUR-Lex - 52007DC0597 - EN - EUR-Lex,success,2025-10-26T13:23:44Z,49,0.0689170182841068,No,NA,NA,NA,High,EC,NA,Joffrey
52003PC0051,71117b22-6bf5-49dc-ad30-702649a85039,Proposal for a Decision of the European Parliament and of the Council for a monitoring mechanism of Community greenhouse gas emissions and the implementation of the Kyoto Protocol,PROP_DEC,2003-02-05T00:00:00Z,European Commission,11,proposal,NA,https://eur-lex.europa.eu/legal-content/EN/TXT/?uri=CELEX:52003PC0051,"Avis juridique important | 52003PC0051 Proposal for a Decision of the European Parliament and of the Council for a monitoring mechanism of Community greenhouse gas emissions and the implementation of the Kyoto Protocol  /* COM/2003/0051 final - COD 2003/0029 */ Proposal for a DECISION OF THE EUROPEAN PARLIAMENT AND OF THE COUNCIL for a monitoring mechanism of Community greenhouse gas emissions and the implementation of the Kyoto Protocol (presented by the Commission) EXPLANATORY MEMORANDUM 1. JUSTIFICATION FOR THE PROPOSAL 1.1 General considerations This proposal for a Decision regarding a monitoring mechanism of Community greenhouse gas emissions and the implementation of the Kyoto Protocol will replace Council Decision 93/389/EEC for a monitoring mechanism of Community CO2 and other greenhouse gas emissions [1], which established a mechanism for monitoring anthropogenic greenhouse gas emissions and evaluating progress towards meeting commitments in respect of these emissions. [1] ...",EUR-Lex - 52003PC0051 - EN - EUR-Lex,success,2025-10-25T10:31:22Z,386,0.063465965143045,Yes,Post-Growth,Neoclassical,NA,Medium,EC,The justification here seems purely political in nature.,Joffrey
52001DC0615,fe64cc2c-782f-4f08-9530-d7add46c698c,Communication from the Commission - Environmental co-operation in the Danube - Black Sea Region,COMMUNIC,2001-10-30T00:00:00Z,European Commission,11,manual,COMMUNIC,https://eur-lex.europa.eu/legal-content/EN/TXT/?uri=CELEX:52001DC0615,"Avis juridique important | 52001DC0615 Communication from the Commission - Environmental co-operation in the Danube - Black Sea Region  /* COM/2001/0615 final */ COMMUNICATION FROM THE COMMISSION - Environmental co-operation in the Danube - Black Sea Region CONTENTS 1. Introduction 2. The Environmental Challenges in the Region 2.1. The Danube 2.2. The Black Sea 3. Existing Environmental co-operation in the region 4. Key Environmental Objectives 5. Proposed Actions 6. Conclusion Annex 1 List of Acronyms Annex 2 Environmental co-operation in the region Annex 2.1 International Commission for the Protection of the Danube River Annex 2.2 Convention on the Protection of the Black Sea Against Pollution Annex 2.3 Other players Annex 3 Population in the Danube and Black Sea Region Executive Summary The Danube - Black Sea Region contains the single most important non-oceanic body of water in Europe. Every year, about 350 cubic kilometres of river water pour from the Danube into the Black Sea ...",EUR-Lex - 52001DC0615 - EN - EUR-Lex,success,2025-10-26T20:52:28Z,853,0.0980572479595355,Yes,Neoclassical,GG-Keynesianism,NA,High,EC,NA,Joffrey
52015SC0056,33d9ec4c-c65f-11e4-bbe1-01aa75ed71a1,COMMISSION STAFF WORKING DOCUMENT Report on the implementation of the Water Framework Directive River Basin Management Plans Member State: SPAIN Accompanying the document COMMUNICATION FROM THE EUROPEAN COMMISSION TO THE EUROPEAN PARLIAMENT AND THE COUNCIL The Water Framework Directive and the Floods Directive: Actions towards the 'good status' of EU water and to reduce flood risks,SWD,2015-03-09T00:00:00Z,European Commission,15,manual,SWD,https://eur-lex.europa.eu/legal-content/EN/TXT/?uri=CELEX:52015SC0056,"| 52015SC0056 COMMISSION STAFF WORKING DOCUMENT Report on the implementation of the Water Framework Directive River Basin Management Plans Member State: SPAIN Accompanying the document COMMUNICATION FROM THE EUROPEAN COMMISSION TO THE EUROPEAN PARLIAMENT AND THE COUNCIL The Water Framework Directive and the Floods Directive: Actions towards the 'good status' of EU water and to reduce flood risks /* SWD/2015/0056 final */ TABLE OF CONTENTS 1        GENERAL
INFORMATION.. 4 2        STATUS
OF REPORTING AND COMPLIANCE.. 8 2.1          Main
strengths. 9 2.2          Main
weaknesses. 9 3        GOVERNANCE.. 10 3.1          River
Basin Management Plans (RBMPs) – Structure, completeness, legal status. 10 3.2          Consultation.. 10 4        CHARACTERISATION
OF RIVER BASIN DISTRICTS. 13 4.1          Typology
of Surface Water. 13 4.2          Delineation
of Surface Water Bodies. 14 4.3          Identification
of significant pressures and impacts. 16 4.4          Protected
areas. ...",EUR-Lex - 52015SC0056 - EN - EUR-Lex,success,2025-10-27T10:18:37Z,1423,0.0883960740464654,No,NA,NA,NA,High,EC,NA,Joffrey
52006DC0342,6d817f56-b1a3-459c-adca-8b7a2cbd5e1f,Communication from the Commission to the Council - Review of the derogations in Annexes II and III of Council Directive 2003/96/EC that expire by the end of 2006,COMMUNIC,2006-06-30T00:00:00Z,European Commission,9,manual,COMMUNIC,https://eur-lex.europa.eu/legal-content/EN/TXT/?uri=CELEX:52006DC0342,"Important legal notice | 52006DC0342 Communication from the Commission to the Council - Review of the derogations in Annexes II and III of Council Directive 2003/96/EC that expire by the end of 2006  /* COM/2006/0342 final */ [pic] | COMMISSION OF THE EUROPEAN COMMUNITIES | Brussels, 30.06.2006 COM(2006) 342 final COMMUNICATION FROM THE COMMISSION TO THE COUNCIL Review of the derogationsin Annexes II and III of Council Directive 2003/96/ECthat expire by the end of 2006 COMMUNICATION FROM THE COMMISSION TO THE COUNCIL Review of the derogations in Annexes II and III of Council Directive 2003/96/EC that expire by the end of 2006 TABLE OF CONTENTS 1. Introduction 3 2. Assessment of the derogations 4 2.1. Derogations whose objectives are taken into account through the flexibility offered by the general provisions of the Energy Tax Directive 5 2.1.1. Differentiation in rates according to Article 5 6 2.1.2. The specific case of public transport 6 2.1.3. Tax differentiation applicable to ce...",EUR-Lex - 52006DC0342 - EN - EUR-Lex,success,2025-10-26T18:33:08Z,181,0.0414472177696359,No,NA,NA,NA,High,EC,NA,Joffrey
51995PC0391(01),647d8254-fbe4-4a58-8365-27f525abb9a2,PROPOSAL FOR A COUNCIL REGULATION OF REPEALING REGULATION NR 388/75/EEC ON NOTIFYING THE COMMISSION OF EXPORTS OF CRUDE OIL AND NATURAL GAS TO THIRD COUNTRIES,PROP_REG,1995-07-26T00:00:00Z,European Commission,12,proposal,NA,https://eur-lex.europa.eu/legal-content/EN/TXT/?uri=CELEX:51995PC0391(01),"Do you want to help improving EUR-Lex ? This is a list of experimental features that you can enable. These features are still under development; they are not fully tested, and might reduce EUR-Lex stability. Don't forget to give your feedback! This document is an excerpt from the EUR-Lex website EU law EU case-law Official Journal National law and case-law Information Document 51995PC0391(01) PROPOSAL FOR A COUNCIL REGULATION OF REPEALING REGULATION NR 388/75/EEC ON NOTIFYING THE COMMISSION OF EXPORTS OF CRUDE OIL AND NATURAL GAS TO THIRD COUNTRIES PROPOSAL FOR A COUNCIL REGULATION OF REPEALING REGULATION NR 388/75/EEC ON NOTIFYING THE COMMISSION OF EXPORTS OF CRUDE OIL AND NATURAL GAS TO THIRD COUNTRIES PROPOSAL FOR A COUNCIL REGULATION OF REPEALING REGULATION NR 388/75/EEC ON NOTIFYING THE COMMISSION OF EXPORTS OF CRUDE OIL AND NATURAL GAS TO THIRD COUNTRIES /* COM/95/0391 final - CNS 95/0214 */ Languages and formats available",EUR-Lex - 51995PC0391(01) - EN - EUR-Lex,success,2025-10-26T01:51:01Z,6,0.0535714285714285,No,NA,NA,NA,High,EC,NA,Joffrey
52009PC0541,11f46406-b61d-444e-98a4-0e15b12f0bf6,Proposal for a Council Regulation amending Regulation (EC) No 708/2007 concerning use of alien and locally absent species in aquaculture {SEC(2009)1347},PROP_REG,2009-10-15T00:00:00Z,European Commission,15,proposal,NA,https://eur-lex.europa.eu/legal-content/EN/TXT/?uri=CELEX:52009PC0541,"Important legal notice | 52009PC0541 Proposal for a Council Regulation amending Regulation (EC) No 708/2007 concerning use of alien and locally absent species in aquaculture {SEC(2009)1347}  /* COM/2009/0541 final - CNS 2009/0153 */ [pic] | COMMISSION OF THE EUROPEAN COMMUNITIES | Brussels, 15.10.2009 COM(2009) 541 final 2009/0153 (CNS) Proposal for a COUNCIL REGULATION amending Regulation (EC) No 708/2007 concerning use of alien and locally absent species in aquaculture {SEC(2009)1347} EXPLANATORY MEMORANDUM CONTEXT OF THE PROPOSAL -  Grounds for and objectives of the proposal Council Regulation (EC) No 708/2007 concerning use of alien and locally absent species in aquaculture was adopted on 11 June 2007. It establishes a framework governing aquaculture practices in relation to alien and locally absent species to assess and minimise the possible impact of these species and any associated non-target species on aquatic habitats. The Regulation provides for a permit system to be estab...",EUR-Lex - 52009PC0541 - EN - EUR-Lex,success,2025-10-26T06:49:09Z,173,0.0775437023756163,No,NA,NA,NA,High,EC,NA,Joffrey
51992DC0494,a4c7b3b2-6834-4547-bacf-62133b416f90,COMMUNICATION FROM THE COMMISSION - THE FUTURE DEVELOPMENT OF THE COMMON TRANSPORT POLICY - A global to the construction of a Community framework for sustainable mobility,COMMUNIC,1992-12-02T00:00:00Z,European Commission,7,manual,COMMUNIC,https://eur-lex.europa.eu/legal-content/EN/TXT/?uri=CELEX:51992DC0494,"Do you want to help improving EUR-Lex ? This is a list of experimental features that you can enable. These features are still under development; they are not fully tested, and might reduce EUR-Lex stability. Don't forget to give your feedback! This document is an excerpt from the EUR-Lex website EU law EU case-law Official Journal National law and case-law Information Document 51992DC0494 COMMUNICATION FROM THE COMMISSION - THE FUTURE DEVELOPMENT OF THE COMMON TRANSPORT POLICY - A global to the construction of a Community framework for sustainable mobility COMMUNICATION FROM THE COMMISSION - THE FUTURE DEVELOPMENT OF THE COMMON TRANSPORT POLICY - A global to the construction of a Community framework for sustainable mobility COMMUNICATION FROM THE COMMISSION - THE FUTURE DEVELOPMENT OF THE COMMON TRANSPORT POLICY - A global to the construction of a Community framework for sustainable mobility /* COM/92/494FINAL */ Languages and formats available",EUR-Lex - 51992DC0494 - EN - EUR-Lex,success,2025-10-26T16:38:24Z,6,0.0526315789473684,Yes,Neoclassical,GG-Keynesianism,GG-Evolutionary,High,EC,NA,Joffrey
52011SC1314,38998ee8-d534-4a6d-8705-7555da54e373,COMMISSION STAFF WORKING PAPER ANNUAL REPORT ON THE INSTRUMENT FOR STRUCTURAL POLICIES FOR PRE-ACCESSION (ISPA) 2010,SWD,2011-11-04T00:00:00Z,European Commission,11,manual,SWD,https://eur-lex.europa.eu/legal-content/EN/TXT/?uri=CELEX:52011SC1314,"| 52011SC1314 COMMISSION STAFF WORKING PAPER ANNUAL REPORT ON THE INSTRUMENT FOR STRUCTURAL POLICIES FOR PRE-ACCESSION (ISPA) 2010 /* SEC/2011/1314 final */ ISPA PROJECT DATA TABLE || 2010 || 2005-2010 Sub-sector || Reference Number || Project || Eligible cost || ISPA grant || Committed || Paid || Committed || Paid ENVIRONMENT Water and wastewater including treatment || 2005HR16PPE001 || Karlovac Water and Wastewater Programme || 36,000,000.00 || 22,500,000.00 || 0.00 || 2,950,858.49 || 22,500,000.00 || 9,668,557.17 || Sub-total ||   || 36,000,000.00 || 22,500,000.00 || 0.00 || 2,950,858.49 || 22,500,000.00 || 9,668,557.17 || 2010 || 2005-2010 Sub-sector || Reference Number || Project || Eligible cost || ISPA grant || Committed || Paid || Committed || Paid Solid waste || 2005HR16PPE 003 || Bikarac Regional Waste Management Centre || 8,823,601.00 || 6,000,049.00 || 0.00 || 837,193.08 || 6,000,049.00 || 1,437,198.08 || Sub-total ||   || 8,823,601.00 || 6,000,049.00 || 0.00 || 837,193....",EUR-Lex - 52011SC1314 - EN - EUR-Lex,success,2025-10-26T21:52:29Z,19,0.070631970260223,No,NA,NA,NA,High,EC,NA,Joffrey
52001PC0634(01),4e8f8c3c-2402-446f-a58b-0362e93cf192,Proposal for a regulation of the European Parliament and of the Council amending Council Regulation (EEC) No 3528/86 on the protection of the Community's forests against atmospheric pollution,PROP_REG,2001-11-07T00:00:00Z,European Commission,3,proposal,NA,https://eur-lex.europa.eu/legal-content/EN/TXT/?uri=CELEX:52001PC0634(01),"Avis juridique important | 52001PC0634(01) Proposal for a regulation of the European Parliament and of the Council amending Council Regulation (EEC) No 3528/86 on the protection of the Community's forests against atmospheric pollution  /* COM/2001/0634 final - COD 2001/0267 */ Official Journal 051 E , 26/02/2002 P. 0342 - 0342 Proposal for a REGULATION OF THE EUROPEAN PARLIAMENT AND OF THE COUNCIL amending Council Regulation (EEC) No 3528/86 on the protection of the Community's forests against atmospheric pollution (presented by the Commission) EXPLANATORY MEMORANDUM Council Regulations (EEC) No 3528/86 on the protection of the Community's forests against atmospheric pollution and (EEC) No 2158/92 on protection of the Community's forests against fire will expire on 31 December 2001. Under Articles 11(3) and 10(3) of the above Regulations, the Commission is required to submit a revision proposal to Parliament and the Council before the end of the application period, covering in parti...",EUR-Lex - 52001PC0634(01) - EN - EUR-Lex,success,2025-10-25T03:03:19Z,18,0.0331491712707182,No,NA,NA,NA,High,EC,NA,Joffrey
51998PC0523,707d23d1-56c9-4a97-88db-33a7abcbce84,Proposal for a Council Regulation (EC) amending Council Regulations (EC) No 1890/97 and (EC) No 1891/97 imposing definitive anti-dumping and countervailing duties on imports of farmed Atlantic salmon originating in Norway,PROP_REG,1998-09-11T00:00:00Z,European Commission,11,proposal,NA,https://eur-lex.europa.eu/legal-content/EN/TXT/?uri=CELEX:51998PC0523,"Do you want to help improving EUR-Lex ? This is a list of experimental features that you can enable. These features are still under development; they are not fully tested, and might reduce EUR-Lex stability. Don't forget to give your feedback! This document is an excerpt from the EUR-Lex website EU law EU case-law Official Journal National law and case-law Information Document 51998PC0523 Proposal for a Council Regulation (EC) amending Council Regulations (EC) No 1890/97 and (EC) No 1891/97 imposing definitive anti-dumping and countervailing duties on imports of farmed Atlantic salmon originating in Norway Proposal for a Council Regulation (EC) amending Council Regulations (EC) No 1890/97 and (EC) No 1891/97 imposing definitive anti-dumping and countervailing duties on imports of farmed Atlantic salmon originating in Norway Proposal for a Council Regulation (EC) amending Council Regulations (EC) No 1890/97 and (EC) No 1891/97 imposing definitive anti-dumping and countervailing dutie...",EUR-Lex - 51998PC0523 - EN - EUR-Lex,success,2025-10-25T20:21:52Z,6,0.0512820512820512,NA,NA,NA,NA,NA,EC,Cannot access this document,Joffrey
51998PC0489,af24eac8-eefc-45a6-bf5f-87529b308d29,Proposal for a Council Directive relating to the availability of consumer information on fuel economy in respect of the marketing of new passenger cars,PROP_DIR,1998-09-03T00:00:00Z,European Commission,15,proposal,NA,https://eur-lex.europa.eu/legal-content/EN/TXT/?uri=CELEX:51998PC0489,"Avis juridique important | 51998PC0489 Proposal for a Council Directive relating to the availability of consumer information on fuel economy in respect of the marketing of new passenger cars  /* COM/98/0489 final - SYN 98/0272 */ Official Journal C 305 , 03/10/1998 P. 0002 Proposal for a Council Directive relating to the availability of consumer information on fuel economy in respect of the marketing of new passenger cars (98/C 305/02) (Text with EEA relevance) COM(1998) 489 final - 98/0272(SYN) (Submitted by the Commission on 3 September 1998) THE COUNCIL OF THE EUROPEAN UNION, Having regard to the Treaty establishing the European Community and in particular Article 130s(1) thereof, Having regard to the proposal from the Commission, Having regard to the opinion of the Economic and Social Committee, Acting in accordance with the procedure laid down in Article 189c of the Treaty in cooperation with the European Parliament, (1) Whereas Article 130r of the Treaty requires prudent and r...",EUR-Lex - 51998PC0489 - EN - EUR-Lex,success,2025-10-26T07:40:55Z,152,0.0586872586872586,Yes,Neoclassical,NA,NA,High,EC,NA,Joffrey
31996Y0513(01),3b71723d-79e5-41c4-8b61-6e5f791f5b83,Commission interpretative communication on procedures for the type-approval and registration of vehicles previously registered in another Member State,COMMUNIC,1996-05-15T00:00:00Z,European Commission,7,manual,COMMUNIC,https://eur-lex.europa.eu/legal-content/EN/TXT/?uri=CELEX:31996Y0513(01),"Avis juridique important | 31996Y0513(01) Commission interpretative communication on procedures for the type-approval and registration of vehicles previously registered in another Member State Official Journal C 143 , 15/05/1996 P. 0004 - 0016 Commission interpretative communication on procedures for the type-approval and registration of vehicles previously registered in another Member State (96/C 143/04) I. INTRODUCTION This interpretative Communication sets out the principles of Community law governing the conditions for the type-approval and registration in the Member States of vehicles previously registered in other Member States and describes the rights which individuals derive from the direct applicability of Community law and the procedural guarantees to which they are entitled in such a case. This Communication updates Commission Communication 88/C 281/08 (1) which it replaces in its entirety. Communication 88/C 281/08 has proved to be most persuasive and helpful, resulting ...",EUR-Lex - 31996Y0513(01) - EN - EUR-Lex,success,2025-10-26T17:20:42Z,186,0.0334592552617377,No,NA,NA,NA,High,EC,NA,Joffrey
52010PC0406,02c1fe39-1287-4cf0-84fd-526f5b65cd8d,"Proposal for a COUNCIL DECISION on conclusion of a voluntary partnership agreement between the European Union and the Republic of Cameroon on forest law enforcement, governance and trade in timber and derived products to the European Union (FLEGT)",PROP_DEC,2010-07-28T00:00:00Z,European Commission,11,proposal,NA,https://eur-lex.europa.eu/legal-content/EN/TXT/?uri=CELEX:52010PC0406,"| 52010PC0406 Proposal for a COUNCIL DECISION on conclusion of a voluntary partnership agreement between the European Union and the Republic of Cameroon on forest law enforcement, governance and trade in timber and derived products to the European Union (FLEGT)  /* COM/2010/0406 final - NLE 2010/0217 */ [pic] | EUROPEAN COMMISSION | Brussels, 28.7.2010 COM(2010)406 final 2010/0217 (NLE) Proposal for a COUNCIL DECISION on conclusion of a voluntary partnership agreement between the European Union and the Republic of Cameroon on forest law enforcement, governance and trade in timber and derived products to the European Union (FLEGT) EXPLANATORY MEMORANDUM The Action Plan on Forest Law Enforcement, Governance and Trade (FLEGT)[1], endorsed by the Council in 2003[2], proposes a set of measures that include support for timber-producing countries, multilateral collaboration to tackle trade in illegal timber, support for private sector initiatives and measures to stop investment in activiti...",EUR-Lex - 52010PC0406 - EN - EUR-Lex,success,2025-10-25T13:16:15Z,1077,0.0351283473042173,No,NA,NA,NA,High,EC,NA,Joffrey
52017SC0060,b4753682-ec53-11e6-ad7c-01aa75ed71a1,"COMMISSION STAFF WORKING DOCUMENT The EU Environmental Implementation Review Country Report - IRELAND Accompanying the document Communication from the Commission to the European Parliament, the Council, the European Economic and Social Committee and the Committee of the Regions The EU Environmental Implementation Review: Common Challenges and how to combine efforts to deliver better results",SWD,2017-02-03T00:00:00Z,European Commission,15,manual,SWD,https://eur-lex.europa.eu/legal-content/EN/TXT/?uri=CELEX:52017SC0060,"EUROPEAN COMMISSION Brussels, 3.2.2017 SWD(2017) 60 final COMMISSION STAFF WORKING DOCUMENT The EU Environmental Implementation Review Country Report - IRELAND Accompanying the document Communication from the Commission to the European Parliament, the Council, the European Economic and Social Committee and the Committee of the Regions The EU Environmental Implementation Review: Common Challenges and how to combine efforts to deliver better results {COM(2017) 63 final} {SWD(2017) 33 - 59 final} This report has been written by the staff of the Directorate-General for Environment, European Commission. Any comments are welcome to the following e-mail address: ENV-EIR@ec.europa.eu More information on the European Union is available on the internet ( http://europa.eu ). Photographs: p.8 – ©LIFE00 ENV/IRL/000764/Dublic City Council/, p.12 – ©Nikada/iStock, p.20 – ©Diego Lopez Sebastian/iStock, p.26 – ©MOF/iStock For reproduction or use of these photos, permission must be sought directly fr...",EUR-Lex - 52017SC0060 - EN - EUR-Lex,success,2025-10-27T10:04:20Z,1314,0.1024721204086407,Yes,Admin-only,NA,NA,High,EC,NA,Joffrey
52003PC0319,97a6f3de-2e3c-4e5f-b8bc-255b0325d650,Proposal for a Directive of the European Parliament and of the Council on the management of waste from the extractive industries,PROP_DIR,2003-06-02T00:00:00Z,European Commission,15,proposal,NA,https://eur-lex.europa.eu/legal-content/EN/TXT/?uri=CELEX:52003PC0319,"Avis juridique important | 52003PC0319 Proposal for a Directive of the European Parliament and of the Council on the management of waste from the extractive industries  /* COM/2003/0319 final - COD 2003/0107 */ Proposal for a DIRECTIVE OF THE EUROPEAN PARLIAMENT AND OF THE COUNCIL on the management of waste from the extractive industries (presented by the Commission) EXPLANATORY MEMORANDUM 1. Policy considerations Waste from the extractive industries represents a large waste stream in the EU. It involves materials that must be removed to gain access to the mineral resource, such as topsoil, overburden and waste rock, as well as tailings remaining after minerals have been largely extracted from the ore. It is estimated that such waste amounts to about 29% of total waste generated in the EU each year, with an annual volume in excess of 400 million tonnes. [1] [1]  EEA at http://themes.eea.eu.int/ Environmental_issues/waste/indicators/generation/index_html. Some of these wastes are ine...",EUR-Lex - 52003PC0319 - EN - EUR-Lex,success,2025-10-26T07:46:19Z,1222,0.0658724597056762,No,NA,NA,NA,High,EC,NA,Joffrey
52006SC0942,7b927106-01a1-4828-813d-5f0f09d9daed,"Commission staff working document - Annex to the Communication from the Commission - Summary of the activities carried out during 2004 and 2005 in implementation of Title II, Chapters 3 to 10, of the Euratom Treaty {COM(2006) 395 final}",SWD,2006-07-14T00:00:00Z,European Commission,12,manual,SWD,https://eur-lex.europa.eu/legal-content/EN/TXT/?uri=CELEX:52006SC0942,"Important legal notice | 52006SC0942 Commission staff working document - Annex to the Communication from the Commission - Summary of the activities carried out during 2004 and 2005 in implementation of Title II, Chapters 3 to 10, of the Euratom Treaty {COM(2006) 395 final}  /* SEC/2006/0942 */ [pic] | COMMISSION OF THE EUROPEAN COMMUNITIES | Brussels, 14.7.2006 SEC(2006) 942 COMMISSION STAFF WORKING DOCUMENT Annex to theCOMMUNICATION FROM THE COMMISSIONSummary of the activities carried out during 2004 and 2005 in implementation of Title II, Chapters 3 to 10, of the Euratom Treaty{COM(2006) 395 final} Table of contents 1. INFRINGEMENT CASES 3 2. NUCLEAR SAFEGUARDS 3 2.1. Material Balance Evaluation 3 2.2. Safeguards Inspection activities 4 2.3. Communication on nuclear safeguards 4 2.4. Non-proliferation 4 3. IMPLEMENTATION OF BILATERAL AGREEMENTS WITH AUSTRALIA, CANADA AND THE USA 5 4. RESOURCES 5 1. INFRINGEMENT CASES Under Chapter 3, infringement cases addressed unsatisfactory env...",EUR-Lex - 52006SC0942 - EN - EUR-Lex,success,2025-10-26T23:02:49Z,40,0.0365965233302836,No,NA,NA,NA,High,EC,NA,Joffrey
52001PC0515,28258d68-c854-46c7-b968-7ffcc5d72c09,"Proposal for a Council Decision relating to the conclusion of an Agreement between the European Community and the Republic of Malta concerning fish and fishery products, in the form of an additional Protocol completing the Agreement establishing an association between the European Economic Community and Malta.",PROP_DEC,2001-09-17T00:00:00Z,European Commission,11,proposal,NA,https://eur-lex.europa.eu/legal-content/EN/TXT/?uri=CELEX:52001PC0515,"Avis juridique important | 52001PC0515 Proposal for a Council Decision relating to the conclusion of an Agreement between the European Community and the Republic of Malta concerning fish and fishery products, in the form of an additional Protocol completing the Agreement establishing an association between the European Economic Community and Malta.  /* COM/2001/0515 final - ACC 2001/0206 */ Proposal for a COUNCIL DECISION relating to the conclusion of an Agreement between the European Community and the Republic of Malta concerning fish and fishery products, in the form of an additional Protocol completing the Agreement establishing an association between the European Economic Community and Malta. (presented by the Commission) EXPLANATORY MEMORANDUM On 4 April 2001, the Council authorised the Commission to undertake negotiations on behalf of the Community with Malta in order to further liberalise reciprocal trade in fish and fishery products. Negotiations with Malta were held on 23 A...",EUR-Lex - 52001PC0515 - EN - EUR-Lex,success,2025-10-25T13:16:20Z,70,0.0508351488743645,No,NA,NA,NA,High,EC,NA,Joffrey
51997PC0520(01),70fd7a87-c5d9-4e3b-88f0-9982a53d7708,Proposal for a Council Decision on the conclusion of the Agreement in the form of an exchange of letters concerning the provisional application of the Protocol establishing the fishing rights and financial contribution provided for in the Agreement between the European Economic Community and the Republic of Ivory Coast on fishing off the coast of Ivory Coasts for the period 1 July 1997 to 30 June 2000,PROP_DEC_NO_ADDRESSEE,1997-10-21T00:00:00Z,European Commission,11,proposal,NA,https://eur-lex.europa.eu/legal-content/EN/TXT/?uri=CELEX:51997PC0520(01),"Avis juridique important | 51997PC0520(01) Proposal for a Council Decision on the conclusion of the Agreement in the form of an exchange of letters concerning the provisional application of the Protocol establishing the fishing rights and financial contribution provided for in the Agreement between the European Economic Community and the Republic of Ivory Coast on fishing off the coast of Ivory Coasts for the period 1 July 1997 to 30 June 2000  /* COM/97/0520 final */ Official Journal C 361 , 27/11/1997 P. 0009 Proposal for a Council Decision on the conclusion of the Agreement in the form of an Exchange of Letters concerning the provisional application of the Protocol establishing the fishing rights and financial contribution provided for in the Agreement between the European Community and the Republic of the Côte d'Ivoire on fishing off the coast of the Côte d'Ivoire for the period 1 July 1997 to 30 June 2000 (97/C 361/06) COM(97) 520 final - 97/0269(CNS) (Submitted by the Commissi...",EUR-Lex - 51997PC0520(01) - EN - EUR-Lex,success,2025-10-26T00:07:55Z,30,0.0424328147100424,No,NA,NA,NA,High,EC,NA,Joffrey
52023PC0415,d36ab0dd-1c06-11ee-806b-01aa75ed71a1,"Proposal for a REGULATION OF THE EUROPEAN PARLIAMENT AND OF THE COUNCIL on the production and marketing of forest reproductive material, amending Regulations (EU) 2016/2031 and 2017/625 of the European Parliament and of the Council and repealing Council Directive 1999/105/EC (Regulation on forest reproductive material)",PROP_REG,2023-07-05T00:00:00Z,European Commission,3,proposal,NA,https://eur-lex.europa.eu/legal-content/EN/TXT/?uri=CELEX:52023PC0415,"EUROPEAN COMMISSION Brussels, 5.7.2023 COM(2023) 415 final 2023/0228(COD) Proposal for a REGULATION OF THE EUROPEAN PARLIAMENT AND OF THE COUNCIL on the production and marketing of forest reproductive material, amending Regulations (EU) 2016/2031 and 2017/625 of the European Parliament and of the Council and repealing Council Directive 1999/105/EC (Regulation on forest reproductive material) (Text with EEA relevance) {SEC(2023) 414 final} - {SWD(2023) 410 final} - {SWD(2023) 414 final} - {SWD(2023) 415 final} EXPLANATORY MEMORANDUM 1. CONTEXT OF THE PROPOSAL • Reasons for and objectives of the proposal Council Directive 1999/105/EC sets out rules on the production and marketing of forest reproductive material (‘FRM Directive’). That Directive regulates forest reproductive material (‘FRM’) which is important for forestry purposes. In the years since its adoption, several important developments have taken place, and most importantly: – the adoption of the European Green Deal 1 , which...",EUR-Lex - 52023PC0415 - EN - EUR-Lex,success,2025-10-25T03:38:19Z,812,0.0409852614577024,No,NA,NA,NA,High,EC,NA,Joffrey
52007PC0018,938e4884-48f3-4a3d-b833-705693b51fb8,"Proposal for a Directive of the European Parliament and of the Council amending Directive 98/70/EC as regards the specification of petrol, diesel and gas-oil and introducing a mechanism to monitor and the introduction of a mechanism to monitor and reduce greenhouse gas emissions from the use of road transport fuels and amending Council Directive 1999/32/EC, as regards the specification of fuel used by inland waterway vessels and repealing Directive 93/12/EEC",PROP_DIR,2007-01-31T00:00:00Z,European Commission,13,proposal,NA,https://eur-lex.europa.eu/legal-content/EN/TXT/?uri=CELEX:52007PC0018,"Important legal notice | 52007PC0018 Proposal for a Directive of the European Parliament and of the Council amending Directive 98/70/EC as regards the specification of petrol, diesel and gas-oil and introducing a mechanism to monitor and the introduction of a mechanism to monitor and reduce greenhouse gas emissions from the use of road transport fuels and amending Council Directive 1999/32/EC, as regards the specification of fuel used by inland waterway vessels and repealing Directive 93/12/EEC [pic] | COMMISSION OF THE EUROPEAN COMMUNITIES | Brussels, 31.1.2007 COM(2007) 18 final 2007/0019 (COD) Proposal for a DIRECTIVE OF THE EUROPEAN PARLIAMENT AND OF THE COUNCIL amending Directive 98/70/EC as regards the specification of petrol, diesel and gas-oil and introducing a mechanism to monitor and the introduction of a mechanism to monitor and reduce greenhouse gas emissions from the use of road transport fuels and amending Council Directive 1999/32/EC, as regards the specification of f...",EUR-Lex - 52007PC0018 - EN - EUR-Lex,success,2025-10-26T04:35:13Z,451,0.0736687357072852,Yes,Neoclassical,NA,NA,High,EC,NA,Joffrey
51998DC0495,466d88c1-9a21-4be4-b04e-5724e68090bd,Communication from the Commission to the Council and the European Parliament - Implementing the Community strategy to reduce CO2 emissions from cars: an environmental agreement with the European automobile industry,COMMUNIC,1998-07-29T00:00:00Z,European Commission,13,manual,COMMUNIC,https://eur-lex.europa.eu/legal-content/EN/TXT/?uri=CELEX:51998DC0495,"Do you want to help improving EUR-Lex ? This is a list of experimental features that you can enable. These features are still under development; they are not fully tested, and might reduce EUR-Lex stability. Don't forget to give your feedback! This document is an excerpt from the EUR-Lex website EU law EU case-law Official Journal National law and case-law Information Document 51998DC0495 Communication from the Commission to the Council and the European Parliament - Implementing the Community strategy to reduce CO2 emissions from cars: an environmental agreement with the European automobile industry Communication from the Commission to the Council and the European Parliament - Implementing the Community strategy to reduce CO2 emissions from cars: an environmental agreement with the European automobile industry Communication from the Commission to the Council and the European Parliament - Implementing the Community strategy to reduce CO2 emissions from cars: an environmental agreemen...",EUR-Lex - 51998DC0495 - EN - EUR-Lex,success,2025-10-27T03:15:02Z,6,0.0454545454545454,Yes,Neoclassical,NA,NA,High,EC,NA,Joffrey
52016PC0523,94a5cd66-69e5-11e6-9b08-01aa75ed71a1,Proposal for a COUNCIL DECISION on the conclusion of an agreement between the European Union and Iceland on the protection of geographical indications for agricultural products and foodstuffs,PROP_DEC,2016-08-24T00:00:00Z,European Commission,11,proposal,NA,https://eur-lex.europa.eu/legal-content/EN/TXT/?uri=CELEX:52016PC0523,"EUROPEAN COMMISSION Brussels, 24.8.2016 COM(2016) 523 final 2016/0252(NLE) Proposal for a COUNCIL DECISION on the conclusion of an agreement between the European Union and Iceland on the protection of geographical indications for agricultural products and foodstuffs EXPLANATORY MEMORANDUM 1. CONTEXT OF THE PROPOSAL • Reasons for and objectives of the proposal The EU and Iceland are signatories to the Agreement on the European Economic Area (EEA Agreement) which provides for the free movement of goods, with the exception of agricultural and fisheries products. Article 19 of the EEA Agreement contains provisions on trade in agricultural products. The 2007 EU-Iceland bilateral Agreement on trade preferences negotiated on the basis of Article 19 of the EEA Agreement includes among others a commitment by the Parties to promote trade in products with geographical indications (GIs). The EU-Iceland GIs negotiations were conducted from 4 July 2012 to 17 September 2015. The negotiations were ...",EUR-Lex - 52016PC0523 - EN - EUR-Lex,success,2025-10-25T13:36:34Z,725,0.0616234594135146,No,NA,NA,NA,High,EC,NA,Joffrey
52006SC1579,98fb648f-9deb-4fb5-870f-4097d92b0166,"Commission staff working document annex to the Report from the Commission to the Council and the European Parliament on the implementation of directive 94/62/ec on packaging and packaging waste and its impact on the environment, as well as on the functioning of the internal market [COM(2006) 767 final]",SWD,2006-12-06T00:00:00Z,European Commission,15,manual,SWD,https://eur-lex.europa.eu/legal-content/EN/TXT/?uri=CELEX:52006SC1579,"Do you want to help improving EUR-Lex ? This is a list of experimental features that you can enable. These features are still under development; they are not fully tested, and might reduce EUR-Lex stability. Don't forget to give your feedback! This document is an excerpt from the EUR-Lex website EU law EU case-law Official Journal National law and case-law Information Document 52006SC1579 Commission staff working document annex to the Report from the Commission to the Council and the European Parliament on the implementation of directive 94/62/ec on packaging and packaging waste and its impact on the environment, as well as on the functioning of the internal market [COM(2006) 767 final] Commission staff working document annex to the Report from the Commission to the Council and the European Parliament on the implementation of directive 94/62/ec on packaging and packaging waste and its impact on the environment, as well as on the functioning of the internal market [COM(2006) 767 fina...",EUR-Lex - 52006SC1579 - EN - EUR-Lex,success,2025-10-27T10:21:39Z,6,0.0372670807453416,NA,NA,NA,NA,NA,EC,Cannot access this document,Joffrey
52007DC0565,561fda39-2254-43a1-9808-8924b6b5db83,Communication from the Commission to the Council and the European Parliament - Nuclear Illustrative Programme {SEC(2007) 1261} {SEC(2007) 1262},COMMUNIC,2007-10-04T00:00:00Z,European Commission,12,manual,COMMUNIC,https://eur-lex.europa.eu/legal-content/EN/TXT/?uri=CELEX:52007DC0565,"Important legal notice | 52007DC0565 [pic] | COMMISSION OF THE EUROPEAN COMMUNITIES | Brussels, 4.10.2007 COM(2007) 565 final COMMUNICATION FROM THE COMMISSION TO THE COUNCIL AND THE EUROPEAN PARLIAMENT Nuclear Illustrative Programme {SEC(200 7) 1261}{SEC(2007) 1262} TABLE OF CONTENTS 1. Introduction 3 2. The global energy market 3 2.1. Market drivers 3 2.2. Global prospects and the EU-27 market 4 2.3. The Green Paper on a European strategy for sustainable, competitive and secure energy and the role of nuclear energy 5 3. EU investment in the nuclear domain 5 3.1. Nuclear power plants, worldwide and in the EU 5 3.2. Investment notifications 6 3.3. Development and investment prospects 7 4. The impact of nuclear energy on security of supply, competitiveness and environmental protection 10 4.1. The role of nuclear energy in security of supply 10 4.2. Nuclear power and competitiveness 11 4.3. Economic aspects of nuclear power plants 13 4.4. Nuclear power and climate change 15 5. Conditi...",EUR-Lex - 52007DC0565 - EN - EUR-Lex,success,2025-10-26T22:31:56Z,533,0.0605131698455949,No,NA,NA,NA,High,EC,NA,Joffrey
52005XC0712(03),d579fd19-2588-4c0f-a409-b74b19e4ecbd,Publication of an application for registration pursuant to Article 6(2) of Regulation (EEC) No 2081/92 on the protection of geographical indications and designations of origin,COMMUNIC,2005-07-12T00:00:00Z,European Commission,3,manual,COMMUNIC,https://eur-lex.europa.eu/legal-content/EN/TXT/?uri=CELEX:52005XC0712(03),"12.7.2005 EN Official Journal of the European Union C 172/7 Publication of an application for registration pursuant to Article 6(2) of Regulation (EEC) No 2081/92 on the protection of geographical indications and designations of origin (2005/C 172/05) This publication confers the right to object to the application pursuant to Articles 7 and 12d of the abovementioned Regulation. Any objection to this application must be submitted via the competent authority in a Member State, in a WTO member country or in a third country recognized in accordance with Article 12(3) within a time limit of six months from the date of this publication. The arguments for publication are set out below, in particular under 4.6, and are considered to justify the application within the meaning of Regulation (EEC) No 2081/92. SUMMARY COMMISSION REGULATION (EC) No 2081/92 ‘HUILE D'OLIVE DE NICE’ EC No: FR/00322/29.10.2003 PDO (X) PGI ( ) This summary has been drawn up for information purposes only. For full det...",EUR-Lex - 52005XC0712(03) - EN - EUR-Lex,success,2025-10-26T13:24:37Z,193,0.0972292191435768,No,NA,NA,NA,High,EC,NA,Joffrey
51999DC0459,e406bdc7-1a0b-40cd-b77c-43936db93127,"Communication from the Commission to the Council - Request by the Italian Government for authorisation to introduce a measure derogating from Council Directive 92/81/EEC, based on Article 8(4) of that Directive, in respect of a reduced rate of excise duty on automotive diesel fuel for commercial vehicles",COMMUNIC,1999-10-06T00:00:00Z,European Commission,9,manual,COMMUNIC,https://eur-lex.europa.eu/legal-content/EN/TXT/?uri=CELEX:51999DC0459,"Avis juridique important | 51999DC0459 Communication from the Commission to the Council - Request by the Italian Government for authorisation to introduce a measure derogating from Council Directive 92/81/EEC, based on Article 8(4) of that Directive, in respect of a reduced rate of excise duty on automotive diesel fuel for commercial vehicles  /* COM/99/0459 final */ COMMUNICATION FROM THE COMMISSION TO THE COUNCIL Request by the Italian Government for authorisation to introduce a measure derogating from Council Directive 92/81/EEC, based on Article 8(4) of that Directive, in respect of a reduced rate of excise duty on automotive diesel fuel for commercial vehicles 1. Introduction (a) In accordance with Council directive 92/81/EEC, Member States are required to apply the harmonised system for the structures of excise duties on mineral oils. Under Article 8(4) of that Directive, the Council may authorise any Member State to introduce further duty exemptions or reductions for specific...",EUR-Lex - 51999DC0459 - EN - EUR-Lex,success,2025-10-26T18:38:21Z,45,0.039787798408488,Yes,Neoclassical,NA,NA,High,EC,NA,Joffrey
52020SC0372,af9855db-412a-11eb-b27b-01aa75ed71a1,"COMMISSION STAFF WORKING DOCUMENT Commission Recommendations for Greece’s CAP strategic plan Accompanying the document COMMUNICATION FROM THE COMMISSION TO THE EUROPEAN PARLIAMENT, THE COUNCIL, THE EUROPEAN ECONOMIC AND SOCIAL COMMITTEE AND THE COMMITTEE OF THE REGIONS Recommendations to the Member States as regards their strategic plan for the Common Agricultural Policy",SWD,2020-12-18T00:00:00Z,European Commission,3,manual,SWD,https://eur-lex.europa.eu/legal-content/EN/TXT/?uri=CELEX:52020SC0372,"EUROPEAN COMMISSION Brussels, 18.12.2020 SWD(2020) 372 final COMMISSION STAFF WORKING DOCUMENT Commission Recommendations for Greece’s CAP strategic plan Accompanying the document COMMUNICATION FROM THE COMMISSION TO THE EUROPEAN PARLIAMENT, THE COUNCIL, THE EUROPEAN ECONOMIC AND SOCIAL COMMITTEE AND THE COMMITTEE OF THE REGIONS Recommendations to the Member States as regards their strategic plan for the Common Agricultural Policy {COM(2020) 846 final} - {SWD(2020) 367 final} - {SWD(2020) 368 final} - {SWD(2020) 369 final} - {SWD(2020) 370 final} - {SWD(2020) 371 final} - {SWD(2020) 373 final} - {SWD(2020) 374 final} - {SWD(2020) 375 final} - {SWD(2020) 376 final} - {SWD(2020) 377 final} - {SWD(2020) 379 final} - {SWD(2020) 384 final} - {SWD(2020) 385 final} - {SWD(2020) 386 final} - {SWD(2020) 387 final} - {SWD(2020) 388 final} - {SWD(2020) 389 final} - {SWD(2020) 390 final} - {SWD(2020) 391 final} - {SWD(2020) 392 final} - {SWD(2020) 393 final} - {SWD(2020) 394 final} - {SWD(2020)...",EUR-Lex - 52020SC0372 - EN - EUR-Lex,success,2025-10-26T15:18:07Z,928,0.0907401975163782,No,NA,NA,NA,High,EC,NA,Joffrey
52008PC0505,75d3dc5a-61e4-4e8c-bc7d-f03e3e05e8f2,Proposal for a Regulation of the European Parliament and of the Council of […] on substances that deplete the ozone layer (Recast) (Text with EEA relevance) {SEC(2008)2366 final} {SEC(2008)2367 final},PROP_REG,2008-08-01T00:00:00Z,European Commission,15,proposal,NA,https://eur-lex.europa.eu/legal-content/EN/TXT/?uri=CELEX:52008PC0505,"Important legal notice | 52008PC0505 Proposal for a Regulation of the European Parliament and of the Council of […] on substances that deplete the ozone layer (Recast) (Text with EEA relevance) {SEC(2008)2366 final} {SEC(2008)2367 final}  /* COM/2008/0505 final - COD 2008/0165 */ [pic] | COMMISSION OF THE EUROPEAN COMMUNITIES | Brussels, 1.8.2008 COM(2008) 505 final 2008/0165 (COD) COMMUNICATION FROM THE COMMISSION TO THE COUNCIL, THE EUROPEAN PARLIAMENT, THE ECONOMIC AND SOCIAL COMMITTEE AND THE COMMITTEE OF THE REGIONS Completing the phase-out of substances that deplete the ozone layer Better regulation building on 20 years of success PART 1 {SEC(2008) 2366 final}{SEC(2008) 2367 final} COMMUNICATION FROM THE COMMISSION TO THE COUNCIL, THE EUROPEAN PARLIAMENT, THE ECONOMIC AND SOCIAL COMMITTEE AND THE COMMITTEE OF THE REGIONS Completing the phase-out of substances that deplete the ozone layer Better regulation building on 20 years of success INTRODUCTION The stratospheric ozone lay...",EUR-Lex - 52008PC0505 - EN - EUR-Lex,success,2025-10-26T06:50:42Z,71,0.0354468297553669,No,NA,NA,NA,High,EC,NA,Joffrey
52001PC0543,c7868abb-c730-43e1-aeaa-d4ff095749b4,Proposal for a Directive of the European Parliament and of the Council amending Council Directives 70/156/EEC and 80/1268/EEC as regards the measurement of carbon dioxide emissions and fuel consumption of N1 vehicles,PROP_DIR,2001-10-24T00:00:00Z,European Commission,13,proposal,NA,https://eur-lex.europa.eu/legal-content/EN/TXT/?uri=CELEX:52001PC0543,"Avis juridique important | 52001PC0543 Proposal for a Directive of the European Parliament and of the Council amending Council Directives 70/156/EEC and 80/1268/EEC as regards the measurement of carbon dioxide emissions and fuel consumption of N1 vehicles  /* COM/2001/0543 final - COD 2001/0255 */ Official Journal 051 E , 26/02/2002 P. 0317 - 0319 Proposal for a DIRECTIVE OF THE EUROPEAN PARLIAMENT AND OF THE COUNCIL amending Council Directives 70/156/EEC and 80/1268/EEC as regards the measurement of carbon dioxide emissions and fuel consumption of N1 vehicles (presented by the Commission) EXPLANATORY MEMORANDUM A. Objective of the proposal The objective of the proposal is to amend Directive 80/1268/EEC, as last amended by Directive 1999/100/EC, in order to extend the scope of the Directive to N1 vehicles (light commercial vehicles). Currently, this Directive only applies to M1 vehicles (passenger cars). The proposal introduces harmonised mandatory requirements for the measurement o...",EUR-Lex - 52001PC0543 - EN - EUR-Lex,success,2025-10-26T04:23:04Z,238,0.0765273311897106,Yes,Neoclassical,NA,NA,High,EC,NA,Joffrey
52019SC0437,f164054b-20d8-11ea-95ab-01aa75ed71a1,"COMMISSION STAFF WORKING DOCUMENT […] Accompanying the document Report from the Commission to the Council, the European Parliament and the European Economic and Social Committee on the implementation by the Member States of Council Directive 2006/117/EURATOM on the supervision and control of shipments of radioactive waste and spent fuel Third Report",SWD,2019-12-17T00:00:00Z,European Commission,15,manual,SWD,https://eur-lex.europa.eu/legal-content/EN/TXT/?uri=CELEX:52019SC0437,"EUROPEAN COMMISSION Brussels, 17.12.2019 SWD(2019) 437 final COMMISSION STAFF WORKING DOCUMENT […] Accompanying the document Report from the Commission to the Council, the European Parliament and the European Economic and Social Committee on the implementation by the Member States of Council Directive 2006/117/EURATOM on the supervision and control of shipments of radioactive waste and spent fuel Third Report {COM(2019) 633 final} Contents LIST OF ABBREVIATIONS AND ACRONYMS…………………………………………..……2 1. INTRODUCTION 2. GENERAL PRINCIPLES FOR SHIPMENT OF SPENT FUEL AND RADIOACTIVE WASTE 3. STATUS OF IMPLEMENTATION OF THE GENERAL PROVISIONS 3.1. Transposition of the Directive 3.2. Standard document for the supervision and control of shipments 3.3. Competent authorities 3.4. Transmission 3.5. Regular reports 4. SHIPMENTS OF RADIOACTIVE WASTE AND SPENT FUEL IN 2015-2017 4.1. Overview of authorised shipments 4.2. Intra-Community shipments (MM type) 4.3. Extra-Community shipments (exports and i...",EUR-Lex - 52019SC0437 - EN - EUR-Lex,success,2025-10-27T10:39:42Z,333,0.0480658198614318,No,NA,NA,NA,High,EC,NA,Joffrey
51994PC0010(25),9fc8d7a0-8341-4720-a787-e7d6f120684a,Proposal for a COUNCIL REGULATION (EC) No fixing the quide price for adult bovine animals for the 1994/95 marketing year,PROP_REG,1994-02-10T00:00:00Z,European Commission,3,proposal,NA,https://eur-lex.europa.eu/legal-content/EN/TXT/?uri=CELEX:51994PC0010(25),"Avis juridique important | 51994PC0010(25) Proposal for a COUNCIL REGULATION (EC) No fixing the quide price for adult bovine animals for the 1994/95 marketing year  /* COM/94/10FINAL */ Official Journal C 083 , 19/03/1994 P. 0038 Proposal for a COUNCIL REGULATION (EC) No . . . of . . . fixing the guide price for adult bovine animals for the 1994/95 marketing year (94/C 83/25) THE COUNCIL OF THE EUROPEAN UNION, Having regard to the Treaty establishing the European Community, Having regard to Council Regulation (EEC) No 805/68 of 27 June 1968 on the common organization of the market in beef and veal (1), as last amended by Regulation (EC) No . . . (2), and in particular Article 3 (3) thereof, Having regard to the proposal from the Commission, Whereas, when the guide price for adult bovine animals is fixed, account should be taken of the objectives of the common agricultural policy; whereas the common agricultural policy aims inter alia at guaranteeing a fair standard of living for the...",EUR-Lex - 51994PC0010(25) - EN - EUR-Lex,success,2025-10-25T02:05:04Z,7,0.0341463414634146,No,NA,NA,NA,High,EC,NA,Joffrey
52006SC0138,760b049e-a58c-427f-ba59-35afa44de8c2,Commission staff working document - Annex to the Communication from the Commission - Fourth national communication from the European Community under the UN framework convention on climate change (UNFCCC) (required under Article 12 of the United Nations Framework Convention on Climate Change) {COM(2006) 40 final},SWD,2006-02-08T00:00:00Z,European Commission,11,manual,SWD,https://eur-lex.europa.eu/legal-content/EN/TXT/?uri=CELEX:52006SC0138,"Important legal notice | 52006SC0138 Commission staff working document - Annex to the Communication from the Commission - Fourth national communication from the European Community under the UN framework convention on climate change (UNFCCC) (required under Article 12 of the United Nations Framework Convention on Climate Change) {COM(2006) 40 final}  /* SEC/2006/0138 */ [pic] | COMMISSION OF THE EUROPEAN COMMUNITIES | Brussels, 08.02.2006 SEC(2006) 138 COMMISSION STAFF WORKING DOCUMENT Annex to the COMMUNICATION FROM THE COMMISSION FOURTH NATIONAL COMMUNICATION FROM THE EUROPEAN COMMUNITY UNDER THE UN FRAMEWORK CONVENTION ON CLIMATE CHANGE (UNFCCC) (required under Article 12 of the United Nations Framework Convention on Climate Change) {COM(2006) 40 final} Table of Contents 1. National Circumstances Relevant To Greenhouse Gas Emissions and Removals 6 1.1. Government structure 6 1.2. Population profile 6 1.3. Geographic profile 8 1.4. Climate profile 9 1.5. Economic profile 11 1.5.1. ...",EUR-Lex - 52006SC0138 - EN - EUR-Lex,success,2025-10-26T21:39:46Z,2160,0.0769230769230769,Yes,Neoclassical,NA,NA,High,EC,NA,Joffrey
52014SC0213,432c3c4e-01dd-11e4-831f-01aa75ed71a1,"COMMISSION STAFF WORKING DOCUMENT List of EU actions supporting SMEs in a green economy Accompanying the document Communication from the Commission to the European Parliament, the Council, the European Economic and Social Committee and the Committee of the Regions GREEN ACTION PLAN FOR SMEs Enabling SMEs to turn environmental challenges into business opportunities",SWD,2014-07-02T00:00:00Z,European Commission,13,manual,SWD,https://eur-lex.europa.eu/legal-content/EN/TXT/?uri=CELEX:52014SC0213,"| 52014SC0213 COMMISSION STAFF WORKING DOCUMENT List of EU actions supporting SMEs in a green economy Accompanying the document Communication from the Commission to the European Parliament, the Council, the European Economic and Social Committee and the Committee of the Regions GREEN ACTION PLAN FOR SMEs Enabling SMEs to turn environmental challenges into business opportunities /* SWD/2014/0213 final */ GREEN
ACTION PLAN FOR SMEs ENABLING
SMEs TO TURN ENVIRONMENTAL CHALLENGES INTO BUSINESS OPPORTUNITIES LIST OF ACTIONS Information on the
actions that appear in this Staff Working Document will be punctually updated
and uploaded on the following website: European Commission,
Directorate General for Enterprise and Industry: http://wcmcom-ec-europa-eu-wip.wcm3vue.cec.eu.int:8080/enterprise/policies/sme/public-consultation-green-action-plan/index_en.htm Section || Why is this important for SMEs? Objectives || Action || Description of the action I. Greening SMEs for more competitiven...",EUR-Lex - 52014SC0213 - EN - EUR-Lex,success,2025-10-27T06:39:04Z,276,0.0607661822985469,Yes,GG-Keynesianism,GG-Evolutionary,NA,High,EC,NA,Joffrey
51994PC0194,b81262f9-905b-40c4-80f1-27ab44627a8f,Proposal for a COUNCIL REGULATION (EC) opening and providing for the administration of a Community tariff quota for live fry and juveniles of sea bream (Sparus aurata) and bass (Dicentrarchus labrax) originating in Ceuta,PROP_REG,1994-06-17T00:00:00Z,European Commission,2,proposal,NA,https://eur-lex.europa.eu/legal-content/EN/TXT/?uri=CELEX:51994PC0194,"Do you want to help improving EUR-Lex ? This is a list of experimental features that you can enable. These features are still under development; they are not fully tested, and might reduce EUR-Lex stability. Don't forget to give your feedback! This document is an excerpt from the EUR-Lex website EU law EU case-law Official Journal National law and case-law Information Document 51994PC0194 Proposal for a COUNCIL REGULATION (EC) opening and providing for the administration of a Community tariff quota for live fry and juveniles of sea bream (Sparus aurata) and bass (Dicentrarchus labrax) originating in Ceuta Proposal for a COUNCIL REGULATION (EC) opening and providing for the administration of a Community tariff quota for live fry and juveniles of sea bream (Sparus aurata) and bass (Dicentrarchus labrax) originating in Ceuta Proposal for a COUNCIL REGULATION (EC) opening and providing for the administration of a Community tariff quota for live fry and juveniles of sea bream (Sparus aur...",EUR-Lex - 51994PC0194 - EN - EUR-Lex,success,2025-10-24T21:09:41Z,6,0.0422535211267605,No,NA,NA,NA,High,EC,NA,Joffrey
51990PC0421,90a62694-3273-47f9-b904-456038989ade,PROPOSAL FOR A COUNCIL REGULATION ( EEC ) ESTABLISHING A COMMUNITY SUPERVISION FOR THE IMPORTS OF CERTAIN AGRICULTURAL PRODUCTS ORIGINATING IN THE CANARY ISLANDS ( 1991 ),PROP_REG,1990-09-18T00:00:00Z,European Commission,3,proposal,NA,https://eur-lex.europa.eu/legal-content/EN/TXT/?uri=CELEX:51990PC0421,"Do you want to help improving EUR-Lex ? This is a list of experimental features that you can enable. These features are still under development; they are not fully tested, and might reduce EUR-Lex stability. Don't forget to give your feedback! This document is an excerpt from the EUR-Lex website EU law EU case-law Official Journal National law and case-law Information Document 51990PC0421 PROPOSAL FOR A COUNCIL REGULATION ( EEC ) ESTABLISHING A COMMUNITY SUPERVISION FOR THE IMPORTS OF CERTAIN AGRICULTURAL PRODUCTS ORIGINATING IN THE CANARY ISLANDS ( 1991 ) PROPOSAL FOR A COUNCIL REGULATION ( EEC ) ESTABLISHING A COMMUNITY SUPERVISION FOR THE IMPORTS OF CERTAIN AGRICULTURAL PRODUCTS ORIGINATING IN THE CANARY ISLANDS ( 1991 ) PROPOSAL FOR A COUNCIL REGULATION ( EEC ) ESTABLISHING A COMMUNITY SUPERVISION FOR THE IMPORTS OF CERTAIN AGRICULTURAL PRODUCTS ORIGINATING IN THE CANARY ISLANDS ( 1991 ) /* COM/90/421FINAL */ Languages and formats available",EUR-Lex - 51990PC0421 - EN - EUR-Lex,success,2025-10-25T02:07:59Z,6,0.054054054054054,NA,NA,NA,NA,NA,EC,Cannot access this document,Joffrey
52008XC0618(02),8a2afda3-edfa-46c1-9701-4baecf5711d3,"Communication from the Commission on the results of the risk evaluation and the risk reduction strategies for the substances: sodium chromate, sodium dichromate and 2,2',6,6'-tetrabromo-4,4'-isopropylidenediphenol (tetrabromobisphenol A) Text with EEA relevance",COMMUNIC,2008-06-18T00:00:00Z,European Commission,15,manual,COMMUNIC,https://eur-lex.europa.eu/legal-content/EN/TXT/?uri=CELEX:52008XC0618(02),"18.6.2008 EN Official Journal of the European Union C 152/11 Communication from the Commission on the results of the risk evaluation and the risk reduction strategies for the substances: sodium chromate, sodium dichromate and 2,2',6,6'-tetrabromo-4,4'-isopropylidenediphenol (tetrabromobisphenol A) (Text with EEA relevance) (2008/C 152/02) Council Regulation (EEC) No 793/93 of 23 March 1993 on the evaluation and control of the risks of existing substances ( 1 ) involves the data reporting, priority setting, risk evaluation and, where necessary, development of strategies for limiting the risks of existing substances. In the framework of Regulation (EEC) No 793/93 the following substances have been identified as priority substances for evaluation in accordance with Commission Regulations (EC) No 143/97 ( 2 ) and (EC) No 2364/2000 ( 3 ) respectively concerning the third and fourth list of priority substances as foreseen under Regulation (EEC) No 793/93: — sodium chromate, — sodium dichr...",EUR-Lex - 52008XC0618(02) - EN - EUR-Lex,success,2025-10-27T08:23:41Z,147,0.0452865064695009,No,NA,NA,NA,High,EC,NA,Joffrey
52018SC0394,02e15f94-9712-11e8-8bc1-01aa75ed71a1,COMMISSION STAFF WORKING DOCUMENT Accompanying the document REPORT FROM THE COMMISSION TO THE EUROPEAN PARLIAMENT AND THE COUNCIL Mid-term evaluation of Regulation (EU) No 911/2014 on multiannual funding for the action of the European Maritime Safety Agency in the field of response to marine pollution caused by ships and oil and gas installations,SWD,2018-07-31T00:00:00Z,European Commission,15,manual,SWD,https://eur-lex.europa.eu/legal-content/EN/TXT/?uri=CELEX:52018SC0394,"EUROPEAN COMMISSION Brussels, 31.7.2018 SWD(2018) 394 final COMMISSION STAFF WORKING DOCUMENT Accompanying the document REPORT FROM THE COMMISSION TO THE EUROPEAN PARLIAMENT AND THE COUNCIL Mid-term evaluation of Regulation (EU) No 911/2014 on multiannual funding for the action of the European Maritime Safety Agency in the field of response to marine pollution caused by ships and oil and gas installations {COM(2018) 564 final} Table of contents 1. Introduction Purpose and scope 2. Background to the intervention Description of the intervention and its objectives Baseline and points of comparison 3. Implementation / state of Play Description of the current situation 4. Method Short description of methodology Limitations and robustness of findings 5. Analysis and answers to the evaluation questions 6. Conclusions Glossary Term or acronym Meaning or definition AIS Automatic Identification System EMSA European Maritime Safety Agency CSN CleanSeaNet EODC Earth Observation Data Centre MAF ...",EUR-Lex - 52018SC0394 - EN - EUR-Lex,success,2025-10-27T10:27:45Z,1594,0.0769936724146259,No,NA,NA,NA,High,EC,NA,Joffrey
52015XC0320(02),37267ed4-cecb-11e4-8b38-01aa75ed71a1,"Notification pursuant to Article 114, paragraph 4 of the Treaty on the Functioning of the European Union — Authorisation to maintain national measures which are more stringent than provisions of an EU harmonisation measure Text with EEA relevance",COMMUNIC,2015-03-20T00:00:00Z,European Commission,13,manual,COMMUNIC,https://eur-lex.europa.eu/legal-content/EN/TXT/?uri=CELEX:52015XC0320(02),"20.3.2015 EN Official Journal of the European Union C 93/18 Notification pursuant to Article 114, paragraph 4 of the Treaty on the Functioning of the European Union — Authorisation to maintain national measures which are more stringent than provisions of an EU harmonisation measure (Text with EEA relevance) (2015/C 93/08) 1. By letter of 25 November 2014, which reached the Commission on 26 November 2014, Denmark notified the Commission of its wish to maintain ( 1 ) national provisions on the use of nitrite additives in meat products that differ from Regulation (EC) No 1333/2008 of the European Parliament and of the Council ( 2 ) into Danish law. Order No 542 of 27 May 2013 on food additives etc. in foodstuffs ( BEK nr 542 af 27.5.2013 (tilsætningbekendtgørelsen), Offentliggørelsedato: 31.5.2013, Fødevarerministeriet ). The notification concerns the substances potassium nitrite (E 249) and sodium nitrite (E 250) (nitrites) in Annex II Part E to the Regulation, food category 8 (EU lis...",EUR-Lex - 52015XC0320(02) - EN - EUR-Lex,success,2025-10-27T03:12:33Z,35,0.0346878097125867,No,NA,NA,NA,High,EC,NA,Joffrey
51992PC0230(01),c94dec44-c5af-423d-8049-950fdd7cf999,Proposal for a COUNCIL DECISION concerning the establishment of a combined transport network in the Community,PROP_DEC,1992-06-11T00:00:00Z,European Commission,7,proposal,NA,https://eur-lex.europa.eu/legal-content/EN/TXT/?uri=CELEX:51992PC0230(01),"Do you want to help improving EUR-Lex ? This is a list of experimental features that you can enable. These features are still under development; they are not fully tested, and might reduce EUR-Lex stability. Don't forget to give your feedback! This document is an excerpt from the EUR-Lex website EU law EU case-law Official Journal National law and case-law Information Document 51992PC0230(01) Proposal for a COUNCIL DECISION concerning the establishment of a combined transport network in the Community Proposal for a COUNCIL DECISION concerning the establishment of a combined transport network in the Community Proposal for a COUNCIL DECISION concerning the establishment of a combined transport network in the Community /* COM/92/230FINAL */ OJ C 282, 30.10.1992, pp. 12–16
		 (ES, DA, DE, EL, EN, FR, IT, NL, PT) Languages, formats and link to OJ",EUR-Lex - 51992PC0230(01) - EN - EUR-Lex,success,2025-10-25T07:43:53Z,3,0.032258064516129,Yes,GG-Evolutionary,GG-Keynesianism,NA,High,EC,NA,Joffrey
51998PC0171(01),bdf0f456-1577-4d9a-9643-96bd5d2a22ac,Proposal for Council Regulation (EC) amending Regulation No 136/66/EEC on the establishment of a common organisation of the market in oils and fats,PROP_REG,1998-03-18T00:00:00Z,European Commission,3,proposal,NA,https://eur-lex.europa.eu/legal-content/EN/TXT/?uri=CELEX:51998PC0171(01),"Avis juridique important | 51998PC0171(01) Proposal for Council Regulation (EC) amending Regulation No 136/66/EEC on the establishment of a common organisation of the market in oils and fats  /* COM/98/0171 final - CNS 98/0098 */ Official Journal C 136 , 01/05/1998 P. 0020 Proposal for Council Regulation (EC) amending Regulation No 136/66/EEC on the establishment of a common organisation of the market in oils and fats (98/C 136/08) COM(1998) 171 final - 98/0098(CNS) (Submitted by the Commission on 19 March 1998) THE COUNCIL OF THE EUROPEAN UNION, Having regard to the Treaty establishing the European Community, and in particular Article 43 thereof, Having regard to the proposal from the Commission, Having regard to the opinion of the European Parliament, Having regard to the opinion of the Economic and Social Committee, Whereas in February 1997 the Commission presented a Note to the Council of Ministers and to the European Parliament on the olive and olive oil sector, concluding on t...",EUR-Lex - 51998PC0171(01) - EN - EUR-Lex,success,2025-10-25T02:02:15Z,119,0.049542048293089,No,NA,NA,NA,High,EC,NA,Joffrey
52014XC1212(08),402b64e1-81ca-11e4-89f7-01aa75ed71a1,Commission communication in the framework of the implementation of Directive 94/9/EC of the European Parliament and the Council of 23 March 1994 on the approximation of the laws of the Member States concerning equipment and protective systems intended for use in potentially explosive atmospheres (Publication of titles and references of harmonised standards under Union harmonisation legislation) Text with EEA relevance,COMMUNIC,2014-12-12T00:00:00Z,European Commission,13,manual,COMMUNIC,https://eur-lex.europa.eu/legal-content/EN/TXT/?uri=CELEX:52014XC1212(08),12.12.2014 EN Official Journal of the European Union C 445/5 Commission communication in the framework of the implementation of Directive 94/9/EC of the European Parliament and the Council of 23 March 1994 on the approximation of the laws of the Member States concerning equipment and protective systems intended for use in potentially explosive atmospheres (Publication of titles and references of harmonised standards under Union harmonisation legislation) (Text with EEA relevance) (2014/C 445/02) ESO ( 1 ) Reference and title of the standard (and reference document) First publication OJ Reference of superseded standard Date of cessation of presumption of conformity of superseded standard Note 1 (1) (2) (3) (4) (5) CEN EN 1010-1:2004+A1:2010 Safety of machinery — Safety requirements for the design and construction of printing and paper converting machines — Part 1: Common requirements 8.6.2011 EN 1010-1:2004 Note 2.1 Date expired (8.6.2011) CEN EN 1010-2:2006+A1:2010 Safety of machine...,EUR-Lex - 52014XC1212(08) - EN - EUR-Lex,success,2025-10-27T03:27:54Z,73,0.0381599581808677,No,NA,NA,NA,High,EC,NA,Joffrey
52002DC0132,e97e6f43-1e1c-4727-ad92-a53c8cb985f0,Communication from the Commission to the Council and the European Parliament Water Management in developing countries Policy and Priorities for EU development cooperation {SEC(2002)288},COMMUNIC,2002-03-12T00:00:00Z,European Commission,11,manual,COMMUNIC,https://eur-lex.europa.eu/legal-content/EN/TXT/?uri=CELEX:52002DC0132,Avis juridique important | 52002DC0132 Communication from the Commission to the Council and the European Parliament Water Management in developing countries Policy and Priorities for EU development cooperation {SEC(2002)288}  /* COM/2002/0132 final */ COMMUNICATION FROM THE COMMISSION TO THE COUNCIL AND THE EUROPEAN PARLIAMENT WATER MANAGEMENT IN DEVELOPING COUNTRIES POLICY AND PRIORITIES FOR EU DEVELOPMENT COOPERATION {SEC(2002)288} COMMUNICATION FROM THE COMMISSION TO THE COUNCIL AND THE EUROPEAN PARLIAMENT WATER MANAGEMENT IN DEVELOPING COUNTRIES POLICY AND PRIORITIES FOR EU DEVELOPMENT COOPERATION TABLE OF CONTENTS 1. Challenges for water and development 1.1. The freshwater situation in developing countries 1.2. The international debate 1.3. International targets 2. European Community Development Cooperation in Water Resources 2.1. Current water-related strategies and activities 2.2. Water as a component of EC development priorities 3. Water in the Development Policies of EU Mem...,EUR-Lex - 52002DC0132 - EN - EUR-Lex,success,2025-10-26T19:23:20Z,924,0.1027694361027694,No,NA,NA,NA,High,EC,NA,Joffrey
52007SC1314,ae612ae9-5439-45a1-b7cb-67eefbbbd36b,"Commission staff working document - Accompanying document to the Communication from the Commission to the European Parliament, the Council, the European Economic and Social Committee and the Committee of the Regions - Destructive fishing practices in the high seas and the protection of vulnerable deep sea ecosystems {COM(2007) 604 final} {SEC(2007) 1315} {SEC(2007) 1317}",SWD,2007-10-17T00:00:00Z,European Commission,15,manual,SWD,https://eur-lex.europa.eu/legal-content/EN/TXT/?uri=CELEX:52007SC1314,"Important legal notice | 52007SC1314 Commission staff working document - Accompanying document to the Communication from the Commission to the European Parliament, the Council, the European Economic and Social Committee and the Committee of the Regions - Destructive fishing practices in the high seas and the protection of vulnerable deep sea ecosystems {COM(2007) 604 final} {SEC(2007) 1315} {SEC(2007) 1317}  /* SEC/2007/1314 final */ [pic] | COMMISSION OF THE EUROPEAN COMMUNITIES | Brussels, 17.10.2007 SEC(2007) 1314 COMMISSION STAFF WORKING DOCUMENT Accompanying document to the COMMUNICATION FROM THE COMMISSION TO THE EUROPEAN PARLIAMENT, THE COUNCIL, THE EUROPEAN ECONOMIC AND SOCIAL COMMITTEE AND THE COMMITTEE OF THE REGIONS Destructive fishing practices in the high seas and the protection of vulnerable deep sea ecosystems {COM(2007) 604 final} COMMISSION STAFF WORKING DOCUMENT Accompanying document to the COMMUNICATION FROM THE COMMISSION TO THE EUROPEAN PARLIAMENT, THE COUNCIL, ...",EUR-Lex - 52007SC1314 - EN - EUR-Lex,success,2025-10-27T10:04:27Z,245,0.0912476722532588,No,NA,NA,NA,High,EC,NA,Joffrey
52011SC1151,3ce3b46b-3b99-4cc3-82b7-019d5529342a,COMMISSION STAFF WORKING PAPER […],SWD,2011-10-07T00:00:00Z,European Commission,15,manual,SWD,https://eur-lex.europa.eu/legal-content/EN/TXT/?uri=CELEX:52011SC1151,"| 52011SC1151 COMMISSION STAFF WORKING PAPER […] /* SEC/2011/1151 final  */ || EUROPEAN COMMISSION || Brussels, 7.10.2011 SEC(2011) 1151 final COMMISSION STAFF
WORKING PAPER Accompanying the
document REPORT FROM THE
COMMISSION TO THE EUROPEAN PARLIAMENT AND
THE COUNCIL
PROGRESS TOWARDS ACHIEVING THE KYOTO OBJECTIVES
(required under Article 5 of Decision 280/2004/EC of the European Parliament
and of the Council concerning a mechanism for monitoring Community greenhouse
gas emissions and for implementing the Kyoto Protocol) {COM(2011) 624 final} 1.                      
Detailed analysis of emission trends in the main
sectors 
1.1.                
Energy supply and use, excluding transport Table 1: GHG
emissions from energy supply and use, excluding transport (1990-2009) GHG emissions || Share in 1990 total GHG || Share in 2009 total GHG || Change 1990-2009 || Change 2000-2009 EU-15 || 60.5% || 58.1% || -16.2% || -10.9% EU-27 || 62.8% || 59.1% || -22.3% || -11.2% ·       ...",EUR-Lex - 52011SC1151 - EN - EUR-Lex,success,2025-10-27T10:11:12Z,969,0.1024312896405919,Yes,Neoclassical,NA,NA,High,EC,NA,Joffrey
52000PC0521,c46c19b4-5180-4919-960b-36aabcb7d512,Proposal for a Council Decision laying down the multiannual technical guidelines for the research programme of the Coal and Steel Research Fund,PROP_DEC_NO_ADDRESSEE,2000-09-06T00:00:00Z,European Commission,13,proposal,NA,https://eur-lex.europa.eu/legal-content/EN/TXT/?uri=CELEX:52000PC0521,"Avis juridique important | 52000PC0521 Proposal for a Council Decision laying down the multiannual technical guidelines for the research programme of the Coal and Steel Research Fund  /* COM/2000/0521 final */ Official Journal 029 E , 30/01/2001 P. 0254 - 0264 Proposal for a  COUNCIL DECISION laying down the multiannual technical guidelines for the research programme of the Coal and Steel Research Fund (presented by the Commission) EXPLANATORY MEMORANDUM According to Article 97 of the Treaty establishing the Coal and Steel Community (ECSC), the ECSC Treaty expires on 23 July 2002. In consideration of the benefits obtained by the coal and steel industry from the ECSC research and technical development (RTD) programme, the European Council agreed in its Resolution on growth and employment, adopted in Amsterdam on 16 and 17 June 1997, that the revenues from the reserves outstanding upon expiration of the ECSC Treaty should be used for a research fund for sectors related to the coal and...",EUR-Lex - 52000PC0521 - EN - EUR-Lex,success,2025-10-26T04:25:28Z,157,0.0406735751295336,No,NA,NA,NA,High,EC,NA,Joffrey
52023SC0255,a61f22a2-215c-11ee-94cb-01aa75ed71a1,"COMMISSION STAFF WORKING DOCUMENT Subsidiarity Grid Accompanying the document Proposal for a REGULATION OF THE EUROPEAN PARLIAMENT AND OF THE COUNCIL on circularity requirements for vehicle design and on management of end-of-life vehicles, amending Regulations (EU) 2018/858 and 2019/1020, repealing Directives 2000/53/EC and 2005/64/EC",SWD,2023-07-13T00:00:00Z,European Commission,13,manual,SWD,https://eur-lex.europa.eu/legal-content/EN/TXT/?uri=CELEX:52023SC0255,"EUROPEAN COMMISSION Brussels, 13.7.2023 SWD(2023) 255 final COMMISSION STAFF WORKING DOCUMENT Subsidiarity Grid Accompanying the document Proposal for a REGULATION OF THE EUROPEAN PARLIAMENT AND OF THE COUNCIL on circularity requirements for vehicle design and on management of end-of-life vehicles, amending Regulations (EU) 2018/858 and 2019/1020, repealing Directives 2000/53/EC and 2005/64/EC {COM(2023) 451 final} - {SEC(2023) 292 final} - {SWD(2023) 256 final} - {SWD(2023) 257 final} Subsidiarity Grid 1. Can the Union act? What is the legal basis and competence of the Unions’ intended action? 1.1 Which article(s) of the Treaty are used to support the legislative proposal or policy initiative? The legal basis for this proposal, which replaces Directive 2005/64/EC and Directive 2000/53/EC, is Article 114 of the Treaty of the Functioning of the European Union (TFEU). According to this Article, the European Parliament and the Council shall adopt measures which have as their object the...",EUR-Lex - 52023SC0255 - EN - EUR-Lex,success,2025-10-27T06:48:00Z,140,0.0421179302045728,No,NA,NA,NA,High,EC,NA,Joffrey
52008PC0644,6b7dc4ac-bd48-4039-857d-8a077d5e74f6,Proposal for a Regulation of the European Parliament and of the Council laying down the obligations of operators who place timber and timber products on the market {SEC(2008) 2615} {SEC(2008) 2616},PROP_REG,2008-10-17T00:00:00Z,European Commission,3,proposal,NA,https://eur-lex.europa.eu/legal-content/EN/TXT/?uri=CELEX:52008PC0644,"Important legal notice | 52008PC0644 Proposal for a Regulation of the European Parliament and of the Council laying down the obligations of operators who place timber and timber products on the market {SEC(2008) 2615} {SEC(2008) 2616}  /* COM/2008/0644 final - COD 2008/0198 */ EN Brussels, 17.10.2008 COM(2008) 644 final 2008/0198 (COD) Proposal for a REGULATION OF THE EUROPEAN PARLIAMENT AND OF THE COUNCIL laying down the obligations of operators who place timber and timber products on the market {SEC(2008) 2615} {SEC(2008) 2616} (presented by the Commission) EXPLANATORY MEMORANDUM 1. CONTEXT OF THE PROPOSAL · Grounds for and objectives of the proposal The main objective of this proposal is to complement and underpin the EU's current policy framework and support the international fight against illegal logging and its related trade. · General context Illegal logging takes place when timber is harvested, processed or traded in violation of national laws applicable in the country of ha...",EUR-Lex - 52008PC0644 - EN - EUR-Lex,success,2025-10-25T02:15:00Z,367,0.0516029246344207,No,NA,NA,NA,High,EC,NA,Joffrey
51996PC0269,5df82aa3-cad0-4db6-8520-b4c3393074e9,"Proposal for a Council Decision on the conclusion, on behalf of the Community, of the Convention on Cooperation for the Protection and Sustainable Use of the Danube",PROP_DEC_NO_ADDRESSEE,1996-07-11T00:00:00Z,European Commission,11,proposal,NA,https://eur-lex.europa.eu/legal-content/EN/TXT/?uri=CELEX:51996PC0269,"Avis juridique important | 51996PC0269 Proposal for a Council Decision on the conclusion, on behalf of the Community, of the Convention on Cooperation for the Protection and Sustainable Use of the Danube  /* COM/96/0269 FINAL - CNS 96/0184 */ Official Journal C 288 , 01/10/1996 P. 0019 Proposal for a Council Decision on the conclusion, on behalf of the Community, of the Convention on Cooperation for the Protection and Sustainable Use of the Danube (96/C 288/05) COM(96) 269 final - 96/0184(CNS) (Submitted by the Commission on 15 July 1996) THE COUNCIL OF THE EUROPEAN UNION, Having regard to the Treaty establishing the European Community, and in particular Article 130s (1) thereof in conjunction with Article 228 (2), first sentence, and (3), first paragraph, Having regard to the proposal from the Commission, Having regard to the opinion of the European Parliament, Having regard to the opinion of the Economic and Social Committee, Whereas the Commission participated, on behalf of the C...",EUR-Lex - 51996PC0269 - EN - EUR-Lex,success,2025-10-25T22:57:14Z,440,0.0537306142386127,No,NA,NA,NA,High,EC,NA,Joffrey
52003PC0609,1908ce05-1739-448c-a5e2-a3ee18c95313,"Proposal for a Council Regulation on the conclusion of the Protocol modifying the Fourth Protocol laying down the conditions relating to fishing provided for in the Agreement on fisheries between the European Economic Community, on the one hand, and the Government of Denmark and the Local Government of Greenland, on the other",PROP_REG,2003-10-16T00:00:00Z,European Commission,11,proposal,NA,https://eur-lex.europa.eu/legal-content/EN/TXT/?uri=CELEX:52003PC0609,"Avis juridique important | 52003PC0609 Proposal for a Council Regulation on the conclusion of the Protocol modifying the Fourth Protocol laying down the conditions relating to fishing provided for in the Agreement on fisheries between the European Economic Community, on the one hand, and the Government of Denmark and the Local Government of Greenland, on the other  /* COM/2003/0609 final - CNS 2003/0236 */ Proposal for a COUNCIL REGULATION on the conclusion of the Protocol modifying the Fourth Protocol laying down the conditions relating to fishing provided for in the Agreement on fisheries between the European Economic Community, on the one hand, and the Government of Denmark and the Local Government of Greenland, on the other (presented by the Commission) EXPLANATORY MEMORANDUM The Community has a longstanding relation with Greenland on fisheries. The Framework Agreement dates back to 1985 and the latest Protocol is the fourth. The Fourth Protocol to the Fisheries Agreement betwee...",EUR-Lex - 52003PC0609 - EN - EUR-Lex,success,2025-10-25T19:30:47Z,176,0.0453024453024453,No,NA,NA,NA,High,EC,NA,Joffrey
52009DC0147,e6a7f768-00fe-4430-ab63-067ca0aca9f2,White paper - Adapting to climate change : towards a European framework for action {SEC(2009) 386} {SEC(2009) 387} {SEC(2009) 388},PAPER_WHITE,2009-04-01T00:00:00Z,European Commission,15,manual,PAPER_WHITE,https://eur-lex.europa.eu/legal-content/EN/TXT/?uri=CELEX:52009DC0147,"Important legal notice | 52009DC0147 White paper - Adapting to climate change : towards a European framework for action {SEC(2009) 386} {SEC(2009) 387} {SEC(2009) 388}  /* COM/2009/0147 final */ [pic] | COMMISSION OF THE EUROPEAN COMMUNITIES | Brussels, 1.4.2009 COM(2009) 147 final WHITE PAPER Adapting to climate change: Towards a European framework for action {SEC(2009) 386}{SEC(2009) 387}{SEC(2009) 388} TABLE OF CONTENTS 1. Introduction 3 2. Why do we need an adaptation strategy? Why at EU level? 4 2.1 The impact of a changing climate 4 2.2 The economic case for a strategic approach to adaptation 6 2.3 Why is action needed at EU level? 6 3. The proposed EU Framework: Objectives and Action 7 3.1 Developing the knowledge base 7 3.2 Integrating adaptation into EU policies 8 3.2.1 Increasing the resilience of health and social policies 9 3.2.2 Increasing the resilience of agriculture and forests 9 3.2.3 Increasing the resilience of biodiversity, ecosystems and water 10 3.2.4 Increasin...",EUR-Lex - 52009DC0147 - EN - EUR-Lex,success,2025-10-27T09:55:05Z,476,0.09353507565337,No,NA,NA,NA,High,EC,I should note that this is a document on adaptation. Just FYI,Joffrey
52006XC1107(02),49620cbe-e854-4729-ba37-8772bc25df05,List of Customs Offices in which products listed in Annex I of Commission Regulation (EC) No 1635/2006 may be declared for free circulation in the European Community,COMMUNIC,2006-11-07T00:00:00Z,European Commission,15,manual,COMMUNIC,https://eur-lex.europa.eu/legal-content/EN/TXT/?uri=CELEX:52006XC1107(02),7.11.2006 EN Official Journal of the European Union C 270/7 List of Customs Offices in which products listed in Annex I of Commission Regulation (EC) No 1635/2006 ( 1 ) may be declared for free circulation in the European Community (2006/C 270/04) Member State Customs offices BELGIQUE/BELGIË Anvers DE — voie maritime Bierset — (Grâce-Hollogne) DE — voies aérienne et/ou terrestre Bruxelles DE — voie aérienne Zaventem D — voie aérienne ČESKÁ REPUBLIKA All customs offices DANMARK Every port and airport in Denmark DEUTSCHLAND Baden-Württemberg HZA Lörrach — ZA Weil-am-Rhein-Autobahn HZA Stuttgart — ZA Flughafen HZA Ulm — ZA Aalen Bayern HZA München — ZA Flughafen HZA Regensburg — ZA Furth-im-Wald-Schafberg HZA Schweinfurt — ZA Bayreuth HZA Nürnberg — ZA Erlangen — Tennenlohe Berlin HZA Berlin — ZA Marzahn HZA Potsdam — ZA Berlin-Flughafen-Tegel Brandenburg Bereich HZA Frankfurt (Oder) HZA Frankfurt (Oder) — ZA Frankfurt (Oder) Autobahn HZA Frankfurt (Oder) — ZA Forst-Autobahn Bereich HZ...,EUR-Lex - 52006XC1107(02) - EN - EUR-Lex,success,2025-10-27T09:31:36Z,20,0.0389863547758284,No,NA,NA,NA,High,EC,NA,Joffrey
52000PC0177,f5d0f37e-752e-4543-9e21-480dbc70f149,Proposal for a Council Decision on the conclusion on behalf of the European Community of the 1998 Protocol to the 1979 Convention on long range transboundary air pollution on heavy metals,PROP_DEC_NO_ADDRESSEE,2000-04-12T00:00:00Z,European Commission,11,proposal,NA,https://eur-lex.europa.eu/legal-content/EN/TXT/?uri=CELEX:52000PC0177,"Avis juridique important | 52000PC0177 Proposal for a Council Decision on the conclusion on behalf of the European Community of the 1998 Protocol to the 1979 Convention on long range transboundary air pollution on heavy metals  /* COM/2000/0177 final - CNS 2000/0082 */ Official Journal C 311 E , 31/10/2000 P. 0136 - 0159 Proposal for a COUNCIL DECISION on the conclusion on behalf of the European Community of the 1998 Protocol to the 1979 Convention on Long Range Transboundary Air Pollution on Heavy Metals (presented by the Commission) EXPLANATORY MEMORANDUM On the basis of the Council Decision of 16 June 1998, the Community signed on 24 June 1998 in Aarhus (Denmark) the Protocol to the 1979 Convention on Long Range Transboundary Air Pollution on Heavy Metals. The Community has been a Party to the Convention since 1982. On 17 July 1986 the Community approved the Protocol on long-term financing of the co-operative programme for monitoring and evaluation of the long-range transmission ...",EUR-Lex - 52000PC0177 - EN - EUR-Lex,success,2025-10-25T23:11:36Z,545,0.053763440860215,Yes,Neoclassical,NA,NA,Medium,EC,Strongly recommend looking at this.,Joffrey
52017SC0414,eaa928bc-d4f5-11e7-a5b9-01aa75ed71a1,"COMMISSION STAFF WORKING DOCUMENT Energy Union Factsheet United Kingdom Accompanying the document COMMUNICATION FROM THE COMMISSION TO THE EUROPEAN PARLIAMENT, THE COUNCIL, THE EUROPEAN ECONOMIC AND SOCIAL COMMITTEE, THE COMMITTEE OF THE REGIONS AND THE EUROPEAN INVESTMENT BANK Third Report on the State of the Energy Union",SWD,2017-11-23T00:00:00Z,European Commission,12,manual,SWD,https://eur-lex.europa.eu/legal-content/EN/TXT/?uri=CELEX:52017SC0414,"EUROPEAN COMMISSION Brussels, 23.11.2017 SWD(2017) 414 final COMMISSION STAFF WORKING DOCUMENT Energy Union Factsheet United Kingdom Accompanying the document COMMUNICATION FROM THE COMMISSION TO THE EUROPEAN PARLIAMENT, THE COUNCIL, THE EUROPEAN ECONOMIC AND SOCIAL COMMITTEE, THE COMMITTEE OF THE REGIONS AND THE EUROPEAN INVESTMENT BANK Third Report on the State of the Energy Union {COM(2017) 688 final} {SWD(2017) 384 final} {SWD(2017) 385 final} {SWD(2017) 386 final} {SWD(2017) 387 final} {SWD(2017) 388 final} {SWD(2017) 389 final} {SWD(2017) 390 final} {SWD(2017) 391 final} {SWD(2017) 392 final} {SWD(2017) 393 final} {SWD(2017) 394 final} {SWD(2017) 395 final} {SWD(2017) 396 final} {SWD(2017) 397 final} {SWD(2017) 398 final} {SWD(2017) 399 final} {SWD(2017) 401 final} {SWD(2017) 402 final} {SWD(2017) 404 final} {SWD(2017) 405 final} {SWD(2017) 406 final} {SWD(2017) 407 final} {SWD(2017) 408 final} {SWD(2017) 409 final} {SWD(2017) 411 final} {SWD(2017) 412 final} {SWD(2017) 413 fi...",EUR-Lex - 52017SC0414 - EN - EUR-Lex,success,2025-10-26T23:06:58Z,334,0.0526647745190791,Yes,Admin-only,NA,NA,High,EC,NA,Joffrey
52023DC0268,1498bc5e-007d-11ee-87ec-01aa75ed71a1,"COMMUNICATION FROM THE COMMISSION TO THE EUROPEAN PARLIAMENT, THE COUNCIL, THE EUROPEAN ECONOMIC AND SOCIAL COMMITTEE AND THE COMMITTEE OF THE REGIONS Maritime safety: at the heart of clean and modern shipping",COMMUNIC,2023-06-01T00:00:00Z,European Commission,7,manual,COMMUNIC,https://eur-lex.europa.eu/legal-content/EN/TXT/?uri=CELEX:52023DC0268,"EUROPEAN COMMISSION Brussels, 1.6.2023 COM(2023) 268 final COMMUNICATION FROM THE COMMISSION TO THE EUROPEAN PARLIAMENT, THE COUNCIL, THE EUROPEAN ECONOMIC AND SOCIAL COMMITTEE AND THE COMMITTEE OF THE REGIONS Maritime safety: at the heart of clean and modern shipping COMMUNICATION FROM THE COMMISSION TO THE EUROPEAN PARLIAMENT, THE COUNCIL, THE EUROPEAN ECONOMIC AND SOCIAL COMMITTEE AND THE COMMITTEE OF THE REGIONS Maritime safety: at the heart of clean and modern shipping Maritime transport is of strategic importance for the EU economy and the connections between and within Member States. With 75% of the EU’s external trade being seaborne, a performing, safe, secure, and more sustainable maritime sector is essential for our trade competitiveness and to source goods and materials to our single market. Maritime transport is not only the artery of our globalised economy but also the lifeline for our islands and peripheral and remote maritime regions. The sector proved particularly re...",EUR-Lex - 52023DC0268 - EN - EUR-Lex,success,2025-10-26T18:12:09Z,384,0.0808421052631579,Yes,GG-Evolutionary,GG-Keynesianism,Neoclassical,High,EC,NA,Joffrey
52007SC1576,1544c9cd-1618-448f-8dde-9c9dabbfaeb6,Commission staff working document - Accompanying document to the Communication from the Commission progress towards achieving the Kyoto objectives (required under Decision 280/2004/EC of the European Parliament and of the Council concerning a mechanism for monitoring Community greenhouse gas emissions and for implementing the Kyoto Protocol) {COM(2007)757 final},SWD,2007-11-27T00:00:00Z,European Commission,11,manual,SWD,https://eur-lex.europa.eu/legal-content/EN/TXT/?uri=CELEX:52007SC1576,"Important legal notice | 52007SC1576 Commission staff working document - Accompanying document to the Communication from the Commission progress towards achieving the Kyoto objectives (required under Decision 280/2004/EC of the European Parliament and of the Council concerning a mechanism for monitoring Community greenhouse gas emissions and for implementing the Kyoto Protocol) {COM(2007)757 final}  /* SEC/2007/1576 final */ EN Brussels, 27.11.2007 SEC(2007) 1576 COMMISSION STAFF WORKING DOCUMENT Accompanying document to the COMMUNICATION FROM THE COMMISSION Progress towards achieving the Kyoto OBJECTIVES (required under Decision 280/2004/EC of the European Parliament and of the Council concerning a mechanism for monitoring Community greenhouse gas emissions and for implementing the Kyoto Protocol) {COM(2007)757 final} 1. Detailed analysis of emission trends in the main economic sectors 1.1. Energy supply and use, excluding transport · By 2005, energy-related GHG emissions excluding...",EUR-Lex - 52007SC1576 - EN - EUR-Lex,success,2025-10-26T21:44:52Z,260,0.0992745322642229,Yes,Neoclassical,NA,NA,High,EC,NA,Joffrey
52006PC0154,88f0dcf4-bf42-48e8-bb16-4db0f3194f86,Proposal for a Council Regulation concerning use of alien and locally absent species in aquaculture {SEC(2006) 421},PROP_REG,2006-04-04T00:00:00Z,European Commission,15,proposal,NA,https://eur-lex.europa.eu/legal-content/EN/TXT/?uri=CELEX:52006PC0154,"Important legal notice | 52006PC0154 Proposal for a Council Regulation concerning use of alien and locally absent species in aquaculture {SEC(2006) 421}  /* COM/2006/0154 final - CNS 2002/0056 */ [pic] | COMMISSION OF THE EUROPEAN COMMUNITIES | Brussels, 4.4.2006 COM(2006) 154 final 2006/0056 (CNS) Proposal for a COUNCIL REGULATION concerning use of alien and locally absent species in aquaculture {SEC(2006) 421} (presented by the Commission) EXPLANATORY MEMORANDUM 1. CONTEXT OF THE PROPOSAL -  Grounds for and objectives of the proposal Aquaculture is a fast-growing sector, where innovation and new outlets are being explored. In order to adapt production to market conditions, it is important that the aquaculture industry should diversify the species reared. In the past, aquaculture has benefited economically from the introduction of alien species (e.g. rainbow trout, Pacific oyster) and from the farming of species which do not occur in an area owing to biogeographical barriers. It is...",EUR-Lex - 52006PC0154 - EN - EUR-Lex,success,2025-10-26T06:52:47Z,547,0.0729138896294321,No,NA,NA,NA,High,EC,NA,Joffrey
52025SC0028,546b2e34-e394-11ef-be2a-01aa75ed71a1,COMMISSION STAFF WORKING DOCUMENT Third River Basin Management Plans Second Flood Hazard and Risk Maps and Second Flood Risk Management Plans Member State: Lithuania Accompanying the document REPORT FROM THE COMMISSION TO THE COUNCIL AND THE EUROPEAN PARLIAMENT on the implementation of the Water Framework Directive (2000/60/EC) and the Floods Directive (2007/60/EC) Third River Basin Management Plans Second Flood Risk Management Plans,SWD,2025-02-04T00:00:00Z,European Commission,15,manual,SWD,https://eur-lex.europa.eu/legal-content/EN/TXT/?uri=CELEX:52025SC0028,"EUROPEAN COMMISSION Brussels, 4.2.2025 SWD(2025) 28 final COMMISSION STAFF WORKING DOCUMENT Third River Basin Management Plans Second Flood Hazard and Risk Maps and Second Flood Risk Management Plans Member State: Lithuania Accompanying the document REPORT FROM THE COMMISSION TO THE COUNCIL AND THE EUROPEAN PARLIAMENT on the implementation of the Water Framework Directive (2000/60/EC) and the Floods Directive (2007/60/EC) Third River Basin Management Plans Second Flood Risk Management Plans {COM(2025) 2 final} - {SWD(2025) 13 final} - {SWD(2025) 14 final} - {SWD(2025) 15 final} - {SWD(2025) 16 final} - {SWD(2025) 17 final} - {SWD(2025) 18 final} - {SWD(2025) 19 final} - {SWD(2025) 20 final} - {SWD(2025) 21 final} - {SWD(2025) 22 final} - {SWD(2025) 23 final} - {SWD(2025) 24 final} - {SWD(2025) 25 final} - {SWD(2025) 26 final} - {SWD(2025) 27 final} - {SWD(2025) 29 final} - {SWD(2025) 30 final} - {SWD(2025) 31 final} - {SWD(2025) 32 final} - {SWD(2025) 33 final} - {SWD(2025) 34 final...",EUR-Lex - 52025SC0028 - EN - EUR-Lex,success,2025-10-27T10:54:51Z,1106,0.0986003387715075,No,NA,NA,NA,High,EC,NA,Joffrey
52010PC0467,e64c97e0-1d71-4126-9021-e19f5d64cfda,Proposal for a COUNCIL DECISION on the signature of the Agreement in the form of the Exchange of Letters between the European Union and the Kingdom of Norway concerning additional trade preferences in agricultural products reached on the basis of Article 19 of the Agreement on the European Economic Area,PROP_DEC_NO_ADDRESSEE,2010-09-27T00:00:00Z,European Commission,11,proposal,NA,https://eur-lex.europa.eu/legal-content/EN/TXT/?uri=CELEX:52010PC0467,"| 52010PC0467 Proposal for a COUNCIL DECISION on the signature of the Agreement in the form of the Exchange of Letters between the European Union and the Kingdom of Norway concerning additional trade preferences in agricultural products reached on the basis of Article 19 of the Agreement on the European Economic Area  /* COM/2010/0467 final - NLE 2010/0279 */ [pic] | EUROPEAN COMMISSION | Brussels, 27.9.2010 COM(2010) 467 final 2010/0244 (NLE) Proposal for a COUNCIL DECISION on the signature of the Agreement in the form of the Exchange of Letters between the European Union and the Kingdom of Norway concerning additional trade preferences in agricultural products reached on the basis of Article 19 of the Agreement on the European Economic Area EXPLANATORY MEMORANDUM CONTEXT OF THE PROPOSAL Article 19 of the Agreement on the European Economic Area (EEA) provides for progressive liberalisation of agricultural trade between Contracting Parties. To that end, Parties will carry out, at tw...",EUR-Lex - 52010PC0467 - EN - EUR-Lex,success,2025-10-26T00:08:08Z,680,0.0581445061992304,No,NA,NA,NA,High,EC,NA,Joffrey
52013XC0625(04),d3189a14-52c0-11e3-8945-01aa75ed71a1,Publication of an amendment application pursuant to Article 50(2)(a) of Regulation (EU) No 1151/2012 of the European Parliament and of the Council on quality schemes for agricultural products and foodstuffs,COMMUNIC,2013-06-25T00:00:00Z,European Commission,15,manual,COMMUNIC,https://eur-lex.europa.eu/legal-content/EN/TXT/?uri=CELEX:52013XC0625(04),25.6.2013 EN Official Journal of the European Union C 179/27 Publication of an amendment application pursuant to Article 50(2)(a) of Regulation (EU) No 1151/2012 of the European Parliament and of the Council on quality schemes for agricultural products and foodstuffs 2013/C 179/08 This publication confers the right to oppose the amendment application pursuant to Article 51 of Regulation (EU) No 1151/2012 of the European Parliament and of the Council ( 1 ) . AMENDMENT APPLICATION COUNCIL REGULATION (EC) No 510/2006 on the protection of geographical indications and designations of origin for agricultural products and foodstuffs ( 2 ) AMENDMENT APPLICATION ACCORDING TO ARTICLE 9 ‘ TŘEBOŇSKÝ KAPR ’ EC No: CZ-PGI-0105-0377-08.07.2011 PGI ( X ) PDO ( ) 1. Heading in the product specification affected by the amendment —  Name of product — ☒ Description of product —  Geographical area — ☒ Proof of origin —  Method of production —  Link —  Labelling —  National requirements —  Other (...,EUR-Lex - 52013XC0625(04) - EN - EUR-Lex,success,2025-10-27T09:26:06Z,114,0.0503533568904593,No,NA,NA,NA,High,EC,NA,Joffrey
52006DC0768,d7720e72-2833-4253-a231-ca1909c12fe2,Communication from the Commission to the Council in accordance with Article 19(1) of Council Directive 2003/96/EC (taxation of industrial uses of LPG and taxation of coal),COMMUNIC,2006-12-05T00:00:00Z,European Commission,9,manual,COMMUNIC,https://eur-lex.europa.eu/legal-content/EN/TXT/?uri=CELEX:52006DC0768,"Important legal notice | 52006DC0768 Communication from the Commission to the Council in accordance with Article 19(1) of Council Directive 2003/96/EC (taxation of industrial uses of LPG and taxation of coal)  /* COM/2006/0768 final */ [pic] | COMMISSION OF THE EUROPEAN COMMUNITIES | Brussels, 5.12.2006 COM(2006) 768 final COMMUNICATION FROM THE COMMISSION TO THE COUNCIL in accordance with Article 19(1) of Council Directive 2003/96/EC (taxation of industrial uses of LPG and taxation of coal) 1. INTRODUCTION IN ACCORDANCE WITH ARTICLE 19(1) OF COUNCIL DIRECTIVE 2003/96/EC [1] restructuring the Community framework for taxation of energy products and electricity (hereafter referred to as the “Energy Tax Directive” or the ""Directive""), in addition to the provisions foreseen in the Directive, in particular in its Articles 5, 15 and 17, the Council acting unanimously on a proposal from the Commission, may authorise any Member State (that requested so) to introduce further tax exemptions o...",EUR-Lex - 52006DC0768 - EN - EUR-Lex,success,2025-10-26T18:38:34Z,70,0.0336862367661212,Yes,Neoclassical,NA,NA,High,EC,NA,Joffrey
51995PC0726(02),92998a18-a8c9-4f19-a9e6-25922d909d6d,Proposal for a COUNCIL REGULATION (EC) on the conclusion of the Supplement to the Protocol setting out the fishing opportunities and financial contribution provided for in the Agreement between the European Community and the Islamic Republic of Mauritania on fishing off the coast of Mauritania for the period 15 November 1995 to 31 July 1996,PROP_REG,1996-01-10T00:00:00Z,European Commission,11,proposal,NA,https://eur-lex.europa.eu/legal-content/EN/TXT/?uri=CELEX:51995PC0726(02),"Do you want to help improving EUR-Lex ? This is a list of experimental features that you can enable. These features are still under development; they are not fully tested, and might reduce EUR-Lex stability. Don't forget to give your feedback! This document is an excerpt from the EUR-Lex website EU law EU case-law Official Journal National law and case-law Information Document 51995PC0726(02) Proposal for a COUNCIL REGULATION (EC) on the conclusion of the Supplement to the Protocol setting out the fishing opportunities and financial contribution provided for in the Agreement between the European Community and the Islamic Republic of Mauritania on fishing off the coast of Mauritania for the period 15 November 1995 to 31 July 1996 Proposal for a COUNCIL REGULATION (EC) on the conclusion of the Supplement to the Protocol setting out the fishing opportunities and financial contribution provided for in the Agreement between the European Community and the Islamic Republic of Mauritania on...",EUR-Lex - 51995PC0726(02) - EN - EUR-Lex,success,2025-10-25T16:35:18Z,9,0.0497237569060773,No,NA,NA,NA,High,EC,NA,Joffrey
52021PC0353,c5971952-d8bb-11eb-895a-01aa75ed71a1,"Proposal for a COUNCIL DECISION on the position to be taken on behalf of the European Union, for the period 2021-2026, in the Specialised Committee on Fisheries established by the Trade and Cooperation Agreement between the European Union and the European Atomic Energy Community, of the one part, and the United Kingdom of Great Britain and Northern Ireland, of the other part",PROP_DEC,2021-06-29T00:00:00Z,European Commission,11,proposal,NA,https://eur-lex.europa.eu/legal-content/EN/TXT/?uri=CELEX:52021PC0353,"EUROPEAN COMMISSION Brussels, 29.6.2021 COM(2021) 353 final 2021/0174(NLE) Proposal for a COUNCIL DECISION on the position to be taken on behalf of the European Union, for the period 2021-2026, in the Specialised Committee on Fisheries established by the Trade and Cooperation Agreement between the European Union and the European Atomic Energy Community, of the one part, and the United Kingdom of Great Britain and Northern Ireland, of the other part EXPLANATORY MEMORANDUM 1. Subject of the proposal The proposal is for a Council decision establishing the position to be taken on the EU’s behalf in the Specialised Committee on Fisheries established under Article 8(1)(q) of the Trade and Cooperation Agreement between the European Union and the European Atomic Energy Community, of the one part, and the United Kingdom of Great Britain and Northern Ireland, of the other part 1 (Trade and Cooperation Agreement for the period 2021–2026. This position covers the tasks of the Specialised Commit...",EUR-Lex - 52021PC0353 - EN - EUR-Lex,success,2025-10-25T15:02:23Z,132,0.0420516087926091,No,NA,NA,NA,High,EC,NA,Joffrey
52009XC0821(06),f78a1a83-1ce5-4490-9234-344c39e7c88b,Publication of an application pursuant to Article 6(2) of Council Regulation (EC) No 510/2006 on the protection of geographical indications and designations of origin for agricultural products and foodstuffs,COMMUNIC,2009-08-21T00:00:00Z,European Commission,3,manual,COMMUNIC,https://eur-lex.europa.eu/legal-content/EN/TXT/?uri=CELEX:52009XC0821(06),21.8.2009 EN Official Journal of the European Union C 197/14 Publication of an application pursuant to Article 6(2) of Council Regulation (EC) No 510/2006 on the protection of geographical indications and designations of origin for agricultural products and foodstuffs 2009/C 197/09 This publication confers the right to object to the application pursuant to Article 7 of Council Regulation (EC) No 510/2006. Statements of objection must reach the Commission within six months of the date of this publication. SUMMARY COUNCIL REGULATION (EC) No 510/2006 ‘COLLINE PONTINE’ EC No: IT-PDO-0005-0499-28.09.2005 PDO ( X ) PGI ( ) This summary sets out the main elements of the product specification for information purposes. 1. Responsible department in the Member State: Name: Ministero delle Politiche Agricole e Forestali Address: Via XX Settembre 20 00187 Roma RM ITALIA Tel. +39 0646655104 Fax +39 0646655306 E-mail: saco7@politicheagricole.it 2. Applicant group: Name: Associazione Provinciale Pr...,EUR-Lex - 52009XC0821(06) - EN - EUR-Lex,success,2025-10-26T12:41:14Z,138,0.0736,No,NA,NA,NA,High,EC,NA,Joffrey
52001DC0304,2d7b0cbb-5313-49d0-b2bb-2c7aa65f5371,Communication from the Commission the Challenge of Environmental Financing in the Candidate countries,COMMUNIC,2001-06-08T00:00:00Z,European Commission,11,manual,COMMUNIC,https://eur-lex.europa.eu/legal-content/EN/TXT/?uri=CELEX:52001DC0304,Avis juridique important | 52001DC0304 Communication from the Commission the Challenge of Environmental Financing in the Candidate countries  /* COM/2001/0304 final */ COMMUNICATION FROM THE COMMISSION THE CHALLENGE OF ENVIRONMENTAL FINANCING IN THE CANDIDATE COUNTRIES TABLE OF CONTENTS EXECUTIVE SUMMARY Introduction 1. The Investment Challenge for Environmental Infrastructure Key 'Investment-Heavy' Directives Environmental Infrastructure The Investment Challenge 2. Setting Priorities Prioritisation at the Strategic Level Prioritisation at the Project level National and trans-boundary pressures for environmental investment priorities 3. Developing an Environmental Investment Programme The Role of an Environmental Investment Programme Strategic Investment Planning Where to begin 4. The Challenge of Identifying and Securing Finance Income and Affordability Involving the Private Sector The Role of Grant Funding Project funding strategies Capacity building 5. Conclusion ANNEX 1 The Inve...,EUR-Lex - 52001DC0304 - EN - EUR-Lex,success,2025-10-26T21:04:11Z,245,0.040704435952816,No,NA,NA,NA,High,EC,NA,Joffrey
51998PC0554,fe5e72b9-439c-4de6-a1b3-55ef4410497c,Proposal for a Council Decision concerning the conclusion of an Agreement in the form of an exchange of letters between the European Community and the Republic of Slovenia concerning the system of ecopoints to be applied to Slovenian transit traffic through Austria as from 1 January 1997,PROP_DEC_NO_ADDRESSEE,1998-10-07T00:00:00Z,European Commission,11,proposal,NA,https://eur-lex.europa.eu/legal-content/EN/TXT/?uri=CELEX:51998PC0554,"Avis juridique important | 51998PC0554 Proposal for a Council Decision concerning the conclusion of an Agreement in the form of an exchange of letters between the European Community and the Republic of Slovenia concerning the system of ecopoints to be applied to Slovenian transit traffic through Austria as from 1 January 1997  /* COM/98/0554 final - CNS 98/0286 */ Official Journal C 342 , 10/11/1998 P. 0007 Proposal for a Council Decision concerning the conclusion of an Agreement in the form of an Exchange of Letters between the European Community and the Republic of Slovenia concerning the system of ecopoints to be applied to Slovenian transit traffic through Austria as from 1 January 1997 (98/C 342/08) COM(1998) 554 final - 98/0286(CNS) (Submitted by the Commission on 7 October 1998) THE COUNCIL OF THE EUROPEAN UNION, Having regard to the Treaty establishing the European Community, and in particular Article 75 in conjunction with the first sentence of Article 228(2) and the first ...",EUR-Lex - 51998PC0554 - EN - EUR-Lex,success,2025-10-25T23:11:02Z,170,0.0345598698922545,No,NA,NA,NA,High,EC,NA,Joffrey
52000PC0840,41816e0d-94a5-4b36-a916-7795d485ffb6,Proposal for a Directive of the European Parliament and of the Council amending Directive 97/68/EC on the approximation of the laws of the Member States relating to measures against the emission of gaseous and particulate pollutants from internal combustion engines to be installed in non-road mobile machinery,PROP_DIR,2000-12-18T00:00:00Z,European Commission,13,proposal,NA,https://eur-lex.europa.eu/legal-content/EN/TXT/?uri=CELEX:52000PC0840,"Avis juridique important | 52000PC0840 Proposal for a Directive of the European Parliament and of the Council amending Directive 97/68/EC on the approximation of the laws of the Member States relating to measures against the emission of gaseous and particulate pollutants from internal combustion engines to be installed in non-road mobile machinery  /* COM/2000/0840 final - COD 2000/0336 */ Official Journal 180 E , 26/06/2001 P. 0031 - 0084 Proposal for a DIRECTIVE OF THE EUROPEAN PARLIAMENT AND OF THE COUNCIL amending Directive 97/68/EC on the approximation of the laws of the Member States relating to measures against the emission of gaseous and particulate pollutants from internal combustion engines to be installed in non-road mobile machinery (presented by the Commission) EXPLANATORY MEMORANDUM A. Objective of the proposal The objective of the proposal is to extend the scope of the current Directive on emissions from compression ignition engines to be used in non-road mobile machi...",EUR-Lex - 52000PC0840 - EN - EUR-Lex,success,2025-10-26T04:37:44Z,577,0.0352711045907451,No,NA,NA,NA,High,EC,NA,Joffrey
52010PC0494,8c5a09af-275e-4362-b5b5-456ab17fa6f1,Proposal for a REGULATION OF THE EUROPEAN PARLIAMENT AND OF THE COUNCIL establishing a Programme to support the further development of an Integrated Maritime Policy SEC(2010) 1097 final,PROP_REG,2010-09-29T00:00:00Z,European Commission,15,proposal,NA,https://eur-lex.europa.eu/legal-content/EN/TXT/?uri=CELEX:52010PC0494,"| 52010PC0494 Proposal for a REGULATION OF THE EUROPEAN PARLIAMENT AND OF THE COUNCIL establishing a Programme to support the further development of an Integrated Maritime Policy    SEC(2010) 1097 final  /* COM/2010/0494 final - COD 2010/0257 */ [pic] | EUROPEAN COMMISSION | Brussels, 29.9.2010 COM(2010) 494 final 2010/0257 (COD) Proposal for a REGULATION OF THE EUROPEAN PARLIAMENT AND OF THE COUNCIL establishing a Programme to support the further development of an Integrated Maritime Policy SEC(2010) 1097 final EXPLANATORY MEMORANDUM Context of the proposal On 10 October 2007, the Commission published the Communication on an Integrated Maritime Policy for the European Union - COM(2007) 575 (‘Blue Paper’). This Communication advocated the need for the development and implementation of integrated, coherent, and joined-up decision-making in relation to the oceans, seas, coastal regions and maritime sectors. The Integrated Maritime Policy thus promotes a cross-sectoral approach to mari...",EUR-Lex - 52010PC0494 - EN - EUR-Lex,success,2025-10-26T06:49:28Z,220,0.040552995391705,No,NA,NA,NA,High,EC,NA,Joffrey
52013SC0334,8bcefa5f-1eb8-11e3-8d1c-01aa75ed71a1,"COMMISSION STAFF WORKING DOCUMENT EU international cooperation frameworks and agreements relevant to the energy sector Accompanying the document Report from the Commission to the Council, the European Parliament and the European Economic and Social Committee Implementation of the Communication on Security of Energy Supply and International Cooperation and of the Energy Council Conclusions of November 2011",SWD,2013-09-13T00:00:00Z,European Commission,12,manual,SWD,https://eur-lex.europa.eu/legal-content/EN/TXT/?uri=CELEX:52013SC0334,"| 52013SC0334 COMMISSION STAFF WORKING DOCUMENT EU international cooperation frameworks and agreements relevant to the energy sector Accompanying the document Report from the Commission to the Council, the European Parliament and the European Economic and Social Committee Implementation of the Communication on Security of Energy Supply and International Cooperation and of the Energy Council Conclusions of November 2011 /* SWD/2013/0334 final */ COMMISSION
STAFF WORKING DOCUMENT EU international cooperation frameworks
and agreements relevant to the energy sector Accompanying the document Report from the Commission to the
Council, the European Parliament and the European Economic and Social Committee Implementation of the
Communication on Security of Energy Supply and International Cooperation and of
the Energy Council Conclusions of November 2011 1.         EU's existing international
instruments Country / groups of countries     || Political instruments || Bilateral legal inst...",EUR-Lex - 52013SC0334 - EN - EUR-Lex,success,2025-10-26T23:03:41Z,95,0.0597860289490245,No,NA,NA,NA,High,EC,NA,Joffrey
52024SC0224,18ba83fc-7991-11ef-bbbe-01aa75ed71a1,"COMMISSION STAFF WORKING DOCUMENT Accompanying the document Proposal for a COUNCIL DECISION on the position to be taken on behalf of the European Union within the Council of Members of the International Olive Council (IOC), as regards one method of analysis and the IOC Trade Standard for olive oil and olive-pomace oil",SWD,2024-09-23T00:00:00Z,European Commission,11,manual,SWD,https://eur-lex.europa.eu/legal-content/EN/TXT/?uri=CELEX:52024SC0224,"EUROPEAN COMMISSION Brussels, 23.9.2024 SWD(2024) 224 final COMMISSION STAFF WORKING DOCUMENT Accompanying the document Proposal for a COUNCIL DECISION on the position to be taken on behalf of the European Union within the Council of Members of the International Olive Council (IOC), as regards one method of analysis and the IOC Trade Standard for olive oil and olive-pomace oil {COM(2024) 416 final} DRAFT DECISION No DEC III.X/119-VI/2024 CONCERNING THE METHOD FOR THE DETERMINATION OF THE CONTENT OF WAXES, FATTY ACID ETHYL ESTERS BY CAPILLARY GAS CHROMATOGRAPHY DRAFT DECISION Nº DEC-III.X/119-VI/2024 CONCERNING THE METHOD FOR THE DETERMINATION OF THE CONTENT OF WAXES, FATTY ACID ETHYL ESTERS BY CAPILLARY GAS CHROMATOGRAPHY THE COUNCIL OF MEMBERS OF THE INTERNATIONAL OLIVE COUNCIL, Having regard to the International Agreement on Olive Oil and Table Olives, 2015, in particular Article 1 “Objectives of the Agreement” concerning standardisation and research, as regards achieving uniformi...",EUR-Lex - 52024SC0224 - EN - EUR-Lex,success,2025-10-26T22:22:53Z,578,0.0716410510659395,No,NA,NA,NA,High,EC,NA,Joffrey
52008XC0501(05),3d35464a-73a8-4b8b-a25c-8843f5d91a8f,Planned closure of complaint 2005/4347,COMMUNIC,2008-05-01T00:00:00Z,European Commission,15,manual,COMMUNIC,https://eur-lex.europa.eu/legal-content/EN/TXT/?uri=CELEX:52008XC0501(05),"1.5.2008 EN Official Journal of the European Union C 110/29 Planned closure of complaint 2005/4347 (2008/C 110/13) The Commission services have completed their investigation of mass complaint case 2005/4347 regarding water management in the Lake Idro area with reference to an important site under Council Directive 92/43/EEC of 21 May 1992 on the conservation of natural habitats and of wild fauna and flora. Following examination of the documentation submitted by the complainants and by the Italian authorities in the framework of the infringement procedure initiated by the Commission on 18 December 2005 (first letter of formal notice) and continued on 18 October 2006 (supplementary letter of formal notice), the Commission services have concluded that it is not possible, at this stage, to identify an infringement of Directive 92/43/EEC in the case in question. Consequently, the Commission services will propose to the Commission that the corresponding complaint case be closed. Further d...",EUR-Lex - 52008XC0501(05) - EN - EUR-Lex,success,2025-10-27T09:14:22Z,8,0.0444444444444444,No,NA,NA,NA,High,EC,NA,Joffrey
52002PC0144,5589ebd1-c9a0-44ec-9656-592ca8350ead,Proposal for a Council Decision authorising the United Kingdom to apply a differentiated rate of excise duty to fuels containing biodiesel in accordance with Article 8(4) of Directive 92/81/EEC,PROP_DEC,2002-03-18T00:00:00Z,European Commission,9,proposal,NA,https://eur-lex.europa.eu/legal-content/EN/TXT/?uri=CELEX:52002PC0144,"Avis juridique important | 52002PC0144 Proposal for a Council Decision authorising the United Kingdom to apply a differentiated rate of excise duty to fuels containing biodiesel in accordance with Article 8(4) of Directive 92/81/EEC  /* COM/2002/0144 final */ Official Journal 181 E , 30/07/2002 P. 0280 - 0281 Proposal for a COUNCIL DECISION authorising the United Kingdom to apply a differentiated rate of excise duty to fuels containing biodiesel in accordance with Article 8(4) of Directive 92/81/EEC (presented by the Commission) EXPLANATORY MEMORANDUM 1. Submission of request 1.1. By letter of 15 June 2001, the British authorities applied to the Commission for a derogation allowing them to apply a tax differentiation on biodiesel in accordance with Article 8(4) of Directive 92/81/EEC. [1] [1]  Directive published in OJ L 316, 31.10.1992, p. 12, as last amended by Directive 94/74/EC (OJ L 365, 31.12.1994, p. 46). In order to obtain the information it required to evaluate the request,...",EUR-Lex - 52002PC0144 - EN - EUR-Lex,success,2025-10-25T09:32:39Z,146,0.0768421052631578,Yes,Neoclassical,NA,NA,High,EC,NA,Joffrey
52012XC0307(02),4031d9e9-016c-413e-b2d6-fd450284d912,Publication of an application pursuant to Article 6(2) of Council Regulation (EC) No 510/2006 on the protection of geographical indications and designations of origin for agricultural products and foodstuffs,COMMUNIC,2012-03-07T00:00:00Z,European Commission,15,manual,COMMUNIC,https://eur-lex.europa.eu/legal-content/EN/TXT/?uri=CELEX:52012XC0307(02),"7.3.2012 EN Official Journal of the European Union C 69/10 Publication of an application pursuant to Article 6(2) of Council Regulation (EC) No 510/2006 on the protection of geographical indications and designations of origin for agricultural products and foodstuffs 2012/C 69/08 This publication confers the right to object to the application pursuant to Article 7 of Council Regulation (EC) No 510/2006 ( 1 ) . Statements of objection must reach the Commission within six months of the date of this publication. SINGLE DOCUMENT COUNCIL REGULATION (EC) No 510/2006 ‘ACEITUNA ALOREÑA DE MÁLAGA’ EC No: ES-PDO-0005-0785-03.08.2009 PGI ( ) PDO ( X ) 1. Name: ‘Aceituna Aloreña de Málaga’ 2. Member State or third country: Spain 3. Description of the agricultural product or foodstuff: 3.1. Type of product: Class 1.6 — Fruit, vegetables and cereals, fresh or processed 3.2. Description of the product to which the name in point 1 applies: A seasoned table olive obtained from the healthy fruit of th...",EUR-Lex - 52012XC0307(02) - EN - EUR-Lex,success,2025-10-27T08:22:42Z,141,0.0627503337783711,No,NA,NA,NA,High,EC,NA,Joffrey
52020SC0386,1b35ed34-412b-11eb-b27b-01aa75ed71a1,"COMMISSION STAFF WORKING DOCUMENT Commission recommendations for Latvia's CAP strategic plan Accompanying the document COMMUNICATION FROM THE COMMISSION TO THE EUROPEAN PARLIAMENT, THE COUNCIL, THE EUROPEAN ECONOMIC AND SOCIAL COMMITTEE AND THE COMMITTEE OF THE REGIONS Recommendations to the Member States as regards their strategic plan for the Common Agricultural Policy",SWD,2020-12-18T00:00:00Z,European Commission,3,manual,SWD,https://eur-lex.europa.eu/legal-content/EN/TXT/?uri=CELEX:52020SC0386,"EUROPEAN COMMISSION Brussels, 18.12.2020 SWD(2020) 386 final COMMISSION STAFF WORKING DOCUMENT Commission recommendations for Latvia's CAP strategic plan Accompanying the document COMMUNICATION FROM THE COMMISSION TO THE EUROPEAN PARLIAMENT, THE COUNCIL, THE EUROPEAN ECONOMIC AND SOCIAL COMMITTEE AND THE COMMITTEE OF THE REGIONS Recommendations to the Member States as regards their strategic plan for the Common Agricultural Policy {COM(2020) 846 final} - {SWD(2020) 367 final} - {SWD(2020) 368 final} - {SWD(2020) 369 final} - {SWD(2020) 370 final} - {SWD(2020) 371 final} - {SWD(2020) 372 final} - {SWD(2020) 373 final} - {SWD(2020) 374 final} - {SWD(2020) 375 final} - {SWD(2020) 376 final} - {SWD(2020) 377 final} - {SWD(2020) 379 final} - {SWD(2020) 384 final} - {SWD(2020) 385 final} - {SWD(2020) 387 final} - {SWD(2020) 388 final} - {SWD(2020) 389 final} - {SWD(2020) 390 final} - {SWD(2020) 391 final} - {SWD(2020) 392 final} - {SWD(2020) 393 final} - {SWD(2020) 394 final} - {SWD(2020)...",EUR-Lex - 52020SC0386 - EN - EUR-Lex,success,2025-10-26T15:18:49Z,973,0.0825135685210312,No,NA,NA,NA,High,EC,NA,Joffrey
52005XC1105(02),865555e4-134f-4f07-bf2a-341fca307d7f,Publication of an application for registration pursuant to Article 6(2) of Regulation (EEC) No 2081/92 on the protection of geographical indications and designations of origin,COMMUNIC,2005-11-05T00:00:00Z,European Commission,3,manual,COMMUNIC,https://eur-lex.europa.eu/legal-content/EN/TXT/?uri=CELEX:52005XC1105(02),"5.11.2005 EN Official Journal of the European Union C 274/10 Publication of an application for registration pursuant to Article 6(2) of Regulation (EEC) No 2081/92 on the protection of geographical indications and designations of origin (2005/C 274/05) This publication confers the right to object to the application pursuant to Articles 7 and 12d of the abovementioned Regulation. Any objection to this application must be submitted via the competent authority in a Member State, in a WTO member country or in a third country recognized in accordance with Article 12(3) within a time limit of six months from the date of this publication. The arguments for publication are set out below, in particular under 4.6, and are considered to justify the application within the meaning of Regulation (EEC) No 2081/92. SUMMARY COUNCIL REGULATION (EEC) No 2081/92 ‘PONIENTE DE GRANADA’ EC No: ES/00273/23.01.2003 PDO (X ) PGI ( ) This summary has been produced for information only. For full details, the p...",EUR-Lex - 52005XC1105(02) - EN - EUR-Lex,success,2025-10-26T12:55:48Z,91,0.065989847715736,No,NA,NA,NA,High,EC,NA,Joffrey
52025SC0313,059a6ee3-5b30-11f0-a9d0-01aa75ed71a1,"COMMISSION STAFF WORKING DOCUMENT 2025 Environmental Implementation Review Country Report - IRELAND Accompanying the document Communication from the Commission to the European Parliament, the Council, the European Economic and Social Committee and the Committee of the Regions 2025 Environmental Implementation Review for prosperity and security",SWD,2025-07-07T00:00:00Z,European Commission,15,manual,SWD,https://eur-lex.europa.eu/legal-content/EN/TXT/?uri=CELEX:52025SC0313,"EUROPEAN COMMISSION Brussels, 7.7.2025 SWD(2025) 313 final COMMISSION STAFF WORKING DOCUMENT 2025 Environmental Implementation Review Country Report - IRELAND Accompanying the document Communication from the Commission to the European Parliament, the Council, the European Economic and Social Committee and the Committee of the Regions 2025 Environmental Implementation Review for prosperity and security {COM(2025) 420 final} - {SWD(2025) 300 final} - {SWD(2025) 301 final} - {SWD(2025) 302 final} - {SWD(2025) 303 final} - {SWD(2025) 304 final} - {SWD(2025) 305 final} - {SWD(2025) 306 final} - {SWD(2025) 307 final} - {SWD(2025) 308 final} - {SWD(2025) 309 final} - {SWD(2025) 310 final} - {SWD(2025) 311 final} - {SWD(2025) 312 final} - {SWD(2025) 314 final} - {SWD(2025) 315 final} - {SWD(2025) 316 final} - {SWD(2025) 317 final} - {SWD(2025) 318 final} - {SWD(2025) 319 final} - {SWD(2025) 320 final} - {SWD(2025) 321 final} - {SWD(2025) 322 final} - {SWD(2025) 323 final} - {SWD(2025) 324 f...",EUR-Lex - 52025SC0313 - EN - EUR-Lex,success,2025-10-27T10:57:57Z,2637,0.0963287671232876,Yes,Admin-only,NA,NA,High,EC,NA,Joffrey
52013SC0187,94c3a67e-4286-4294-b274-f2ed768be294,COMMISSION STAFF WORKING DOCUMENT Accompanying the document REPORT FROM THE COMMISSION TO THE COUNCIL Specific Monitoring Report on research activities for nuclear safety and security supported by the Euratom Framework Programme 2012 – 2013,SWD,2013-05-27T00:00:00Z,European Commission,12,manual,SWD,https://eur-lex.europa.eu/legal-content/EN/TXT/?uri=CELEX:52013SC0187,"| 52013SC0187 COMMISSION STAFF WORKING DOCUMENT Accompanying the document REPORT FROM THE COMMISSION TO THE COUNCIL Specific Monitoring Report on research activities for nuclear safety and security supported by the Euratom Framework Programme 2012 – 2013 /* SWD/2013/0187 final */ TABLE OF CONTENTS 1........... Rationale........................................................................................................................ 2 2........... Background (up to end of 2011)..................................................................................... 2 2.1........ DG RTD - indirect actions.............................................................................................. 3 2.2........ DG JRC - direct actions................................................................................................. 6 3........... Research activities supporting
nuclear safety launched under Euratom Framework Programme (2012-13)        10 3.1........ DG RTD - indirect ...",EUR-Lex - 52013SC0187 - EN - EUR-Lex,success,2025-10-26T22:52:41Z,482,0.0548288021840518,No,NA,NA,NA,High,EC,NA,Joffrey
52000DC0477,155ee889-290b-49c9-85ab-7de696f3bf4e,"Communication from the Commission to the Council, the European Parliament and the Economic and Social Committee - Pricing policies for enhancing the sustainability of water resources",COMMUNIC,2000-07-26T00:00:00Z,European Commission,13,manual,COMMUNIC,https://eur-lex.europa.eu/legal-content/EN/TXT/?uri=CELEX:52000DC0477,"Avis juridique important | 52000DC0477 Communication from the Commission to the Council, the European Parliament and the Economic and Social Committee - Pricing policies for enhancing the sustainability of water resources  /* COM/2000/0477 final */ COMMUNICATION FROM THE COMMISSION TO THE COUNCIL, THE EUROPEAN PARLIAMENT AND THE ECONOMIC AND SOCIAL COMMITTEE Pricing policies for enhancing the sustainability of water resources Preface Water is a major concern for environmental policies in the European Community and is one of the environmental priorities of the European Commission. The main pillar of water policies during the coming decades will be the proposed Directive establishing a framework for Community action in the field of water policy (or Water Framework Directive). In line with recent initiatives to give more weight to economic instruments in environmental policies, the proposed Water Framework Directive promotes the use of water charging to act as an incentive for the sust...",EUR-Lex - 52000DC0477 - EN - EUR-Lex,success,2025-10-27T03:00:07Z,805,0.1130141794187842,No,NA,NA,NA,High,EC,NA,Joffrey
52014SC0224,d2ffef33-0686-11e4-831f-01aa75ed71a1,COMMISSION STAFF WORKING DOCUMENT EXECUTIVE SUMMARY OF THE IMPACT ASSESSMENT Accompanying the document COMMUNICATION FROM THE COMMISSION TO THE EUROPEAN PARLIAMENT AND THE COUNCIL Better situational awareness by enhanced cooperation across maritime surveillance authorities: next steps within the Common Information Sharing Environment for the EU maritime domain,SWD,2014-07-08T00:00:00Z,European Commission,7,manual,SWD,https://eur-lex.europa.eu/legal-content/EN/TXT/?uri=CELEX:52014SC0224,"| 52014SC0224 COMMISSION STAFF WORKING DOCUMENT EXECUTIVE SUMMARY OF THE IMPACT ASSESSMENT Accompanying the document COMMUNICATION FROM THE COMMISSION TO THE EUROPEAN PARLIAMENT AND THE COUNCIL Better situational awareness by enhanced cooperation across maritime surveillance authorities: next steps within the Common Information Sharing Environment for the EU maritime domain /* SWD/2014/0224 final */ COMMISSION STAFF WORKING DOCUMENT EXECUTIVE
SUMMARY OF THE IMPACT ASSESSMENT Accompanying the document COMMUNICATION FROM THE COMMISSION TO THE EUROPEAN
PARLIAMENT AND THE COUNCIL Better situational awareness by enhanced cooperation
across maritime surveillance authorities: next steps within the Common
Information Sharing Environment for the EU maritime domain Disclaimer: This
executive summary commits only the Commission's services involved in its
preparation and does not prejudge the final form of any decision to be taken by
the Commission. 1.                      
Problem Defi...",EUR-Lex - 52014SC0224 - EN - EUR-Lex,success,2025-10-26T18:15:49Z,62,0.0321910695742471,No,NA,NA,NA,High,EC,NA,Joffrey
52015SC0223,2e0078b6-8eac-11e5-983e-01aa75ed71a1,"COMMISSION STAFF WORKING DOCUMENT Country Factsheet Finland Accompanying the document COMMUNICATION FROM THE COMMISSION TO THE EUROPEAN PARLIAMENT, THE COUNCIL, THE EUROPEAN ECONOMIC AND SOCIAL COMMITTEE, THE COMMITTEE OF THE REGIONS AND THE EUROPEAN INVESTMENT BANK State of the Energy Union",SWD,2015-11-18T00:00:00Z,European Commission,12,manual,SWD,https://eur-lex.europa.eu/legal-content/EN/TXT/?uri=CELEX:52015SC0223,"EUROPEAN COMMISSION Brussels, 18.11.2015 SWD(2015) 223 final COMMISSION STAFF WORKING DOCUMENT Country Factsheet Finland Accompanying the document COMMUNICATION FROM THE COMMISSION TO THE EUROPEAN PARLIAMENT, THE COUNCIL, THE EUROPEAN ECONOMIC AND SOCIAL COMMITTEE, THE COMMITTEE OF THE REGIONS AND THE EUROPEAN INVESTMENT BANK State of the Energy Union {COM(2015) 572} {SWD(2015) 208 à 209} {SWD(2015) 217 à 222} {SWD(2015) 224 à 243} Towards an Energy Union Finland Macroeconomic relevance of energy IMPORTANCE OF THE ENERGY SECTOR The value added of the energy sector amounted to 1.9% of GVA in 2005 in Finland, expanding to 2.3% in 2012. Its share is higher than the EU-average. The share of the energy sector in total employment is on the other hand lower than average. It has fallen since 2005, resulting in 0.47% of total employment in 2012. Source: EUROSTAT – National Accounts According to EurObserv'ER, in 2013, the share of direct and indirect renewable energy related employment in tot...",EUR-Lex - 52015SC0223 - EN - EUR-Lex,success,2025-10-26T22:54:33Z,89,0.0400179856115107,Yes,Admin-only,NA,NA,High,EC,NA,Joffrey
52000PC0630,9be5cc63-25a7-4a50-a379-9da2759896d2,"Proposal for a Council Decision regarding the position to be taken by the Community within the International Tropical Timber Council on the extension of the International Agreement on Tropical Timber, 1994",PROP_DEC_NO_ADDRESSEE,2000-10-09T00:00:00Z,European Commission,11,proposal,NA,https://eur-lex.europa.eu/legal-content/EN/TXT/?uri=CELEX:52000PC0630,"Avis juridique important | 52000PC0630 Proposal for a Council Decision regarding the position to be taken by the Community within the International Tropical Timber Council on the extension of the International Agreement on Tropical Timber, 1994  /* COM/2000/0630 final - ACC 2000/0254 */ Proposal for a COUNCIL DECISION regarding the position to be taken by the Community within the International Tropical Timber Council on the extension of the International Agreement on Tropical Timber, 1994 (presented by the Commission) EXPLANATORY MEMORANDUM 1. The International Agreement on Tropical Timber of 1994 entered into force on 1 January 1996. It is due to expire on 31 December 2000. 2. At the meeting of the International Tropical Timber Council on 30 May 2000 it has been proposed to extend the Agreement for a three-year period until 31 December 2003, under the provisions of Article 46 of the Agreement. 3. According to the legal basis, the proposed decision does not affect the European Commu...",EUR-Lex - 52000PC0630 - EN - EUR-Lex,success,2025-10-25T22:11:40Z,30,0.1060070671378091,No,NA,NA,NA,High,EC,NA,Joffrey
52005XC1215(01),19661beb-2cd8-4ecd-9e47-124396805426,Publication of an application for registration pursuant to Article 6(2) of Regulation (EEC) No 2081/92 on the protection of geographical indications and designations of origin,COMMUNIC,2005-12-15T00:00:00Z,European Commission,3,manual,COMMUNIC,https://eur-lex.europa.eu/legal-content/EN/TXT/?uri=CELEX:52005XC1215(01),"15.12.2005 EN Official Journal of the European Union C 320/2 Publication of an application for registration pursuant to Article 6(2) of Regulation (EEC) No 2081/92 on the protection of geographical indications and designations of origin (2005/C 320/02) This publication confers the right to object to the application pursuant to Articles 7 and 12d of the abovementioned Regulation. Any objection to this application must be submitted via the competent authority in a Member State, in a WTO member country or in a third country recognized in accordance with Article 12(3) within a time limit of six months from the date of this publication. The arguments for publication are set out below, in particular under 4.6, and are considered to justify the application within the meaning of Regulation (EEC) No 2081/92. SUMMARY COUNCIL REGULATION (EEC) No 2081/92 ‘GATA-HURDES’ EC No: ES/00121/28.03.2000 PDO ( X ) PGI ( ) This note is a summary produced for information. For full details, interested parti...",EUR-Lex - 52005XC1215(01) - EN - EUR-Lex,success,2025-10-26T12:40:25Z,106,0.0674300254452926,No,NA,NA,NA,High,EC,NA,Joffrey
52001PC0474,ca76a397-7f79-4ec2-ab12-a7f0ceeeae8a,Proposal for a Council Decision approving the signing by the Commission of two Cooperation Agreements between the European Atomic Energy Community (Euratom) and the Government of the Russian Federation in the fields of nuclear safety and controlled nuclear fusion,PROP_DEC_NO_ADDRESSEE,2001-08-31T00:00:00Z,European Commission,11,proposal,NA,https://eur-lex.europa.eu/legal-content/EN/TXT/?uri=CELEX:52001PC0474,"Do you want to help improving EUR-Lex ? This is a list of experimental features that you can enable. These features are still under development; they are not fully tested, and might reduce EUR-Lex stability. Don't forget to give your feedback! This document is an excerpt from the EUR-Lex website EU law EU case-law Official Journal National law and case-law Information Document 52001PC0474 Proposal for a Council Decision approving the signing by the Commission of two Cooperation Agreements between the European Atomic Energy Community (Euratom) and the Government of the Russian Federation in the fields of nuclear safety and controlled nuclear fusion Proposal for a Council Decision approving the signing by the Commission of two Cooperation Agreements between the European Atomic Energy Community (Euratom) and the Government of the Russian Federation in the fields of nuclear safety and controlled nuclear fusion Proposal for a Council Decision approving the signing by the Commission of tw...",EUR-Lex - 52001PC0474 - EN - EUR-Lex,success,2025-10-25T22:19:51Z,12,0.0769230769230769,No,NA,NA,NA,High,EC,NA,Joffrey
52003PC0350,16946563-ec88-48d6-8a03-258a375a3107,Proposal for a Directive of the European Parliament and of the Council amending Council Directive 92/24/EEC relating to speed limitation devices or similar speed limitation on-board systems of certain categories of motor vehicles,PROP_DIR,2003-06-13T00:00:00Z,European Commission,7,proposal,NA,https://eur-lex.europa.eu/legal-content/EN/TXT/?uri=CELEX:52003PC0350,Avis juridique important | 52003PC0350 Proposal for a Directive of the European Parliament and of the Council amending Council Directive 92/24/EEC relating to speed limitation devices or similar speed limitation on-board systems of certain categories of motor vehicles  /* COM/2003/0350 final - COD 2003/0122 */ Proposal for a DIRECTIVE OF THE EUROPEAN PARLIAMENT AND OF THE COUNCIL amending Council Directive 92/24/EEC relating to speed limitation devices or similar speed limitation on-board systems of certain categories of motor vehicles (presented by the Commission) EXPLANATORY MEMORANDUM 1. Objective of the Proposal Directive 92/24/EEC is one of the separate directives within the framework of motor vehicle type-approval and is relating to speed limitation devices or similar speed limitation on-board systems of certain categories of motor vehicles (lorries and buses). The objective of the proposal is to amend the scope of this directive to lighter commercial vehicles like small buses...,EUR-Lex - 52003PC0350 - EN - EUR-Lex,success,2025-10-25T09:09:01Z,39,0.0381231671554252,No,NA,NA,NA,High,EC,NA,Joffrey
51993PC0505(02),7a954664-0ae0-4c3d-a634-77763a0397e7,"Proposal for a COUNCIL DIRECTIVE amending Annex II to Directive 90/642/EEC relating to the fixing of maximum levels for pesticide residues in and on certain products of plant origin, including fruit and vegetables and providing for the establishment of a list of maximum levels",PROP_DIR,1993-10-21T00:00:00Z,European Commission,3,proposal,NA,https://eur-lex.europa.eu/legal-content/EN/TXT/?uri=CELEX:51993PC0505(02),"Do you want to help improving EUR-Lex ? This is a list of experimental features that you can enable. These features are still under development; they are not fully tested, and might reduce EUR-Lex stability. Don't forget to give your feedback! This document is an excerpt from the EUR-Lex website EU law EU case-law Official Journal National law and case-law Information Document 51993PC0505(02) Proposal for a COUNCIL DIRECTIVE amending Annex II to Directive 90/642/EEC relating to the fixing of maximum levels for pesticide residues in and on certain products of plant origin, including fruit and vegetables and providing for the establishment of a list of maximum levels Proposal for a COUNCIL DIRECTIVE amending Annex II to Directive 90/642/EEC relating to the fixing of maximum levels for pesticide residues in and on certain products of plant origin, including fruit and vegetables and providing for the establishment of a list of maximum levels Proposal for a COUNCIL DIRECTIVE amending Ann...",EUR-Lex - 51993PC0505(02) - EN - EUR-Lex,success,2025-10-25T05:01:13Z,6,0.0384615384615384,No,NA,NA,NA,High,EC,NA,Joffrey
52010PC0690,d79f9b79-a144-4cd0-b571-6f8f832e985b,Proposal for a COUNCIL DECISION on the conclusion of a new Protocol setting out the fishing opportunities and the financial contribution provided for by the Fisheries Partnership Agreement between the European Union and the Republic of Seychelles,PROP_DEC_NO_ADDRESSEE,2010-11-25T00:00:00Z,European Commission,11,proposal,NA,https://eur-lex.europa.eu/legal-content/EN/TXT/?uri=CELEX:52010PC0690,"| 52010PC0690 /* COM/2010/0690 final - NLE 2010/0335 */  Proposal for a COUNCIL DECISION on the conclusion of a new Protocol setting out the fishing opportunities and the financial contribution provided for by the Fisheries Partnership Agreement between the European Union and the Republic of Seychelles [pic] | EUROPEAN COMMISSION | Brussels, 25.11.2010 COM(2010) 690 final 2010/0335 (NLE) Proposal for a COUNCIL DECISION on the conclusion of a new Protocol setting out the fishing opportunities and the financial contribution provided for by the Fisheries Partnership Agreement between the European Union and the Republic of Seychelles EXPLANATORY MEMORANDUM On the basis of relevant Council mandate[1], the Commission on behalf of the European Union negotiated with the Republic of Seychelles in view of renewing the Protocol to the Fisheries Partnership Agreement between the European Union and the Republic of Seychelles. Following these negotiations, a new Protocol was initialled on the 3 J...",EUR-Lex - 52010PC0690 - EN - EUR-Lex,success,2025-10-26T00:02:47Z,388,0.0432456531431119,No,NA,NA,NA,High,EC,NA,Joffrey
52010XC0715(02),29cb9c88-cc19-40af-8561-7ad641078c3e,"Communication pursuant to Article 13(2) of Regulation (EC) No 885/2006 concerning the appointment of a member, the renewal of the term of office of a current member and the appointment of substitute members of the Conciliation Body instituted in the context of the clearance of the accounts of the EAGF and the EAFRD",COMMUNIC,2010-07-15T00:00:00Z,European Commission,3,manual,COMMUNIC,https://eur-lex.europa.eu/legal-content/EN/TXT/?uri=CELEX:52010XC0715(02),"15.7.2010 EN Official Journal of the European Union C 191/5 Communication pursuant to Article 13(2) of Regulation (EC) No 885/2006 concerning the appointment of a member, the renewal of the term of office of a current member and the appointment of substitute members of the Conciliation Body instituted in the context of the clearance of the accounts of the EAGF and the EAFRD 2010/C 191/04 1. The Commission has appointed Mr Gert LINDEMANN (DE) as a member for the period 1 August 2010 to 31 July 2013. 2. The Commission has renewed the term of office Mr Peter BAUMANN (DA) for the period 1 August 2010 to 31 July 2011. 3. The Commission has appointed Mr Denis BYRNE (IE), Mr Helder BICHO (PT) and Mr Robert BURIAN (AU) as substitute members for the period 1 August 2010 to 31 July 2013. Top",EUR-Lex - 52010XC0715(02) - EN - EUR-Lex,success,2025-10-26T12:21:40Z,4,0.0470588235294117,No,NA,NA,NA,High,EC,NA,Joffrey
52017PC0483,7fa58a70-99f2-11e7-b92d-01aa75ed71a1,Proposal for a COUNCIL REGULATION on the allocation of fishing opportunities under the Protocol setting out the fishing opportunities and the financial contribution provided for by the Fisheries Partnership Agreement between the European Union and the Republic of Mauritius.,PROP_REG,2017-09-15T00:00:00Z,European Commission,11,proposal,NA,https://eur-lex.europa.eu/legal-content/EN/TXT/?uri=CELEX:52017PC0483,"EUROPEAN COMMISSION Brussels, 15.9.2017 COM(2017) 483 final 2017/0221(NLE) Proposal for a COUNCIL REGULATION on the allocation of fishing opportunities under the Protocol setting out the fishing opportunities and the financial contribution provided for by the Fisheries Partnership Agreement between the European Union and the Republic of Mauritius. EXPLANATORY MEMORANDUM 1. CONTEXT OF THE PROPOSAL • Reasons for and objectives of the proposal On the basis of the relevant negotiating directives 1 , the Commission conducted negotiations with the Government of Mauritius with a view to concluding a new Protocol to the Fisheries Partnership Agreement between the European Community and the Republic of Mauritius 2 . Following these negotiations, a new Protocol was initialled on 26 April 2017. The Protocol covers a period of four years from the date of its provisional application, i.e. from the date on which it is signed, as it states in Article 15. The main aim of the new Protocol is to prov...",EUR-Lex - 52017PC0483 - EN - EUR-Lex,success,2025-10-25T19:16:58Z,61,0.0614300100704934,No,NA,NA,NA,High,EC,NA,Joffrey
51992PC0322,904697f5-1f64-490b-a678-072f1aa6b5a2,Proposal for a COUNCIL DECISION on the signature of the Convention on the protection of the marine environment of the North-East Atlantic,PROP_DEC_NO_ADDRESSEE,1992-07-22T00:00:00Z,European Commission,15,proposal,NA,https://eur-lex.europa.eu/legal-content/EN/TXT/?uri=CELEX:51992PC0322,"Do you want to help improving EUR-Lex ? This is a list of experimental features that you can enable. These features are still under development; they are not fully tested, and might reduce EUR-Lex stability. Don't forget to give your feedback! This document is an excerpt from the EUR-Lex website EU law EU case-law Official Journal National law and case-law Information Document 51992PC0322 Proposal for a COUNCIL DECISION on the signature of the Convention on the protection of the marine environment of the North-East Atlantic Proposal for a COUNCIL DECISION on the signature of the Convention on the protection of the marine environment of the North-East Atlantic Proposal for a COUNCIL DECISION on the signature of the Convention on the protection of the marine environment of the North-East Atlantic /* COM/92/322FINAL */",EUR-Lex - 51992PC0322 - EN - EUR-Lex,success,2025-10-26T06:55:09Z,6,0.0594059405940594,NA,NA,NA,NA,NA,EC,Cannot access this document,Joffrey
52009XC0127(03),6f65e621-460b-4511-96be-2e2e68b3f1ac,Commission communication in the framework of the implementation of the Directive 94/9/EC of the European Parliament and the Council on the approximation of the laws of the Member States concerning equipment and protective systems intended for use in potentially explosive atmospheres (Text with EEA relevance),COMMUNIC,2009-01-27T00:00:00Z,European Commission,13,manual,COMMUNIC,https://eur-lex.europa.eu/legal-content/EN/TXT/?uri=CELEX:52009XC0127(03),27.1.2009 EN Official Journal of the European Union C 20/16 Commission communication in the framework of the implementation of the Directive 94/9/EC of the European Parliament and the Council on the approximation of the laws of the Member States concerning equipment and protective systems intended for use in potentially explosive atmospheres (Text with EEA relevance) (Publication of titles and references of harmonised standards under the directive) (2009/C 20/14) ESO ( 1 ) Reference and title of the harmonised standard (and reference document) Reference of superseded standard Date of cessation of presumption of conformity of superseded standard (Note 1) CEN EN 1010-1:2004 Safety of machinery — Safety requirements for the design and construction of printing and paper converting machines — Part 1: Common requirements — CEN EN 1010-2:2006 Safety of machinery — Safety requirements for the design and construction of printing and paper converting machines — Part 2: Printing and varnishing...,EUR-Lex - 52009XC0127(03) - EN - EUR-Lex,success,2025-10-27T03:57:14Z,68,0.0414887126296522,No,NA,NA,NA,High,EC,NA,Joffrey
52025SC0024,30e391a0-e394-11ef-be2a-01aa75ed71a1,COMMISSION STAFF WORKING DOCUMENT Third River Basin Management Plans Second Flood Hazard and Risk Maps and Second Flood Risk Management Plans Member State: Spain Accompanying the document REPORT FROM THE COMMISSION TO THE COUNCIL AND THE EUROPEAN PARLIAMENT on the implementation of the Water Framework Directive (2000/60/EC) and the Floods Directive (2007/60/EC) Third River Basin Management Plans Second Flood Risk Management Plans,SWD,2025-02-04T00:00:00Z,European Commission,15,manual,SWD,https://eur-lex.europa.eu/legal-content/EN/TXT/?uri=CELEX:52025SC0024,"EUROPEAN COMMISSION Brussels, 4.2.2025 SWD(2025) 24 final COMMISSION STAFF WORKING DOCUMENT Third River Basin Management Plans Second Flood Hazard and Risk Maps and Second Flood Risk Management Plans Member State: Spain Accompanying the document REPORT FROM THE COMMISSION TO THE COUNCIL AND THE EUROPEAN PARLIAMENT on the implementation of the Water Framework Directive (2000/60/EC) and the Floods Directive (2007/60/EC) Third River Basin Management Plans Second Flood Risk Management Plans {COM(2025) 2 final} - {SWD(2025) 13 final} - {SWD(2025) 14 final} - {SWD(2025) 15 final} - {SWD(2025) 16 final} - {SWD(2025) 17 final} - {SWD(2025) 18 final} - {SWD(2025) 19 final} - {SWD(2025) 20 final} - {SWD(2025) 21 final} - {SWD(2025) 22 final} - {SWD(2025) 23 final} - {SWD(2025) 25 final} - {SWD(2025) 26 final} - {SWD(2025) 27 final} - {SWD(2025) 28 final} - {SWD(2025) 29 final} - {SWD(2025) 30 final} - {SWD(2025) 31 final} - {SWD(2025) 32 final} - {SWD(2025) 33 final} - {SWD(2025) 34 final} - ...",EUR-Lex - 52025SC0024 - EN - EUR-Lex,success,2025-10-27T10:54:31Z,1151,0.0932512355181074,No,NA,NA,NA,High,EC,NA,Joffrey
52011SC0358,35378c2a-0748-11e4-b75f-01aa75ed71a1,COMMISSION STAFF WORKING PAPER IMPACT ASSESSMENT Accompanying document to the WHITE PAPER Roadmap to a Single European Transport Area – Towards a competitive and resource efficient transport system,SWD,2011-03-28T00:00:00Z,European Commission,7,manual,SWD,https://eur-lex.europa.eu/legal-content/EN/TXT/?uri=CELEX:52011SC0358,"| 52011SC0358 COMMISSION STAFF WORKING PAPER    EN EN /*  */ EN || EUROPEAN COMMISSION Brussels, 28.3.2011 SEC(2011) 358 final COMMISSION STAFF WORKING PAPER IMPACT
ASSESSMENT
Accompanying document to the
WHITE PAPER
Roadmap to a Single European Transport Area – Towards a
competitive and resource efficient  transport system
SEC(2011) 359 final
SEC(2011) 391 final
COM(2011) 144 final This
report commits only the Commission’s services involved in its preparation and
does not prejudge the final form of any decision to be taken by the Commission. TABLE OF CONTENTS 1........... Procedural
issues and consultation of interested parties. 5 1.1........ Background
in the development of the White Paper on Transport Policy. 5 1.2........ Organisation
and timing. 5 1.3........ Consultation
and expertise. 6 1.4........ Results
of the consultation of the Impact Assessment Board. 7 2........... Problem
definition. 9 2.1........ General
context 9 2.2........ Description
and scope o...",EUR-Lex - 52011SC0358 - EN - EUR-Lex,success,2025-10-26T18:18:03Z,3083,0.0632073150729867,Yes,Neoclassical,GG-Evolutionary,NA,High,EC,NA,Joffrey
52025PC0145,28d34796-0fa9-11f0-b1a3-01aa75ed71a1,Proposal for a COUNCIL DECISION on the position to be taken on behalf of the European Union in the Convention for the Protection of the Marine Environment of the North-East Atlantic at the ministerial meeting of June 2025,PROP_DEC,2025-04-02T00:00:00Z,European Commission,11,proposal,NA,https://eur-lex.europa.eu/legal-content/EN/TXT/?uri=CELEX:52025PC0145,"EUROPEAN COMMISSION Brussels, 2.4.2025 COM(2025) 145 final 2025/0076(NLE) Proposal for a COUNCIL DECISION on the position to be taken on behalf of the European Union in the Convention for the Protection of the Marine Environment of the North-East Atlantic at the ministerial meeting of June 2025 EXPLANATORY MEMORANDUM 1. Subject matter of the proposal This proposal concerns the position to be taken on the Union's behalf in the ministerial segment of the OSPAR Commission meeting of June 2025 of the Convention for the protection of the marine environment of the North-East Atlantic (the ‘OSPAR Convention’). 2. Context of the proposal 2.1. The OSPAR Convention The OSPAR Convention aims to protect the North-East Atlantic maritime area against the adverse effects of human activities to safeguard human health, conserve marine ecosystems and, when practicable, restore marine areas which have been adversely affected. It has 16 Contracting Parties: Belgium, Denmark, the EU 1 , Finland, France,...",EUR-Lex - 52025PC0145 - EN - EUR-Lex,success,2025-10-25T15:46:06Z,228,0.0901898734177215,No,NA,NA,NA,High,EC,NA,Joffrey
52008SC2206,cf8fbb3a-c33f-4f3f-b900-d29725756d18,Commission staff working document accompanying the communication from the Commission to the European Parliament and the Council - Greening Transport {COM(2008) 433 final},SWD,2008-07-08T00:00:00Z,European Commission,7,manual,SWD,https://eur-lex.europa.eu/legal-content/EN/TXT/?uri=CELEX:52008SC2206,"Do you want to help improving EUR-Lex ? This is a list of experimental features that you can enable. These features are still under development; they are not fully tested, and might reduce EUR-Lex stability. Don't forget to give your feedback! This document is an excerpt from the EUR-Lex website EU law EU case-law Official Journal National law and case-law Information Document 52008SC2206 Commission staff working document accompanying the communication from the Commission to the European Parliament and the Council - Greening Transport {COM(2008) 433 final} Commission staff working document accompanying the communication from the Commission to the European Parliament and the Council - Greening Transport {COM(2008) 433 final} Commission staff working document accompanying the communication from the Commission to the European Parliament and the Council - Greening Transport {COM(2008) 433 final} /* SEC/2008/2206 */ Languages and formats available",EUR-Lex - 52008SC2206 - EN - EUR-Lex,success,2025-10-26T18:19:11Z,6,0.0517241379310344,Yes,Neoclassical,GG-Evolutionary,NA,High,EC,NA,Joffrey
51997PC0307,3648c792-2185-4b40-9e15-2041b3c804b5,Proposal for a Council Regulation (EC) establishing certain measures concerning imports of processed agricultural products from Switzerland in order to take account of the results of the Uruguay Round negociations in the agricultural sector,PROP_REG,1997-06-18T00:00:00Z,European Commission,11,proposal,NA,https://eur-lex.europa.eu/legal-content/EN/TXT/?uri=CELEX:51997PC0307,"Do you want to help improving EUR-Lex ? This is a list of experimental features that you can enable. These features are still under development; they are not fully tested, and might reduce EUR-Lex stability. Don't forget to give your feedback! This document is an excerpt from the EUR-Lex website EU law EU case-law Official Journal National law and case-law Information Document 51997PC0307 Proposal for a Council Regulation (EC) establishing certain measures concerning imports of processed agricultural products from Switzerland in order to take account of the results of the Uruguay Round negociations in the agricultural sector Proposal for a Council Regulation (EC) establishing certain measures concerning imports of processed agricultural products from Switzerland in order to take account of the results of the Uruguay Round negociations in the agricultural sector Proposal for a Council Regulation (EC) establishing certain measures concerning imports of processed agricultural products ...",EUR-Lex - 51997PC0307 - EN - EUR-Lex,success,2025-10-25T17:53:33Z,6,0.0441176470588235,No,NA,NA,NA,High,EC,NA,Joffrey
52013SC0135,85f90f08-c15e-4976-bfd1-b561a7fee148,"COMMISSION STAFF WORKING DOCUMENT Technical guidance on integrating climate change adaptation in programmes and investments of Cohesion Policy Accompanying the document COMMUNICATION FROM THE COMMISSION TO THE EUROPEAN PARLIAMENT, THE COUNCIL, THE EUROPEAN ECONOMIC AND SOCIAL COMMITTEE AND THE COMMITTEE OF THE REGIONS An EU Strategy on adaptation to climate change",SWD,2013-04-16T00:00:00Z,European Commission,15,manual,SWD,https://eur-lex.europa.eu/legal-content/EN/TXT/?uri=CELEX:52013SC0135,"| 52013SC0135 COMMISSION STAFF WORKING DOCUMENT Technical guidance on integrating climate change adaptation in programmes and investments of Cohesion Policy Accompanying the document COMMUNICATION FROM THE COMMISSION TO THE EUROPEAN PARLIAMENT, THE COUNCIL, THE EUROPEAN ECONOMIC AND SOCIAL COMMITTEE AND THE COMMITTEE OF THE REGIONS An EU Strategy on adaptation to climate change /* SWD/2013/0135 final */ COMMISSION STAFF WORKING DOCUMENT Technical guidance on integrating climate
change adaptation in programmes and investments of Cohesion Policy[1] Accompanying the document COMMUNICATION FROM THE COMMISSION
TO THE EUROPEAN PARLIAMENT, THE COUNCIL, THE EUROPEAN ECONOMIC AND SOCIAL
COMMITTEE AND THE COMMITTEE OF THE REGIONS An EU Strategy on adaptation to
climate change TABLE OF CONTENTS Table of Contents Summary. 3 1........... Introduction. 5 1.1........ Context 5 1.2........ Objectives. 6 1.3........ Approach. 6 2........... Cross-cutting issues
and approaches. 8 3........... Pr...",EUR-Lex - 52013SC0135 - EN - EUR-Lex,success,2025-10-27T10:20:34Z,526,0.054519071310116,No,NA,NA,NA,Medium,EC,This is a document on climate adaptation,Joffrey
52000DC0821,e791379d-9b38-40ea-a9c6-ee8b12ff6ac8,Communication from the Commission to the Council - Community objectives for the 33rd Assembly of the International Civil Aviation Organisation (ICAO) and ICAO Council decisions prior to this Assembly in the field of environmental protection,COMMUNIC,2000-12-11T00:00:00Z,European Commission,7,manual,COMMUNIC,https://eur-lex.europa.eu/legal-content/EN/TXT/?uri=CELEX:52000DC0821,"Avis juridique important | 52000DC0821 Communication from the Commission to the Council - Community objectives for the 33rd Assembly of the International Civil Aviation Organisation (ICAO) and ICAO Council decisions prior to this Assembly in the field of environmental protection  /* COM/2000/0821 final */ COMMUNICATION FROM THE COMMISSION TO THE COUNCIL Community objectives for the 33rd Assembly of the International Civil Aviation Organisation (ICAO) and ICAO Council decisions prior to this Assembly in the field of environmental protection 1. INTRODUCTION 1. The international Civil Aviation Organisation (ICAO) has a key responsibility in developing, standards and procedures for aircraft operated in international aviation. The Committee on Aviation Environmental Protection (CAEP) is responsible for advising the ICAO Council on the revision and preparation of ICAO standards, recommended in the environmental field. 2. The Community has already highlighted its preference for internation...",EUR-Lex - 52000DC0821 - EN - EUR-Lex,success,2025-10-26T17:57:23Z,142,0.0460142579390797,Yes,Neoclassical,NA,NA,High,EC,NA,Joffrey
51995PC0630,d1b39a80-2b5d-494a-a47c-6bb93c3b2fce,"Proposal for a COUNCIL REGULATION (EC) amending Regulation (EC) No 1917/95 establishing certain measures concerning imports of processed agricultural products from Iceland, Norway and Switzerland in oder to take account of the results of the Uruguay Round negotiations in the agricultural sector",PROP_REG,1995-12-06T00:00:00Z,European Commission,3,proposal,NA,https://eur-lex.europa.eu/legal-content/EN/TXT/?uri=CELEX:51995PC0630,"Do you want to help improving EUR-Lex ? This is a list of experimental features that you can enable. These features are still under development; they are not fully tested, and might reduce EUR-Lex stability. Don't forget to give your feedback! This document is an excerpt from the EUR-Lex website EU law EU case-law Official Journal National law and case-law Information Document 51995PC0630 Proposal for a COUNCIL REGULATION (EC) amending Regulation (EC) No 1917/95 establishing certain measures concerning imports of processed agricultural products from Iceland, Norway and Switzerland in oder to take account of the results of the Uruguay Round negotiations in the agricultural sector Proposal for a COUNCIL REGULATION (EC) amending Regulation (EC) No 1917/95 establishing certain measures concerning imports of processed agricultural products from Iceland, Norway and Switzerland in oder to take account of the results of the Uruguay Round negotiations in the agricultural sector Proposal for ...",EUR-Lex - 51995PC0630 - EN - EUR-Lex,success,2025-10-25T02:10:34Z,6,0.0408163265306122,NA,NA,NA,NA,NA,EC,Cannot access this document,Joffrey
52010PC0152,10552b8d-91b2-4fcc-84f2-7f9048cce62a,"Proposal for a Council Decision on the signature, on behalf of the European Union, of the Convention on the Conservation and Management of High Seas Fishery Resources in the South Pacific Ocean",PROP_DEC_NO_ADDRESSEE,2010-04-15T00:00:00Z,European Commission,11,proposal,NA,https://eur-lex.europa.eu/legal-content/EN/TXT/?uri=CELEX:52010PC0152,"| 52010PC0152 Proposal for a Council Decision on the signature, on behalf of the European Union, of the Convention on the Conservation and Management of High Seas Fishery Resources in the South Pacific Ocean  /* COM/2010/0152 final - NLE 2010/0082 */ [pic] | EUROPEAN COMMISSION | Brussels, 15.4.2010 COM(2010)152 final 2010/0082 (NLE) Proposal for a COUNCIL DECISION on the signature, on behalf of the European Union, of the Convention on the Conservation and Management of High Seas Fishery Resources in the South Pacific Ocean EXPLANATORY MEMORANDUM In 2006, the governments of Australia, Chile and New Zealand took the initiative to launch the process of International Consultations on the establishment of South Pacific Regional Fisheries Management Organisation (SPRFMO). The purpose of the Consultations was to cooperate in addressing the gap in the international conservation and management of non-highly migratory fisheries and protection of biodiversity in the marine environment in high...",EUR-Lex - 52010PC0152 - EN - EUR-Lex,success,2025-10-25T23:16:14Z,776,0.0584689572031344,No,NA,NA,NA,High,EC,NA,Joffrey
51995PC0608(01),0bff1064-72e7-4fb5-aade-72d059868f75,Proposal for a COUNCIL DECISION on the conclusion of an Agreement in the form of an exchange of letters concerning the provisional application of the Agreement on cooperation in the sea fisheries sector between the European Community and the Kingdom of Morocco initialled in Brussels on 13 November 1995,PROP_DEC_NO_ADDRESSEE,1995-11-28T00:00:00Z,European Commission,11,proposal,NA,https://eur-lex.europa.eu/legal-content/EN/TXT/?uri=CELEX:51995PC0608(01),"Do you want to help improving EUR-Lex ? This is a list of experimental features that you can enable. These features are still under development; they are not fully tested, and might reduce EUR-Lex stability. Don't forget to give your feedback! This document is an excerpt from the EUR-Lex website EU law EU case-law Official Journal National law and case-law Information Document 51995PC0608(01) Proposal for a COUNCIL DECISION on the conclusion of an Agreement in the form of an exchange of letters concerning the provisional application of the Agreement on cooperation in the sea fisheries sector between the European Community and the Kingdom of Morocco initialled in Brussels on 13 November 1995 Proposal for a COUNCIL DECISION on the conclusion of an Agreement in the form of an exchange of letters concerning the provisional application of the Agreement on cooperation in the sea fisheries sector between the European Community and the Kingdom of Morocco initialled in Brussels on 13 Novembe...",EUR-Lex - 51995PC0608(01) - EN - EUR-Lex,success,2025-10-25T23:59:16Z,6,0.0394736842105263,NA,NA,NA,NA,NA,EC,Cannot access this document,Joffrey
51996PC0394(02),8bee6c5c-876d-4cf0-9f48-dc6c64ad9c7d,"Proposal for a COUNCIL REGULATION (EG) on the conclusion of the Protocol defining, for the period from 1 June 1996 to 31 May 1999, the fishing opportunities and the financial contribution provided for by the Agreement between the European Community and the Democtatic Republic of São Tome e Principe on fishing off São Tome e Principe",PROP_REG,1996-07-24T00:00:00Z,European Commission,11,proposal,NA,https://eur-lex.europa.eu/legal-content/EN/TXT/?uri=CELEX:51996PC0394(02),"Avis juridique important | 51996PC0394(02) Proposal for a COUNCIL REGULATION (EG) on the conclusion of the Protocol defining, for the period from 1 June 1996 to 31 May 1999, the fishing opportunities and the financial contribution provided for by the Agreement between the European Community and the Democtatic Republic of São Tome e Principe on fishing off São Tome e Principe  /* COM/96/0394 FINAL - CNS 96/0199 */ Official Journal C 298 , 09/10/1996 P. 0015 Proposal for a Council Regulation (EC) on the conclusion of the Protocol defining, for the period 1 June 1996 to 31 May 1999, the fishing opportunities and the financial contribution provided for by the Agreement between the European Community and the Democratic Republic of São Tomé e Principe on fishing off São Tomé e Principe (96/C 298/06) COM(96) 394 final - 96/0199(CNS) (Submitted by the Commission on 25 July 1996) THE COUNCIL OF THE EUROPEAN UNION, Having regard to the Treaty establishing the European Community, and in partic...",EUR-Lex - 51996PC0394(02) - EN - EUR-Lex,success,2025-10-25T17:57:49Z,81,0.0408678102926337,No,NA,NA,NA,High,EC,NA,Joffrey
52017PC0812,400da60f-f13b-11e7-9749-01aa75ed71a1,Recommendation for a COUNCIL DECISION authorising the opening of negotiations on an international legally-binding instrument under the United Nations Convention on the Law of the Sea on the conservation and sustainable use of marine biological diversity of areas beyond national jurisdiction,RECO_DEC,2018-01-04T00:00:00Z,European Commission,11,recommendation,NA,https://eur-lex.europa.eu/legal-content/EN/TXT/?uri=CELEX:52017PC0812,"EUROPEAN COMMISSION Brussels,4.1.2018 COM(2017) 812 final Recommendation for a COUNCIL DECISION authorising the opening of negotiations on an international legally-binding instrument under the United Nations Convention on the Law of the Sea on the conservation and sustainable use of marine biological diversity of areas beyond national jurisdiction EXPLANATORY MEMORANDUM 1. CONTEXT OF THE RECOMMENDATION • Reasons for and objectives of the recommendation The UN General Assembly, in its Resolution 68/70, paragraph 198, requested the UN Ad-Hoc Open-ended Informal Working Group to study issues relating to the conservation and sustainable use of marine biological diversity beyond areas of national jurisdiction (hereinafter ""the UN BBNJ Working Group"") to make recommendations on the scope, parameters and feasibility of an international instrument under the United Nations Convention on the Law of the Sea (hereinafter, ""UNCLOS""). Building on its work since 2006, the UN BBNJ Working Group ado...",EUR-Lex - 52017PC0812 - EN - EUR-Lex,success,2025-10-26T08:34:33Z,129,0.0605633802816901,No,NA,NA,NA,High,EC,NA,Joffrey
52022SC0113,5ce20adf-b5ad-11ec-b6f4-01aa75ed71a1,COMMISSION STAFF WORKING DOCUMENT Subsidiarity Grid Accompanying the document Proposal for a REGULATION OF THE EUROPEAN PARLIAMENT AND OF THE COUNCIL on reporting of environmental data from industrial installations and establishing an Industrial Emissions Portal,SWD,2022-04-05T00:00:00Z,European Commission,15,manual,SWD,https://eur-lex.europa.eu/legal-content/EN/TXT/?uri=CELEX:52022SC0113,"EUROPEAN COMMISSION Strasbourg, 5.4.2022 SWD(2022) 113 final COMMISSION STAFF WORKING DOCUMENT Subsidiarity Grid Accompanying the document Proposal for a REGULATION OF THE EUROPEAN PARLIAMENT AND OF THE COUNCIL on reporting of environmental data from industrial installations and establishing an Industrial Emissions Portal {COM(2022) 157 final} Subsidiarity Grid 1. Can the Union act? What is the legal basis and competence of the Unions’ intended action? 1.1 Which article(s) of the Treaty are used to support the legislative proposal or policy initiative? The legal basis for this proposal is Article 192 TFEU. In accordance with Article 191 and 192(1) TFEU, the European Union shall contribute to the pursuit, inter alia, of the following objectives: preserving, protecting and improving the quality of the environment; promoting measures at international level to deal with regional or worldwide environmental problems, and combating climate change. The Proposal for a Regulation on reporting...",EUR-Lex - 52022SC0113 - EN - EUR-Lex,success,2025-10-27T10:46:02Z,72,0.0350535540408958,Yes,Admin-only,NA,NA,High,EC,NA,Joffrey
52019DC0128,32be2758-43f2-11e9-a8ed-01aa75ed71a1,"COMMUNICATION FROM THE COMMISSION TO THE EUROPEAN PARLIAMENT, THE COUNCIL AND THE EUROPEAN ECONOMIC AND SOCIAL COMMITTEE European Union Strategic Approach to Pharmaceuticals in the Environment",COMMUNIC,2019-03-11T00:00:00Z,European Commission,15,manual,COMMUNIC,https://eur-lex.europa.eu/legal-content/EN/TXT/?uri=CELEX:52019DC0128,"EUROPEAN COMMISSION Brussels, 11.3.2019 COM(2019) 128 final COMMUNICATION FROM THE COMMISSION European Union Strategic Approach to Pharmaceuticals in the Environment COMMUNICATION FROM THE COMMISSION TO THE EUROPEAN PARLIAMENT, THE COUNCIL AND THE EUROPEAN ECONOMIC AND SOCIAL COMMITTEE European Union Strategic Approach to Pharmaceuticals in the Environment 1. Introduction The treatment of many diseases in humans and animals relies on access to effective pharmaceuticals 1 . At the same time, pollution caused by some pharmaceuticals is an emerging problem 2 , 3 , 4 , with well-documented evidence of risks to the environment and, particularly in relation to antimicrobial resistance, to human health . Residues of pharmaceutical products may enter the environment during their manufacture, use and disposal. Article 8c of the Priority Substances Directive (2008/105/EC 5 as amended by Directive 2013/39/EU 6 ) requires the European Commission to propose a strategic approach to the pollution ...",EUR-Lex - 52019DC0128 - EN - EUR-Lex,success,2025-10-27T09:46:35Z,255,0.0625920471281296,No,NA,NA,NA,High,EC,NA,Joffrey
52023DC0306,4d632998-f2ff-11ed-a05c-01aa75ed71a1,"COMMUNICATION FROM THE COMMISSION TO THE EUROPEAN PARLIAMENT, THE COUNCIL, THE EUROPEAN ECONOMIC AND SOCIAL COMMITTEE AND THE COMMITTEE OF THE REGIONS on a revised monitoring framework for the circular economy",COMMUNIC,2023-05-15T00:00:00Z,European Commission,15,manual,COMMUNIC,https://eur-lex.europa.eu/legal-content/EN/TXT/?uri=CELEX:52023DC0306,"EUROPEAN COMMISSION Brussels, 15.5.2023 COM(2023) 306 final COMMUNICATION FROM THE COMMISSION TO THE EUROPEAN PARLIAMENT, THE COUNCIL, THE EUROPEAN ECONOMIC AND SOCIAL COMMITTEE AND THE COMMITTEE OF THE REGIONS on a revised monitoring framework for the circular economy {SWD(2023) 306 final} 1. Introduction In 1972 , the Club of Rome’s report , The Limits to Growth , warned about the environmental and climate consequences of th e current unsustainable growth model , which was based on the global consumption of 28.6 billion tonnes of materials every year . In the 50 years since the publication of this report , t he trend of ever - increasing demand for resources has become even more worrisome . Since 1972 , the global use of materials has nearly quadrupled , rising to 54.9 billion tonnes per year in 2000 and surpassing 100 billion tonnes in 2019. Worldwide material use is projected to reach 167 billion tonnes per year in 2060 1 . The natural regeneration capacity of the planet has not...",EUR-Lex - 52023DC0306 - EN - EUR-Lex,success,2025-10-27T09:53:20Z,282,0.0977808599167822,Yes,Neoclassical,NA,NA,High,EC,NA,Joffrey
52012DC0094,0488fc42-7cee-4ba9-bea7-1adbab3cb3e0,"COMMUNICATION FROM THE COMMISSION TO THE EUROPEAN PARLIAMENT, THE COUNCIL, THE EUROPEAN ECONOMIC AND SOCIAL COMMITTEE AND THE COMMITTEE OF THE REGIONS Accounting for land use, land use change and forestry (LULUCF) in the Union's climate change commitments",COMMUNIC,2012-03-12T00:00:00Z,European Commission,15,manual,COMMUNIC,https://eur-lex.europa.eu/legal-content/EN/TXT/?uri=CELEX:52012DC0094,"| 52012DC0094 COMMUNICATION FROM THE COMMISSION TO THE EUROPEAN PARLIAMENT, THE COUNCIL, THE EUROPEAN ECONOMIC AND SOCIAL COMMITTEE AND THE COMMITTEE OF THE REGIONS Accounting for land use, land use change and forestry (LULUCF) in the Union's climate change commitments /* COM/2012/094 final */ 1.                      
The need to act on climate change now At the end of 2010, in the context of
United Nations Framework Convention on Climate Change (UNFCCC), it was
recognized that global warming must not exceed the temperatures experienced
before the industrial revolution by more than 2˚ C[1]. This is vital if the negative
consequences of human interference with the climate system are to be limited. This
long-term goal requires global greenhouse gas emissions to be reduced by at
least 50% below 1990 levels by 2050[2]. Developed countries as a group should
reduce their emissions by 80 to 95% by 2050 compared to 1990 levels[3]. In the medium term, the EU has
committed to reduce its green...",EUR-Lex - 52012DC0094 - EN - EUR-Lex,success,2025-10-27T09:13:30Z,497,0.1482696897374701,No,NA,NA,NA,High,EC,NA,Joffrey
52007XC0619(06),4ac8e52c-3c76-4c2a-a9b8-79cba3fcb8c0,Publication of an application pursuant to Article 6(2) of Council Regulation (EC) No 510/2006 on the protection of geographical indications and designations of origin for agricultural products and foodstuffs,COMMUNIC,2007-06-19T00:00:00Z,European Commission,3,manual,COMMUNIC,https://eur-lex.europa.eu/legal-content/EN/TXT/?uri=CELEX:52007XC0619(06),19.6.2007 EN Official Journal of the European Union C 135/29 Publication of an application pursuant to Article 6(2) of Council Regulation (EC) No 510/2006 on the protection of geographical indications and designations of origin for agricultural products and foodstuffs (2007/C 135/12) This publication confers the right to object to the application pursuant to Article 7 of Council Regulation (EC) No 510/2006 ( 1 ) . Statements of objection must reach the Commission within six months from the date of this publication. SUMMARY COUNCIL REGULATION (EC) No 510/2006 ‘TOMATEN VON DER INSEL REICHENAU’ EC No DE/PGI/005/0319/27.10.2003 PDO ( ) PGI ( X ) This summary sets out the main elements of the product specification for information purposes. 1.   Responsible department in the Member State: Name: Bundesministerium der Justiz Address: D-11015 Berlin Tel: (49-30) 20 25 70 Fax: (49-30) 20 25 95 25 e-mail: poststelle@bmj.bund.de 2.   Group: Name: Reichenau-Gemüse eG Address: Marktstraße 1 D-784...,EUR-Lex - 52007XC0619(06) - EN - EUR-Lex,success,2025-10-26T15:00:55Z,60,0.0833333333333333,No,NA,NA,NA,High,EC,NA,Joffrey
51997DC0009,3147479f-5381-403a-a12e-dfb3cffd71f5,COMMUNICATION FROM THE COMMISSION - Environmental Taxes and Charges in the Single Market,COMMUNIC,1997-03-26T00:00:00Z,European Commission,9,manual,COMMUNIC,https://eur-lex.europa.eu/legal-content/EN/TXT/?uri=CELEX:51997DC0009,"Do you want to help improving EUR-Lex ? This is a list of experimental features that you can enable. These features are still under development; they are not fully tested, and might reduce EUR-Lex stability. Don't forget to give your feedback! This document is an excerpt from the EUR-Lex website EU law EU case-law Official Journal National law and case-law Information Document 51997DC0009 COMMUNICATION FROM THE COMMISSION - Environmental Taxes and Charges in the Single Market COMMUNICATION FROM THE COMMISSION - Environmental Taxes and Charges in the Single Market COMMUNICATION FROM THE COMMISSION - Environmental Taxes and Charges in the Single Market /* COM/97/0009 FINAL */ Languages and formats available",EUR-Lex - 51997DC0009 - EN - EUR-Lex,success,2025-10-26T18:31:54Z,3,0.0333333333333333,Yes,Neoclassical,NA,NA,High,EC,NA,Joffrey
52019SC0075,ab3909da-39d5-11e9-8d04-01aa75ed71a1,COMMISSION STAFF WORKING DOCUMENT First Flood Risk Mangement Plans - Member State: The Netherlands Accompanying the document REPORT FROM THE COMMISSION TO THE EUROPEAN PARLIAMENT AND THE COUNCIL on the implementation of the Water Framework Directive (2000/60/EC) and the Floods Directive (2007/60/EC) Second River Basin Management Plans First Flood Risk Management Plans,SWD,2019-02-26T00:00:00Z,European Commission,15,manual,SWD,https://eur-lex.europa.eu/legal-content/EN/TXT/?uri=CELEX:52019SC0075,"EUROPEAN COMMISSION Brussels, 26.2.2019 SWD(2019) 75 final COMMISSION STAFF WORKING DOCUMENT First Flood Risk Mangement Plans - Member State: The Netherlands Accompanying the document REPORT FROM THE COMMISSION TO THE EUROPEAN PARLIAMENT AND THE COUNCIL on the implementation of the Water Framework Directive (2000/60/EC) and the Floods Directive (2007/60/EC) Second River Basin Management Plans First Flood Risk Management Plans {COM(2019) 95 final} - {SWD(2019) 30 final} - {SWD(2019) 31 final} - {SWD(2019) 32 final} - {SWD(2019) 33 final} - {SWD(2019) 34 final} - {SWD(2019) 35 final} - {SWD(2019) 36 final} - {SWD(2019) 37 final} - {SWD(2019) 38 final} - {SWD(2019) 39 final} - {SWD(2019) 40 final} - {SWD(2019) 41 final} - {SWD(2019) 42 final} - {SWD(2019) 43 final} - {SWD(2019) 44 final} - {SWD(2019) 45 final} - {SWD(2019) 46 final} - {SWD(2019) 47 final} - {SWD(2019) 48 final} - {SWD(2019) 49 final} - {SWD(2019) 50 final} - {SWD(2019) 51 final} - {SWD(2019) 52 final} - {SWD(2019) 53 f...",EUR-Lex - 52019SC0075 - EN - EUR-Lex,success,2025-10-27T10:34:41Z,662,0.0570837285504872,No,NA,NA,NA,High,EC,NA,Joffrey
52008SC3045,2b27f376-7475-4284-bcb0-8081f5080c21,"Commission staff working document - Accompanying document to the communication from the Commission to the Council, the European Parliament, the European Economic and Social Committee and the Committee of the Regions : a mid-term assessment of implementing the EC biodiversity action plan - SEBI 2010 biodiversity indicators {COM(2008) 864 final} {SEC(2008) 3042} {SEC(2008) 3043} {SEC(2008) 3044}",SWD,2008-12-16T00:00:00Z,European Commission,15,manual,SWD,https://eur-lex.europa.eu/legal-content/EN/TXT/?uri=CELEX:52008SC3045,"Do you want to help improving EUR-Lex ? This is a list of experimental features that you can enable. These features are still under development; they are not fully tested, and might reduce EUR-Lex stability. Don't forget to give your feedback! This document is an excerpt from the EUR-Lex website EU law EU case-law Official Journal National law and case-law Information Document 52008SC3045 Commission staff working document - Accompanying document to the communication from the Commission to the Council, the European Parliament, the European Economic and Social Committee and the Committee of the Regions : a mid-term assessment of implementing the EC biodiversity action plan - SEBI 2010 biodiversity indicators {COM(2008) 864 final} {SEC(2008) 3042} {SEC(2008) 3043} {SEC(2008) 3044} Commission staff working document - Accompanying document to the communication from the Commission to the Council, the European Parliament, the European Economic and Social Committee and the Committee of the ...",EUR-Lex - 52008SC3045 - EN - EUR-Lex,success,2025-10-27T10:08:05Z,6,0.0329670329670329,No,NA,NA,NA,High,EC,NA,Joffrey
52003XC1014(02),1b4315c2-0da7-437c-a6b7-ed5163f99dfb,Publication of an application for registration pursuant to Article 6(2) of Regulation (EEC) No 2081/92 on the protection of geographical indications and designations of origin,COMMUNIC,2003-10-14T00:00:00Z,European Commission,3,manual,COMMUNIC,https://eur-lex.europa.eu/legal-content/EN/TXT/?uri=CELEX:52003XC1014(02),"Avis juridique important | 52003XC1014(02) Publication of an application for registration pursuant to Article 6(2) of Regulation (EEC) No 2081/92 on the protection of geographical indications and designations of origin Official Journal C 246 , 14/10/2003 P. 0007 - 0009 Publication of an application for registration pursuant to Article 6(2) of Regulation (EEC) No 2081/92 on the protection of geographical indications and designations of origin (2003/C 246/04) This publication confers the right to object to the application pursuant to Articles 7 and 12d of the abovementioned Regulation. Any objection to this application must be submitted via the competent authority in a Member State, in a WTO member country or in a third country recognised in accordance with Article 12(3) within a time limit of six months from the date of this publication. The arguments for publication are set out below, in particular under 4.6, and are considered to justify the application within the meaning of Regula...",EUR-Lex - 52003XC1014(02) - EN - EUR-Lex,success,2025-10-26T12:23:39Z,36,0.0339943342776204,No,NA,NA,NA,High,EC,NA,Joffrey
51990PC0331(02),7baa9433-d8e8-44a7-ba8a-3ad25e472297,PROPOSAL FOR A COUNCIL REGULATION ( EEC ) ON THE CONCLUSION OF PROTOCOL NO 2 ESTABLISHING FOR THE PERIOD 1 APRIL 1990 TO 31 MARCH 1991 THE CRAWFISH FISHING OPPORTUNITIES AND CORRESPONDING FINANCIAL COMPENSATION PROVIDED FOR IN THE AGREEMENT BETWEEN THE EUROPEAN ECONOMIC COMMUNITY AND THE KINGDOM OF MOROCCO,PROP_REG,1990-07-17T00:00:00Z,European Commission,11,proposal,NA,https://eur-lex.europa.eu/legal-content/EN/TXT/?uri=CELEX:51990PC0331(02),"Do you want to help improving EUR-Lex ? This is a list of experimental features that you can enable. These features are still under development; they are not fully tested, and might reduce EUR-Lex stability. Don't forget to give your feedback! This document is an excerpt from the EUR-Lex website EU law EU case-law Official Journal National law and case-law Information Document 51990PC0331(02) PROPOSAL FOR A COUNCIL REGULATION ( EEC ) ON THE CONCLUSION OF PROTOCOL NO 2 ESTABLISHING FOR THE PERIOD 1 APRIL 1990 TO 31 MARCH 1991 THE CRAWFISH FISHING OPPORTUNITIES AND CORRESPONDING FINANCIAL COMPENSATION PROVIDED FOR IN THE AGREEMENT BETWEEN THE EUROPEAN ECONOMIC COMMUNITY AND THE KINGDOM OF MOROCCO PROPOSAL FOR A COUNCIL REGULATION ( EEC ) ON THE CONCLUSION OF PROTOCOL NO 2 ESTABLISHING FOR THE PERIOD 1 APRIL 1990 TO 31 MARCH 1991 THE CRAWFISH FISHING OPPORTUNITIES AND CORRESPONDING FINANCIAL COMPENSATION PROVIDED FOR IN THE AGREEMENT BETWEEN THE EUROPEAN ECONOMIC COMMUNITY AND THE KING...",EUR-Lex - 51990PC0331(02) - EN - EUR-Lex,success,2025-10-25T16:27:57Z,6,0.037037037037037,No,NA,NA,NA,High,EC,NA,Joffrey
52010XC0917(03),d55a9683-dc46-47b2-bc47-957ce498f16c,Commission communication in the framework of the implementation of Directive 94/9/EC of the European Parliament and of the Council of 23 March 1994 on the approximation of the laws of the Member States concerning equipment and protective systems intended for use in potentially explosive atmospheres Text with EEA relevance (Publication of titles and references of harmonised standards under the directive),COMMUNIC,2010-09-17T00:00:00Z,European Commission,13,manual,COMMUNIC,https://eur-lex.europa.eu/legal-content/EN/TXT/?uri=CELEX:52010XC0917(03),17.9.2010 EN Official Journal of the European Union C 251/1 Commission communication in the framework of the implementation of Directive 94/9/EC of the European Parliament and of the Council of 23 March 1994 on the approximation of the laws of the Member States concerning equipment and protective systems intended for use in potentially explosive atmospheres (Text with EEA relevance) (Publication of titles and references of harmonised standards under the directive) 2010/C 251/01 ESO ( 1 ) Reference and title of the harmonised standard (and reference document) First publication in the Official Journal Reference of superseded standard Date of cessation of presumption of conformity of superseded standard Note 1 CEN EN 1010-1:2004 Safety of machinery — Safety requirements for the design and construction of printing and paper converting machines — Part 1: Common requirements 30.11.2005 CEN EN 1010-2:2006 Safety of machinery — Safety requirements for the design and construction of printing...,EUR-Lex - 52010XC0917(03) - EN - EUR-Lex,success,2025-10-27T03:42:47Z,70,0.040160642570281103,No,NA,NA,NA,High,EC,NA,Joffrey
52014SC0330,877dd1e4-05ef-11e4-831f-01aa75ed71a1,COMMISSION STAFF WORKING DOCUMENT In-depth study of European Energy Security Accompanying the document Communication from the Commission to the Council and the European Parliament European Energy Security Strategy,SWD,2014-05-28T00:00:00Z,European Commission,12,manual,SWD,https://eur-lex.europa.eu/legal-content/EN/TXT/?uri=CELEX:52014SC0330,"| 52014SC0330 COMMISSION STAFF WORKING DOCUMENT In-depth study of European Energy Security Accompanying the document Communication from the Commission to the Council and the European Parliament European Energy Security Strategy /* SWD/2014/0330 final */ Executive summary. 3 Introduction. 16 1.1        Risks and resilience. 16 2       Current
European energy security. 17 2.1        Energy sources in the
EU.. 17 2.1.1         All
energy products. 17 2.1.2         Oil 26 2.1.3         Natural
gas. 37 2.1.4         Coal 62 2.1.5         Uranium
and nuclear fuel 73 2.1.6         Renewable
energy. 80 2.2        Energy transformation. 82 2.2.1         Refining. 82 2.2.2         Electricity. 85 3       Expected
European energy security in 2030. 93 3.1        Oil 94 3.2        Natural gas. 96 3.3        Solid Fuels. 97 3.4        Uranium.. 98 3.5        Electricity. 99 3.6        Comparison to IEA
projections. 101 4       Assessment
of energy capacity, transport and storage. 103 4.1...",EUR-Lex - 52014SC0330 - EN - EUR-Lex,success,2025-10-26T22:59:11Z,1659,0.0445452836774695,Yes,Neoclassical,NA,NA,Low,EC,"The primary purpose of this document is to highlight the EU's Energy Security, with minimal implicit focus on climate mitigation.",Joffrey
52022PC0327,539a06c6-fd10-11ec-b94a-01aa75ed71a1,"Proposal for a COUNCIL REGULATION on the application of Articles 93, 107 and 108 of the Treaty on the Functioning of the European Union to certain categories of State aid in the rail, inland waterway and multimodal transport sector",PROP_REG,2022-07-06T00:00:00Z,European Commission,7,proposal,NA,https://eur-lex.europa.eu/legal-content/EN/TXT/?uri=CELEX:52022PC0327,"EUROPEAN COMMISSION Brussels, 6.7.2022 COM(2022) 327 final 2022/0209(NLE) Proposal for a COUNCIL REGULATION on the application of Articles 93, 107 and 108 of the Treaty on the Functioning of the European Union to certain categories of State aid in the rail, inland waterway and multimodal transport sector (Text with EEA relevance) EXPLANATORY MEMORANDUM 1. CONTEXT OF THE PROPOSAL • Reasons for and objectives of the proposal Context As indicated by the Commission in its Annual Sustainable Growth Strategy 2021 1 , measures addressing transport can strongly support the green transition by bringing significant greenhouse gas emission reductions and improvements to air quality, while fostering productivity growth and strengthening the resilience of industrial ecosystems . In that context, the Commission stressed the importance of investments in public transport and in infrastructure that supports the shift towards more sustainable and smart mobility, including seamless and efficient Europ...",EUR-Lex - 52022PC0327 - EN - EUR-Lex,success,2025-10-25T08:12:53Z,172,0.0348601540332387,No,NA,NA,NA,High,EC,NA,Joffrey
51992PC0508,1822252f-239f-4cc7-99a6-04570f78d555,Proposal for a COUNCIL DECISION concerning the conclusion of the framework Convention on Climate Change,PROP_DEC_NO_ADDRESSEE,1992-12-14T00:00:00Z,European Commission,15,proposal,NA,https://eur-lex.europa.eu/legal-content/EN/TXT/?uri=CELEX:51992PC0508,"Do you want to help improving EUR-Lex ? This is a list of experimental features that you can enable. These features are still under development; they are not fully tested, and might reduce EUR-Lex stability. Don't forget to give your feedback! This document is an excerpt from the EUR-Lex website EU law EU case-law Official Journal National law and case-law Information Document 51992PC0508 Proposal for a COUNCIL DECISION concerning the conclusion of the framework Convention on Climate Change Proposal for a COUNCIL DECISION concerning the conclusion of the framework Convention on Climate Change Proposal for a COUNCIL DECISION concerning the conclusion of the framework Convention on Climate Change /* COM/92/508FINAL */ OJ C 44, 16.2.1993, pp. 1–21
		 (ES, DA, DE, EL, EN, FR, IT, NL, PT) Languages, formats and link to OJ",EUR-Lex - 51992PC0508 - EN - EUR-Lex,success,2025-10-26T07:00:39Z,3,0.032258064516129,Yes,Neoclassical,Post-Growth,NA,High,EC,NA,Joffrey
52006XC0720(02),d14d886b-79a8-427c-9fe9-d6e696aad8f3,Commission communication in the framework of the implementation of Directive 94/9/EC of the European Parliament and of the Council of 23 March 1994 on the approximation of the laws of the Member States concerning equipment and protective systems intended for use in potentially explosive atmospheres (Text with EEA relevance),COMMUNIC,2006-07-20T00:00:00Z,European Commission,13,manual,COMMUNIC,https://eur-lex.europa.eu/legal-content/EN/TXT/?uri=CELEX:52006XC0720(02),20.7.2006 EN Official Journal of the European Union C 168/6 Commission communication in the framework of the implementation of Directive 94/9/EC of the European Parliament and of the Council of 23 March 1994 on the approximation of the laws of the Member States concerning equipment and protective systems intended for use in potentially explosive atmospheres (2006/C 168/04) (Text with EEA relevance) (Publication of titles and references of harmonised standards under the directive) ESO ( 1 ) Reference and title of the harmonised standard (and reference document) Reference of superseded standard Date of cessation of presumption of conformity of superseded standard Note 1 CEN EN 1010-1:2004 Safety of machinery — Safety requirements for the design and construction of printing and paper converting machines — Part 1: Common requirements — CEN EN 1010-2:2006 Safety of machinery — Safety requirements for the design and construction of printing and paper converting machines — Part 2: Printing...,EUR-Lex - 52006XC0720(02) - EN - EUR-Lex,success,2025-10-26T23:27:52Z,61,0.0451517394522575,No,NA,NA,NA,High,EC,NA,Joffrey
52002PC0361,e706ccbb-e252-4412-a108-89324cffd026,"Proposal for a Council Decision establishing, pursuant to Directive 2001/18/EC of the European Parliament and of the Council, the summary notification information format for notifications concerning the deliberate release into the environment of genetically modified organisms for purposes other than for placing on the market",PROP_DEC,2002-07-04T00:00:00Z,European Commission,15,proposal,NA,https://eur-lex.europa.eu/legal-content/EN/TXT/?uri=CELEX:52002PC0361,"Avis juridique important | 52002PC0361 Proposal for a Council Decision establishing, pursuant to Directive 2001/18/EC of the European Parliament and of the Council, the summary notification information format for notifications concerning the deliberate release into the environment of genetically modified organisms for purposes other than for placing on the market  /* COM/2002/0361 final */ Official Journal 262 E , 29/10/2002 P. 0336 - 0359 Proposal for a COUNCIL DECISION establishing, pursuant to Directive 2001/18/EC of the European Parliament and of the Council, the summary notification information format for notifications concerning the deliberate release into the environment of genetically modified organisms for purposes other than for placing on the market (presented by the Commission) EXPLANATORY MEMORANDUM 1. Under Part B of Directive 2001/18/EC, prior notification must be given to the competent national authority of the planned release of a genetically modified organism (GMO)...",EUR-Lex - 52002PC0361 - EN - EUR-Lex,success,2025-10-26T06:37:56Z,90,0.0357852882703777,No,NA,NA,NA,High,EC,NA,Joffrey
52016PC0031,587d0b4f-c5aa-11e5-a4b5-01aa75ed71a1,"Proposal for a REGULATION OF THE EUROPEAN PARLIAMENT AND OF THE COUNCIL on the approval and market surveillance of motor vehicles and their trailers, and of systems, components and separate technical units intended for such vehicles",PROP_REG,2016-01-27T00:00:00Z,European Commission,13,proposal,NA,https://eur-lex.europa.eu/legal-content/EN/TXT/?uri=CELEX:52016PC0031,"EUROPEAN COMMISSION Brussels, 27.1.2016 COM(2016) 31 final 2016/0014(COD) Proposal for a REGULATION OF THE EUROPEAN PARLIAMENT AND OF THE COUNCIL on the approval and market surveillance of motor vehicles and their trailers, and of systems, components and separate technical units intended for such vehicles (Text with EEA relevance) {SWD(2016) 9 final} {SWD(2016) 10 final} EXPLANATORY MEMORANDUM 1. CONTEXT OF THE PROPOSAL 1.1. Grounds for and objectives of the proposal The legal framework for the type-approval of automotive products covers three categories of vehicles: motor vehicles and their trailers, motorcycles, and tractors. The objective of this proposal is to revise the legal framework for the type-approval of motor vehicles and their trailers. The legal framework for the two other vehicle categories has already been the subject of a major revision in 2013. Type-approval requirements for motor vehicles and their trailers are currently set out in Directive 2007/46/EC of the Euro...",EUR-Lex - 52016PC0031 - EN - EUR-Lex,success,2025-10-26T04:00:58Z,3181,0.0369295424730371,No,NA,NA,NA,High,EC,NA,Joffrey
52011PC0072,965f35ae-6f5f-4abd-97d9-126971ebe97d,Proposal for a COUNCIL DECISION concerning the Framework Programme of the European Atomic Energy Community for nuclear research and training activities (2012 - 2013) {COM(2011) 71 final} {COM(2011) 73 final} {COM(2011) 74 final} {SEC(2011) 204 final},PROP_DEC_NO_ADDRESSEE,2011-03-07T00:00:00Z,European Commission,12,proposal,NA,https://eur-lex.europa.eu/legal-content/EN/TXT/?uri=CELEX:52011PC0072,"| 52011PC0072 Proposal for a COUNCIL DECISION concerning the Framework Programme of the European Atomic Energy Community for nuclear research and training activities (2012 - 2013)    {COM(2011) 71 final} {COM(2011) 73 final} {COM(2011) 74 final} {SEC(2011) 204 final}  /* COM/2011/0072 final - NLE 2011/0046 */ EN Brussels, 7.3.2011 COM(2011) 72 final 2011/0046 (NLE) Proposal for a COUNCIL DECISION concerning the Framework Programme of the European Atomic Energy Community for nuclear research and training activities (2012 - 2013) {COM(2011) 71 final} {COM(2011) 73 final} {COM(2011) 74 final} {SEC(2011) 204 final} EXPLANATORY MEMORANDUM 1. CONTEXT OF THE PROPOSAL 1.1 Grounds for and objectives of the proposal The Euratom Treaty limits research programmes in the nuclear field to 5 years. The legislation in force will expire at the end of 2011. The proposal accompanying this memorandum is for the adoption of a Council decision concerning Euratom's Framework Programme for 2012-2013. The E...",EUR-Lex - 52011PC0072 - EN - EUR-Lex,success,2025-10-26T01:58:04Z,329,0.0404077622205846,No,NA,NA,NA,High,EC,NA,Joffrey
52014PC0191,c3c2b697-b9af-11e3-86f9-01aa75ed71a1,Proposal for a COUNCIL REGULATION on the allocation of fishing opportunities under the Protocol setting out the fishing opportunities and the financial contribution provided for in the Fisheries Partnership Agreement between the European Union and the Republic of São Tomé and Príncipe,PROP_REG,2014-04-01T00:00:00Z,European Commission,11,proposal,NA,https://eur-lex.europa.eu/legal-content/EN/TXT/?uri=CELEX:52014PC0191,"| 52014PC0191 Proposal for a COUNCIL REGULATION on the allocation of fishing opportunities under the Protocol setting out the fishing opportunities and the financial contribution provided for in the Fisheries Partnership Agreement between the European Union and the Republic of São Tomé and Príncipe /* COM/2014/0191 final - 2014/0116 (NLE) */ EXPLANATORY MEMORANDUM 1.           CONTEXT OF THE PROPOSAL The Council authorised the European
Commission to negotiate, on behalf of the European Union, the renewal of the
Protocol to the Fisheries Partnership Agreement with the Democratic Republic of
São Tomé and Príncipe. At the end of the negotiations, a new draft protocol was
initialled by the negotiators on 19 December 2013. The new Protocol covers a
period of four years from the date of the provisional application laid down in
Article 14, that being the date on which this new Protocol was signed. The main purpose of the Protocol to the
Agreement is to grant fishing opportunities to...",EUR-Lex - 52014PC0191 - EN - EUR-Lex,success,2025-10-25T18:52:52Z,48,0.0556844547563805,No,NA,NA,NA,High,EC,NA,Joffrey
52001PC0420,505d7d4b-4343-471b-9c93-7355e214bde9,Proposal for a Council Decision on the conclusion of two agreements in the form of exchanges of letters concerning the extension of the protocol establishing the fishing opportunities and financial compensation provided for in the agreement between the European Economic Community and the government of the Republic of Senegal on fishing off the coast of Senegal for the periods 1 May 2001 to 31 July 2001 and 1 August 2001 to 31 December 2001,PROP_DEC_NO_ADDRESSEE,2001-07-23T00:00:00Z,European Commission,11,proposal,NA,https://eur-lex.europa.eu/legal-content/EN/TXT/?uri=CELEX:52001PC0420,Avis juridique important | 52001PC0420 Proposal for a Council Decision on the conclusion of two agreements in the form of exchanges of letters concerning the extension of the protocol establishing the fishing opportunities and financial compensation provided for in the agreement between the European Economic Community and the government of the Republic of Senegal on fishing off the coast of Senegal for the periods 1 May 2001 to 31 July 2001 and 1 August 2001 to 31 December 2001  /* COM/2001/0420 final */ Proposal for a Council Decision on the conclusion of two agreements in the form of exchanges of letters concerning the extension of the protocol establishing the fishing opportunities and financial compensation provided for in the agreement between the European Economic Community and the government of the Republic of Senegal on fishing off the coast of Senegal for the periods 1 May 2001 to 31 July 2001 and 1 August 2001 to 31 December 2001 (presented by the Commission) EXPLANATORY M...,EUR-Lex - 52001PC0420 - EN - EUR-Lex,success,2025-10-26T00:05:31Z,49,0.0329301075268817,No,NA,NA,NA,High,EC,NA,Joffrey
52020PC0182,e4fe9a8c-9047-11ea-812f-01aa75ed71a1,Proposal for a COUNCIL DECISION on the position to be taken on behalf of the European Union in the Convention for the Protection of the Marine Environment of the North-East Atlantic on the integration of Macaronesia in the OSPAR maritime area,PROP_DEC,2020-05-07T00:00:00Z,European Commission,11,proposal,NA,https://eur-lex.europa.eu/legal-content/EN/TXT/?uri=CELEX:52020PC0182,"EUROPEAN COMMISSION Brussels, 7.5.2020 COM(2020) 182 final 2020/0072(NLE) Proposal for a COUNCIL DECISION on the position to be taken on behalf of the European Union in the Convention for the Protection of the Marine Environment of the North-East Atlantic on the integration of Macaronesia in the OSPAR maritime area EXPLANATORY MEMORANDUM 1. Subject matter of the proposal This proposal concerns the position to be taken on the Union's behalf in connection with the envisaged adoption of an amendment to the Convention for the protection of the marine environment of the North-East Atlantic (the ‘OSPAR Convention’). 2. Context of the proposal 2.1. The OSPAR Convention The OSPAR Convention aims to protect the North-East Atlantic maritime area against the adverse effects of human activities in order to safeguard human health and to conserve marine ecosystems and, when practicable, restore marine areas, which have been adversely affected. It has 16 Contracting Parties: Belgium, Denmark, the ...",EUR-Lex - 52020PC0182 - EN - EUR-Lex,success,2025-10-25T14:55:52Z,95,0.0812660393498716,No,NA,NA,NA,High,EC,NA,Joffrey
52022SC0274,35240ceb-2f69-11ed-975d-01aa75ed71a1,"COMMISSION STAFF WORKING DOCUMENT Environmental Implementation Review 2022 Country Report - AUSTRIA Accompanying the document Communication from the Commission to the European Parliament, the Council, the European Economic and Social Committee and the Committee of the Regions Environmental Implementation Review 2022: Turning the tide through environmental compliance",SWD,2022-09-08T00:00:00Z,European Commission,15,manual,SWD,https://eur-lex.europa.eu/legal-content/EN/TXT/?uri=CELEX:52022SC0274,"EUROPEAN COMMISSION Brussels, 8.9.2022 SWD(2022) 274 final COMMISSION STAFF WORKING DOCUMENT Environmental Implementation Review 2022 Country Report - AUSTRIA Accompanying the document Communication from the Commission to the European Parliament, the Council, the European Economic and Social Committee and the Committee of the Regions Environmental Implementation Review 2022: Turning the tide through environmental compliance {COM(2022) 438 final} - {SWD(2022) 252 final} - {SWD(2022) 253 final} - {SWD(2022) 254 final} - {SWD(2022) 255 final} - {SWD(2022) 256 final} - {SWD(2022) 257 final} - {SWD(2022) 258 final} - {SWD(2022) 259 final} - {SWD(2022) 260 final} - {SWD(2022) 261 final} - {SWD(2022) 262 final} - {SWD(2022) 263 final} - {SWD(2022) 264 final} - {SWD(2022) 265 final} - {SWD(2022) 266 final} - {SWD(2022) 267 final} - {SWD(2022) 268 final} - {SWD(2022) 269 final} - {SWD(2022) 270 final} - {SWD(2022) 271 final} - {SWD(2022) 272 final} - {SWD(2022) 273 final} - {SWD(2022) 275 fi...",EUR-Lex - 52022SC0274 - EN - EUR-Lex,success,2025-10-27T10:49:06Z,1804,0.1116682141751779,Yes,Admin-only,NA,NA,High,EC,NA,Joffrey
52008PC0462,74ea34d0-0f47-4eca-a13c-027cde7cccbd,Proposal for a Council Regulation amending Annexes IV and V to Regulation (EC) No 850/2004 of the European Parliament and of the Council as regards the treatment of waste containing persistent organic pollutants in thermal and metallurgical production processes,PROP_REG,2008-07-16T00:00:00Z,European Commission,15,proposal,NA,https://eur-lex.europa.eu/legal-content/EN/TXT/?uri=CELEX:52008PC0462,"Important legal notice | 52008PC0462 Proposal for a Council Regulation amending Annexes IV and V to Regulation (EC) No 850/2004 of the European Parliament and of the Council as regards the treatment of waste containing persistent organic pollutants in thermal and metallurgical production processes  /* COM/2008/0462 final */ [pic] | COMMISSION OF THE EUROPEAN COMMUNITIES | Brussels, 16.7.2008 COM(2008) 462 final Proposal for a COUNCIL REGULATION amending Annexes IV and V to Regulation (EC) No 850/2004 of the European Parliament and of the Council as regards the treatment of waste containing persistent organic pollutants in thermal and metallurgical production processes (presented by the Commission) EXPLANATORY MEMORANDUM Article 7( 2) of Regulation 2004/850/EC on persistent organic pollutants provides that waste consisting of, containing or contaminated with persistent organic pollutants is treated in accordance with Annex V of this Regulation in such a way that the persistent organi...",EUR-Lex - 52008PC0462 - EN - EUR-Lex,success,2025-10-26T06:51:42Z,45,0.0516055045871559,No,NA,NA,NA,High,EC,NA,Joffrey
52008DC0030,bc316bb6-1912-4ba5-bf84-a245c57fd1fe,"Communication from the Commission to the European Parliament, the Council, the European Economic and Social Committee and the Committee of the Regions - 20 20 by 2020 - Europe's climate change opportunity {COM(2008) 13 final} {COM(2008) 16 final} {COM(2008) 17 final} {COM(2008) 18 final} {COM(2008) 19 final}",COMMUNIC,2008-01-23T00:00:00Z,European Commission,15,manual,COMMUNIC,https://eur-lex.europa.eu/legal-content/EN/TXT/?uri=CELEX:52008DC0030,"Important legal notice | 52008DC0030 Communication from the Commission to the European Parliament, the Council, the European Economic and Social Committee and the Committee of the Regions - 20 20 by 2020 - Europe's climate change opportunity {COM(2008) 13 final} {COM(2008) 16 final} {COM(2008) 17 final} {COM(2008) 18 final} {COM(2008) 19 final}  /* COM/2008/0030 final */ EN Brussels, 23.1.2008 COM(2008) 30 final COMMUNICATION FROM THE COMMISSION TO THE EUROPEAN PARLIAMENT, THE COUNCIL, THE EUROPEAN ECONOMIC AND SOCIAL COMMITTEE AND THE COMMITTEE OF THE REGIONS 20 20 by 2020 Europe's climate change opportunity {COM(2008) 13 final} {COM(2008) 16 final} {COM(2008) 17 final} {COM(2008) 18 final} {COM(2008) 19 final} COMMUNICATION FROM THE COMMISSION TO THE EUROPEAN PARLIAMENT, THE COUNCIL, THE EUROPEAN ECONOMIC AND SOCIAL COMMITTEE AND THE COMMITTEE OF THE REGIONS 20 20 by 2020 Europe's climate change opportunity (Text with EEA relevance) 2007 marked a turning point for the European Uni...",EUR-Lex - 52008DC0030 - EN - EUR-Lex,success,2025-10-27T08:23:16Z,211,0.0490013934045517,Yes,Neoclassical,GG-Keynesianism,GG-Evolutionary,High,EC,NA,Joffrey
51997PC0322,cd651d7b-4289-4372-86c4-bc8903afe701,Proposal for a Council Regulation (EC) laying down certain rules for the application of the special arrangements for imports of olive oil and certain other agricultural products originating in Turkey,PROP_REG,1997-06-24T00:00:00Z,European Commission,3,proposal,NA,https://eur-lex.europa.eu/legal-content/EN/TXT/?uri=CELEX:51997PC0322,"Do you want to help improving EUR-Lex ? This is a list of experimental features that you can enable. These features are still under development; they are not fully tested, and might reduce EUR-Lex stability. Don't forget to give your feedback! This document is an excerpt from the EUR-Lex website EU law EU case-law Official Journal National law and case-law Information Document 51997PC0322 Proposal for a Council Regulation (EC) laying down certain rules for the application of the special arrangements for imports of olive oil and certain other agricultural products originating in Turkey Proposal for a Council Regulation (EC) laying down certain rules for the application of the special arrangements for imports of olive oil and certain other agricultural products originating in Turkey Proposal for a Council Regulation (EC) laying down certain rules for the application of the special arrangements for imports of olive oil and certain other agricultural products originating in Turkey /* CO...",EUR-Lex - 51997PC0322 - EN - EUR-Lex,success,2025-10-25T01:12:23Z,9,0.0676691729323308,No,NA,NA,NA,High,EC,NA,Joffrey
52006DC0275(01),e8d402fa-fdda-4aac-bdf4-032ffd2804bc,"Communication from the Commission to the Council, the European Parliament, the European Economic and Social committee and the Committee of the Regions - Towards a future Maritime Policy for the Union: A European Vision for the Oceans and Seas",COMMUNIC,2006-06-07T00:00:00Z,European Commission,15,manual,COMMUNIC,https://eur-lex.europa.eu/legal-content/EN/TXT/?uri=CELEX:52006DC0275(01),"Important legal notice | 52006DC0275(01) Communication from the Commission to the Council, the European Parliament, the European Economic and Social committee and the Committee of the Regions - Towards a future Maritime Policy for the Union: A European Vision for the Oceans and Seas  /* COM/2006/0275 final */ [pic] | COMMISSION OF THE EUROPEAN COMMUNITIES | Brussels, 7.6.2006 COM(2006) 275 finalVolume I COMMUNICATION FROM THE COMMISSION TO THE COUNCIL, THE EUROPEAN PARLIAMENT, THE EUROPEAN ECONOMIC AND SOCIAL COMMITTEE AND THE COMMITTEE OF THE REGIONS Towards a future Maritime Policy for the Union: A European Vision for the Oceans and Seas COMMUNICATION FROM THE COMMISSION TO THE COUNCIL, THE EUROPEAN PARLIAMENT, THE EUROPEAN ECONOMIC AND SOCIAL COMMITTEE AND THE COMMITTEE OF THE REGIONS Towards a future Maritime Policy for the Union: A European Vision for the Oceans and Seas In its Strategic Objectives for 2005-2009 the Commission pinpointed “the particular need for an all-embracin...",EUR-Lex - 52006DC0275(01) - EN - EUR-Lex,success,2025-10-27T08:35:35Z,123,0.0865587614356087,No,NA,NA,NA,High,EC,NA,Joffrey
52001PC0520(02),db166302-01da-4ebb-b557-4291dae48735,"Proposal for a Council decision to conclude for the European Community (EC) the ""International Joint Convention on the Safety of Spent Fuel Management and the Safety of Radioactive Waste Management""",PROP_DEC_NO_ADDRESSEE,2001-10-15T00:00:00Z,European Commission,11,proposal,NA,https://eur-lex.europa.eu/legal-content/EN/TXT/?uri=CELEX:52001PC0520(02),"Avis juridique important | 52001PC0520(02) Proposal for a Council decision to conclude for the European Community (EC) the ""International Joint Convention on the Safety of Spent Fuel Management and the Safety of Radioactive Waste Management""  /* COM/2001/0520 final - CNS 2001/0225 */ Official Journal 051 E , 26/02/2002 P. 0260 - 0273 Proposal for a COUNCIL DECISION to conclude for the European Community (EC) the ""International Joint Convention on the Safety of Spent Fuel Management and the Safety of Radioactive Waste Management"" (presented by the Commission) EXPLANATORY MEMORANDUM 1. Introduction The ""International Joint Convention on the Safety of Spent Fuel Management and the Safety of Radioactive Waste Management"" (Joint Convention) was opened for signature at the IAEA headquarters in Vienna on 29 September 1997. It entered into force on 18 June 2001. All EU Member States (except Portugal) have already signed the Joint Convention and ratifications are expected before the end of t...",EUR-Lex - 52001PC0520(02) - EN - EUR-Lex,success,2025-10-25T23:18:34Z,338,0.0406006006006006,No,NA,NA,NA,High,EC,NA,Joffrey
52020SC0377,e3a81ff0-412a-11eb-b27b-01aa75ed71a1,"COMMISSION STAFF WORKING DOCUMENT Commission recommendations for Ireland´s CAP strategic plan Accompanying the document COMMUNICATION FROM THE COMMISSION TO THE EUROPEAN PARLIAMENT, THE COUNCIL, THE EUROPEAN ECONOMIC AND SOCIAL COMMITTEE AND THE COMMITTEE OF THE REGIONS Recommendations to the Member States as regards their strategic plan for the Common Agricultural Policy",SWD,2020-12-18T00:00:00Z,European Commission,3,manual,SWD,https://eur-lex.europa.eu/legal-content/EN/TXT/?uri=CELEX:52020SC0377,"EUROPEAN COMMISSION Brussels, 18.12.2020 SWD(2020) 377 final COMMISSION STAFF WORKING DOCUMENT Commission recommendations for Ireland´s CAP strategic plan Accompanying the document COMMUNICATION FROM THE COMMISSION TO THE EUROPEAN PARLIAMENT, THE COUNCIL, THE EUROPEAN ECONOMIC AND SOCIAL COMMITTEE AND THE COMMITTEE OF THE REGIONS Recommendations to the Member States as regards their strategic plan for the Common Agricultural Policy {COM(2020) 846 final} - {SWD(2020) 367 final} - {SWD(2020) 368 final} - {SWD(2020) 369 final} - {SWD(2020) 370 final} - {SWD(2020) 371 final} - {SWD(2020) 372 final} - {SWD(2020) 373 final} - {SWD(2020) 374 final} - {SWD(2020) 375 final} - {SWD(2020) 376 final} - {SWD(2020) 379 final} - {SWD(2020) 384 final} - {SWD(2020) 385 final} - {SWD(2020) 386 final} - {SWD(2020) 387 final} - {SWD(2020) 388 final} - {SWD(2020) 389 final} - {SWD(2020) 390 final} - {SWD(2020) 391 final} - {SWD(2020) 392 final} - {SWD(2020) 393 final} - {SWD(2020) 394 final} - {SWD(2020...",EUR-Lex - 52020SC0377 - EN - EUR-Lex,success,2025-10-26T15:18:38Z,845,0.0777511961722488,No,NA,NA,NA,High,EC,NA,Joffrey
52000DC0265,5de9f541-8340-44f1-a95d-a1ed066d0d59,Communication from the Commission - Promoting sustainable development in the EU non-energy extractive industry,COMMUNIC,2000-05-03T00:00:00Z,European Commission,13,manual,COMMUNIC,https://eur-lex.europa.eu/legal-content/EN/TXT/?uri=CELEX:52000DC0265,"Avis juridique important | 52000DC0265 Communication from the Commission - Promoting sustainable development in the EU non-energy extractive industry  /* COM/2000/0265 final */ COMMUNICATION FROM THE COMMISSION Promoting sustainable development in the EU non-energy extractive industry TABLE OF CONTENTS 1. Introduction 1.1. The objective of this Communication 1.2. The sustainable development context 2. Characteristics of the industry in the EU 2.1. The industry 2.2. Competitiveness characteristics 2.2.1. Geology, land access and exploration 2.2.2. The sub-sectors 2.3. Environmental impact 2.4. Social characteristics 3. Priority issues for sustainable development of the industry 3.1. Improving the sustainability of the industry - a high level of environmental protection 3.1.1. The existing legislative framework 3.1.2. Need for new instruments 3.1.3. Environmental agreements 3.1.4. Other initiatives 3.2. Economic aspects 3.2.1. Competitiveness 3.2.2. Administrative procedures 3.3. Soci...",EUR-Lex - 52000DC0265 - EN - EUR-Lex,success,2025-10-27T03:21:43Z,394,0.0557994618326016,No,NA,NA,NA,High,EC,NA,Joffrey
51996DC0576,cc2c79e2-c8e6-4e60-a386-846580bf42fc,Communication from the Commission - ENERGY FOR THE FUTURE: RENEWABLE SOURCES OF ENERGY - Green paper for a Community Strategy,COMMUNIC,1996-11-20T00:00:00Z,European Commission,12,manual,COMMUNIC,https://eur-lex.europa.eu/legal-content/EN/TXT/?uri=CELEX:51996DC0576,"Do you want to help improving EUR-Lex ? This is a list of experimental features that you can enable. These features are still under development; they are not fully tested, and might reduce EUR-Lex stability. Don't forget to give your feedback! This document is an excerpt from the EUR-Lex website EU law EU case-law Official Journal National law and case-law Information Document 51996DC0576 Communication from the Commission - ENERGY FOR THE FUTURE: RENEWABLE SOURCES OF ENERGY - Green paper for a Community Strategy Communication from the Commission - ENERGY FOR THE FUTURE: RENEWABLE SOURCES OF ENERGY - Green paper for a Community Strategy Communication from the Commission - ENERGY FOR THE FUTURE: RENEWABLE SOURCES OF ENERGY - Green paper for a Community Strategy /* COM/96/0576 FINAL */ Languages and formats available",EUR-Lex - 51996DC0576 - EN - EUR-Lex,success,2025-10-26T22:41:00Z,6,0.0571428571428571,Yes,Neoclassical,GG-Keynesianism,NA,High,EC,NA,Joffrey
52007DC0059,99e11c47-3428-4047-8aa2-35e02874e972,Communication from the Commission to the Council and the European Parliament on the Interpretative Communication on waste and by-products,COMMUNIC,2007-02-21T00:00:00Z,European Commission,15,manual,COMMUNIC,https://eur-lex.europa.eu/legal-content/EN/TXT/?uri=CELEX:52007DC0059,"Important legal notice | 52007DC0059 COMMUNICATION FROM THE COMMISSION TO THE COUNCIL AND THE EUROPEAN PARLIAMENT on the Interpretative Communication on waste and by-products [pic] | COMMISSION OF THE EUROPEAN COMMUNITIES | Brussels, 21.2.2007 COM(2007) 59 final COMMUNICATION FRO M THE COMMISSION TO THE COUNCIL AND THE EUROPEAN PARLIAMENT on the Interpretative Communication on waste and by-products TABLE OF CONTENTS 1. Introduction 3 2. background to the Communication 4 2.1. Scope of the Communication 4 2.2. Context of the Communication 4 3. The application of the European Court of Justice case law 6 3.1. General notions around the definition of waste 6 3.2. Is the material concerned a production residue or a product? 6 3.3. Conditions where a production residue would not be waste 7 3.4. Other factors used by the court to distinguish between waste and by-product 9 Annex 1 – examples of wastes and non-wastes 11 1. Slags and dusts from iron and steel production 11 2. By-products from ...",EUR-Lex - 52007DC0059 - EN - EUR-Lex,success,2025-10-27T08:30:23Z,222,0.055486128467883,No,NA,NA,NA,High,EC,NA,Joffrey
52001PC0467,4ccebcc3-8e68-493f-9953-faab4c304b7d,Proposal for a Council Decision on the conclusion of the Agreement in the form of an exchange of letters concerning the provisional application of the Protocol setting out the fishing opportunities and financial contribution provided for in the Agreement between the European Economic Community and the Republic of Cape Verde on fishing off the coast of Cape Verde for the period from 1 July 2001 to 30 June 2004,PROP_DEC_NO_ADDRESSEE,2001-09-12T00:00:00Z,European Commission,11,proposal,NA,https://eur-lex.europa.eu/legal-content/EN/TXT/?uri=CELEX:52001PC0467,Avis juridique important | 52001PC0467 Proposal for a Council Decision on the conclusion of the Agreement in the form of an exchange of letters concerning the provisional application of the Protocol setting out the fishing opportunities and financial contribution provided for in the Agreement between the European Economic Community and the Republic of Cape Verde on fishing off the coast of Cape Verde for the period from 1 July 2001 to 30 June 2004  /* COM/2001/0467 final */ Proposal for a COUNCIL DECISION on the conclusion of the Agreement in the form of an exchange of letters concerning the provisional application of the Protocol setting out the fishing opportunities and financial contribution provided for in the Agreement between the European Economic Community and the Republic of Cape Verde on fishing off the coast of Cape Verde for the period from 1 July 2001 to 30 June 2004 (presented by the Commission) EXPLANATORY MEMORANDUM The Protocol to the Fisheries Agreement between the ...,EUR-Lex - 52001PC0467 - EN - EUR-Lex,success,2025-10-25T23:37:12Z,146,0.0439626618488407,No,NA,NA,NA,High,EC,NA,Joffrey
52005DC0037,5aa54df1-041e-439e-ad94-37c1eafc5e14,Communication from the Commission to the Council and the European Parliament - The 2005 Review of the EU Sustainable Development Strategy: Initial Stocktaking and Future Orientations {SEC(2005) 225},COMMUNIC,2005-02-09T00:00:00Z,European Commission,11,manual,COMMUNIC,https://eur-lex.europa.eu/legal-content/EN/TXT/?uri=CELEX:52005DC0037,"Important legal notice | 52005DC0037 Communication from the Commission to the Council and the European Parliament - The 2005 Review of the EU Sustainable Development Strategy: Initial Stocktaking and Future Orientations {SEC(2005) 225}  /* COM/2005/0037 final */ Brussels, 9.2.2005 COM(2005) 37 final COMMUNICATION FROM THE COMMISSION TO THE COUNCIL AND THE EUROPEAN PARLIAMENT The 2005 Review of the EU Sustainable Development Strategy:Initial Stocktaking and Future Orientations {SEC(2005) 225} TABLE OF CONTENTS Foreword 3 Part I: Sustainable Development – What is at stake? 6 1. Introduction 6 2. The European Union’s approach to sustainable development 7 3. Why a review? 8 4. Taking Stock of Progress 9 Part II: Responding to the challenges 18 5. Future Orientations 18 5.1. Reaffirm the basic principles of the European Union Sustainable Development Strategy 18 5.2. Reaffirm the new approach to policy making and policy coherence 18 5.3. Maintaining a focus on key unsustainable trends and...",EUR-Lex - 52005DC0037 - EN - EUR-Lex,success,2025-10-26T19:12:24Z,246,0.04627539503386,Yes,Neoclassical,NA,NA,High,EC,NA,Joffrey
51999PC0257,b8f3a2f1-4a57-4887-8e2a-43030b98ee66,Proposal for a Council Decision authorising the Kingdom of Spain to extend until 7 March 2000 the Agreement on mutual fishery relations with the Republic of South Africa,PROP_DEC,1999-05-28T00:00:00Z,European Commission,11,proposal,NA,https://eur-lex.europa.eu/legal-content/EN/TXT/?uri=CELEX:51999PC0257,"Avis juridique important | 51999PC0257 Proposal for a Council Decision authorising the Kingdom of Spain to extend until 7 March 2000 the Agreement on mutual fishery relations with the Republic of South Africa  /* COM/99/0257 final */ Official Journal C 247 E , 31/08/1999 P. 0027 - 0027 Proposal for a COUNCIL DECISION authorising the Kingdom of Spain to extend until 7 March 2000 the Agreement on mutual fishery relations with the Republic of South Africa (presented by the Commission) EXPLANATORY MEMORANDUM 1.  On 14 August 1979, the Kingdom of Spain signed an agreement on mutual fisheries relations with the Republic of South Africa which entered into force on the 8 March 1982 for an initial period of ten years, and which it was envisaged should subsequently remain in force for an indeterminate period unless it were to be denounced with twelve months notice. Under this fisheries agreement, annual fisheries licences can be granted to vessels flying the Spanish flag. This was the case si...",EUR-Lex - 51999PC0257 - EN - EUR-Lex,success,2025-10-25T13:22:09Z,15,0.0331125827814569,No,NA,NA,NA,High,EC,NA,Joffrey
52003PC0032(01),acf8a9a2-e639-4077-b83c-350f44ae3e3e,Proposal for a Council (Euratom) Directive Setting out basic obligations and general principles on the safety of nuclear installations,PROP_DIR,2003-01-30T00:00:00Z,European Commission,15,proposal,NA,https://eur-lex.europa.eu/legal-content/EN/TXT/?uri=CELEX:52003PC0032(01),"Avis juridique important | 52003PC0032(01) Proposal for a Council (Euratom) Directive Setting out basic obligations and general principles on the safety of nuclear installations  /* COM/2003/0032 final - CNS 2003/0021 */ Proposal for a COUNCIL (Euratom) DIRECTIVE Setting out basic obligations and general principles on the safety of nuclear installations (presented by the Commission) EXPLANATORY MEMORANDUM Context The Treaty establishing the European Atomic Energy Community (Euratom) contains provisions allowing the Community to regulate the use of nuclear energy by the Member States, in particular as regards nuclear safeguards (Chapter 7) and health protection (Chapter 3). Pursuant to Article 2(b) of the Euratom Treaty, the Community shall, as provided in this Treaty: ""establish uniform safety standards to protect the health of workers and of the general public and ensure that they are applied."" Chapter 3 of Title II of the Treaty, concerning health protection, contains provisions c...",EUR-Lex - 52003PC0032(01) - EN - EUR-Lex,success,2025-10-26T07:53:34Z,219,0.0368129097327281,No,NA,NA,NA,High,EC,NA,Joffrey
51995PC0542,75350166-37fa-47fb-a5b6-4af233b28d37,Proposal for a COUNCIL DECISION concerning the signing and notification of the provisional application of the International Agreement on Tropical Timber 1994 on behalf of the European Community,PROP_DEC_NO_ADDRESSEE,1996-01-10T00:00:00Z,European Commission,11,proposal,NA,https://eur-lex.europa.eu/legal-content/EN/TXT/?uri=CELEX:51995PC0542,"Do you want to help improving EUR-Lex ? This is a list of experimental features that you can enable. These features are still under development; they are not fully tested, and might reduce EUR-Lex stability. Don't forget to give your feedback! This document is an excerpt from the EUR-Lex website EU law EU case-law Official Journal National law and case-law Information Document 51995PC0542 Proposal for a COUNCIL DECISION concerning the signing and notification of the provisional application of the International Agreement on Tropical Timber 1994 on behalf of the European Community Proposal for a COUNCIL DECISION concerning the signing and notification of the provisional application of the International Agreement on Tropical Timber 1994 on behalf of the European Community Proposal for a COUNCIL DECISION concerning the signing and notification of the provisional application of the International Agreement on Tropical Timber 1994 on behalf of the European Community /* COM/95/0542 final - ...",EUR-Lex - 51995PC0542 - EN - EUR-Lex,success,2025-10-25T21:49:36Z,6,0.0495867768595041,No,NA,NA,NA,High,EC,NA,Joffrey
52020PC0080,2bc20534-5e33-11ea-b735-01aa75ed71a1,Proposal for a REGULATION OF THE EUROPEAN PARLIAMENT AND OF THE COUNCIL establishing the framework for achieving climate neutrality and amending Regulation (EU) 2018/1999 (European Climate Law),PROP_REG,2020-03-04T00:00:00Z,European Commission,15,proposal,NA,https://eur-lex.europa.eu/legal-content/EN/TXT/?uri=CELEX:52020PC0080,"EUROPEAN COMMISSION Brussels, 4.3.2020 COM(2020) 80 final 2020/0036(COD) Proposal for a REGULATION OF THE EUROPEAN PARLIAMENT AND OF THE COUNCIL establishing the framework for achieving climate neutrality and amending Regulation (EU) 2018/1999 (European Climate Law) EXPLANATORY MEMORANDUM 1. CONTEXT OF THE PROPOSAL • Reasons for and objectives of the proposal The European Green Deal Communication 1 launched a new growth strategy for the EU that aims to transform the EU into a fair and prosperous society, improving the quality of life of current and future generations, with a modern, resource-efficient and competitive economy where there are no net e missions of greenhouse gases in 2050 and where economic growth is decoupled from resource use. The European Green Deal reaffirms the Commission’s ambition to make Europe the first climate-neutral continent by 2050. Tackling climate change is an urgent chal lenge. The atmosphere is warming and this is affecting citizens already now. Europ...",EUR-Lex - 52020PC0080 - EN - EUR-Lex,success,2025-10-26T06:56:13Z,598,0.0554525222551928,Yes,Neoclassical,GG-Evolutionary,GG-Keynesianism,High,EC,NA,Joffrey
51991PC0005(01),a251884a-a919-467a-92b8-d2d8b306f930,RECOMMENDATION FOR A COUNCIL DECISION CONCERNING THE CONCLUSION OF THE AGREEMENT IN THE FORM OF AN EXCHANGE OF LETTERS BETWEEN THE EUROPEAN ECONOMIC COMMUNITY AND THE REPUBLIC OF TUNISIA LAYING DOWN THE RULES APPLICABLE FROM 1 JANUARY 1991 TO IMPORTS INTO THE COMMUNITY OF UNTREATED OLIVE OIL ORIGINATING IN TUNISIA,RECO_DEC,1991-11-22T00:00:00Z,European Commission,3,recommendation,NA,https://eur-lex.europa.eu/legal-content/EN/TXT/?uri=CELEX:51991PC0005(01),"Do you want to help improving EUR-Lex ? This is a list of experimental features that you can enable. These features are still under development; they are not fully tested, and might reduce EUR-Lex stability. Don't forget to give your feedback! This document is an excerpt from the EUR-Lex website EU law EU case-law Official Journal National law and case-law Information Document 51991PC0005(01) RECOMMENDATION FOR A COUNCIL DECISION CONCERNING THE CONCLUSION OF THE AGREEMENT IN THE FORM OF AN EXCHANGE OF LETTERS BETWEEN THE EUROPEAN ECONOMIC COMMUNITY AND THE REPUBLIC OF TUNISIA LAYING DOWN THE RULES APPLICABLE FROM 1 JANUARY 1991 TO IMPORTS INTO THE COMMUNITY OF UNTREATED OLIVE OIL ORIGINATING IN TUNISIA RECOMMENDATION FOR A COUNCIL DECISION CONCERNING THE CONCLUSION OF THE AGREEMENT IN THE FORM OF AN EXCHANGE OF LETTERS BETWEEN THE EUROPEAN ECONOMIC COMMUNITY AND THE REPUBLIC OF TUNISIA LAYING DOWN THE RULES APPLICABLE FROM 1 JANUARY 1991 TO IMPORTS INTO THE COMMUNITY OF UNTREATED OL...",EUR-Lex - 51991PC0005(01) - EN - EUR-Lex,success,2025-10-26T08:19:42Z,6,0.0350877192982456,No,NA,NA,NA,High,EC,NA,Joffrey
52017SC0408,e1dd4457-d4f5-11e7-a5b9-01aa75ed71a1,"COMMISSION STAFF WORKING DOCUMENT Energy Union Factsheet Portugal Accompanying the document COMMUNICATION FROM THE COMMISSION TO THE EUROPEAN PARLIAMENT, THE COUNCIL, THE EUROPEAN ECONOMIC AND SOCIAL COMMITTEE, THE COMMITTEE OF THE REGIONS AND THE EUROPEAN INVESTMENT BANK Third Report on the State of the Energy Union",SWD,2017-11-23T00:00:00Z,European Commission,12,manual,SWD,https://eur-lex.europa.eu/legal-content/EN/TXT/?uri=CELEX:52017SC0408,"EUROPEAN COMMISSION Brussels, 23.11.2017 SWD(2017) 408 final COMMISSION STAFF WORKING DOCUMENT Energy Union Factsheet Portugal Accompanying the document COMMUNICATION FROM THE COMMISSION TO THE EUROPEAN PARLIAMENT, THE COUNCIL, THE EUROPEAN ECONOMIC AND SOCIAL COMMITTEE, THE COMMITTEE OF THE REGIONS AND THE EUROPEAN INVESTMENT BANK Third Report on the State of the Energy Union {COM(2017) 688 final} {SWD(2017) 384 final} {SWD(2017) 385 final} {SWD(2017) 386 final} {SWD(2017) 387 final} {SWD(2017) 388 final} {SWD(2017) 389 final} {SWD(2017) 390 final} {SWD(2017) 391 final} {SWD(2017) 392 final} {SWD(2017) 393 final} {SWD(2017) 394 final} {SWD(2017) 395 final} {SWD(2017) 396 final} {SWD(2017) 397 final} {SWD(2017) 398 final} {SWD(2017) 399 final} {SWD(2017) 401 final} {SWD(2017) 402 final} {SWD(2017) 404 final} {SWD(2017) 405 final} {SWD(2017) 406 final} {SWD(2017) 407 final} {SWD(2017) 409 final} {SWD(2017) 411 final} {SWD(2017) 412 final} {SWD(2017) 413 final} {SWD(2017) 414 final} P...",EUR-Lex - 52017SC0408 - EN - EUR-Lex,success,2025-10-26T23:06:10Z,270,0.0546558704453441,Yes,Admin-only,NA,NA,High,EC,NA,Joffrey
52025SC0306,7d60034b-5b2f-11f0-a9d0-01aa75ed71a1,"COMMISSION STAFF WORKING DOCUMENT 2025 Environmental Implementation Review Country Report - DENMARK Accompanying the document Communication from the Commission to the European Parliament, the Council, the European Economic and Social Committee and the Committee of the Regions 2025 Environmental Implementation Review for prosperity and security",SWD,2025-07-07T00:00:00Z,European Commission,15,manual,SWD,https://eur-lex.europa.eu/legal-content/EN/TXT/?uri=CELEX:52025SC0306,"EUROPEAN COMMISSION Brussels, 7.7.2025 SWD(2025) 306 final COMMISSION STAFF WORKING DOCUMENT 2025 Environmental Implementation Review Country Report - DENMARK Accompanying the document Communication from the Commission to the European Parliament, the Council, the European Economic and Social Committee and the Committee of the Regions 2025 Environmental Implementation Review for prosperity and security {COM(2025) 420 final} - {SWD(2025) 300 final} - {SWD(2025) 301 final} - {SWD(2025) 302 final} - {SWD(2025) 303 final} - {SWD(2025) 304 final} - {SWD(2025) 305 final} - {SWD(2025) 307 final} - {SWD(2025) 308 final} - {SWD(2025) 309 final} - {SWD(2025) 310 final} - {SWD(2025) 311 final} - {SWD(2025) 312 final} - {SWD(2025) 313 final} - {SWD(2025) 314 final} - {SWD(2025) 315 final} - {SWD(2025) 316 final} - {SWD(2025) 317 final} - {SWD(2025) 318 final} - {SWD(2025) 319 final} - {SWD(2025) 320 final} - {SWD(2025) 321 final} - {SWD(2025) 322 final} - {SWD(2025) 323 final} - {SWD(2025) 324 f...",EUR-Lex - 52025SC0306 - EN - EUR-Lex,success,2025-10-27T10:56:58Z,2468,0.0964929428783672,Yes,Admin-only,NA,NA,High,EC,NA,Joffrey
52017SC0402,d9255d22-d4f5-11e7-a5b9-01aa75ed71a1,"COMMISSION STAFF WORKING DOCUMENT Energy Union Factsheet Luxembourg Accompanying the document COMMUNICATION FROM THE COMMISSION TO THE EUROPEAN PARLIAMENT, THE COUNCIL, THE EUROPEAN ECONOMIC AND SOCIAL COMMITTEE, THE COMMITTEE OF THE REGIONS AND THE EUROPEAN INVESTMENT BANK Third Report on the State of the Energy Union",SWD,2017-11-23T00:00:00Z,European Commission,12,manual,SWD,https://eur-lex.europa.eu/legal-content/EN/TXT/?uri=CELEX:52017SC0402,"EUROPEAN COMMISSION Brussels, 23.11.2017 SWD(2017) 402 final COMMISSION STAFF WORKING DOCUMENT Energy Union Factsheet Luxembourg FMT:ItalicAccompanying the document/FMT COMMUNICATION FROM THE COMMISSION TO THE EUROPEAN PARLIAMENT, THE COUNCIL, THE EUROPEAN ECONOMIC AND SOCIAL COMMITTEE, THE COMMITTEE OF THE REGIONS AND THE EUROPEAN INVESTMENT BANK Third Report on the State of the Energy Union {COM(2017) 688 final} {SWD(2017) 384 final} {SWD(2017) 385 final} {SWD(2017) 386 final} {SWD(2017) 387 final} {SWD(2017) 388 final} {SWD(2017) 389 final} {SWD(2017) 390 final} {SWD(2017) 391 final} {SWD(2017) 392 final} {SWD(2017) 393 final} {SWD(2017) 394 final} {SWD(2017) 395 final} {SWD(2017) 396 final} {SWD(2017) 397 final} {SWD(2017) 398 final} {SWD(2017) 399 final} {SWD(2017) 401 final} {SWD(2017) 404 final} {SWD(2017) 405 final} {SWD(2017) 406 final} {SWD(2017) 407 final} {SWD(2017) 408 final} {SWD(2017) 409 final} {SWD(2017) 411 final} {SWD(2017) 412 final} {SWD(2017) 413 final} {SWD(20...",EUR-Lex - 52017SC0402 - EN - EUR-Lex,success,2025-10-26T23:05:42Z,301,0.0541074959554197,Yes,Admin-only,NA,NA,High,EC,NA,Joffrey
52003PC0205,33b87202-28ae-4a66-951f-a84c700b892b,Proposal for a Council Regulation adopting autonomous and transitional measures concerning the importation of certain processed agricultural products originating in Estonia and the exportation of certain agricultural products to Estonia,PROP_REG,2003-04-24T00:00:00Z,European Commission,11,proposal,NA,https://eur-lex.europa.eu/legal-content/EN/TXT/?uri=CELEX:52003PC0205,Avis juridique important | 52003PC0205 Proposal for a Council Regulation adopting autonomous and transitional measures concerning the importation of certain processed agricultural products originating in Estonia and the exportation of certain agricultural products to Estonia  /* COM/2003/0205 final - ACC 2003/0083 */ Proposal for a COUNCIL REGULATION adopting autonomous and transitional measures concerning the importation of certain processed agricultural products originating in Estonia and the exportation of certain agricultural products to Estonia (presented by the Commission) EXPLANATORY MEMORANDUM Council guidelines authorised the Commission to enter into negotiations with the Republic of Estonia with a view to improving the trade arrangement for processed agricultural products in preparation for accession. After these negotiations the terms of an agreement between the European Community and Estonia was initialled by both parties. On the Community side this agreement introduces ...,EUR-Lex - 52003PC0205 - EN - EUR-Lex,success,2025-10-25T20:23:31Z,121,0.032121051234404,No,NA,NA,NA,High,EC,NA,Joffrey
52011PC0495,6e4140aa-0c4c-4ae4-89b0-fe963e87d2d1,Proposal for a COUNCIL DECISION establishing the position to be adopted on behalf of the European Union at the next five meetings of the International Whaling Commission including the related inter-sessional meetings with regard to proposals for amendments to the International Convention on the Regulation of Whaling and its Schedule,PROP_DEC_NO_ADDRESSEE,2011-08-25T00:00:00Z,European Commission,15,proposal,NA,https://eur-lex.europa.eu/legal-content/EN/TXT/?uri=CELEX:52011PC0495,"| 52011PC0495 Proposal for a COUNCIL DECISION establishing the position to be adopted on behalf of the European Union at the next five meetings of the International Whaling Commission including the related inter-sessional meetings with regard to proposals for amendments to the International Convention on the Regulation of Whaling and its Schedule  /* COM/2011/0495 final - 2011/0221 (NLE) */ EXPLANATORY MEMORANDUM 1. According to Article 191.1 of the Treaty on the functioning of the European Union, one of the objectives of the EU environment policy is the promotion of measures at international level to deal with regional or worldwide environmental problems. This objective encompasses the conservation of species at global level, including whales. The European Union is committed to the conservation of whales and other cetaceans and has put in place environmental legislation that ensures effective protection in this regard. 2. The Habitats Directive[1] lists all cetacean species in its ...",EUR-Lex - 52011PC0495 - EN - EUR-Lex,success,2025-10-26T07:02:46Z,197,0.0822890559732665,No,NA,NA,NA,High,EC,NA,Joffrey
52010PC0132,67d053f7-be3b-4346-b681-92c428fd4bce,Proposal for a Regulation of the European Parliament and of the Council on European environmental economic accounts (Text with EEA relevance),PROP_REG,2010-04-09T00:00:00Z,European Commission,15,proposal,NA,https://eur-lex.europa.eu/legal-content/EN/TXT/?uri=CELEX:52010PC0132,"| 52010PC0132 Proposal for a Regulation of the European Parliament and of the Council on European environmental economic accounts (Text with EEA relevance)  /* COM/2010/0132 final - COD 2010/0073 */ [pic] | EUROPEAN COMMISSION | Brussels, 9.4.2010 COM(2010)132 final 2010/0073 (COD) Proposal for a REGULATION OF THE EUROPEAN PARLIAMENT AND OF THE COUNCIL on European environmental economic accounts (Text with EEA relevance) EXPLANATORY MEMORANDUM 1. CONTEXT OF THE PROPOSAL 1.1. Grounds for and objectives of the proposal The concepts in the European System of Accounts (ESA) are multi-purpose: for a great range of uses the ESA concepts are accepted, though they need to be supplemented for some uses. For some specific data needs, as for e.g. the analysis of the interaction between the environment and the economy, the best solution is to draw up separate satellite accounts. In its June 2006 conclusions, the European Council called on the European Union and its Member States to extend the n...",EUR-Lex - 52010PC0132 - EN - EUR-Lex,success,2025-10-26T06:45:22Z,338,0.0535742589950863,No,NA,NA,NA,High,EC,NA,Joffrey
52009PC0236,d0bc8153-edb1-408a-a736-96b18f97a1c4,"Proposal for a Council Decision concerning the approval on behalf of the European Community, of the Amendments of Annex II and Annex III to the Convention for the protection of the marine environment of the North-East Atlantic (OSPAR Convention) in relation to the storage of carbon dioxide streams in geological formations",PROP_DEC_NO_ADDRESSEE,2009-05-25T00:00:00Z,European Commission,11,proposal,NA,https://eur-lex.europa.eu/legal-content/EN/TXT/?uri=CELEX:52009PC0236,"Important legal notice | 52009PC0236 Proposal for a Council Decision concerning the approval on behalf of the European Community, of the Amendments of Annex II and Annex III to the Convention for the protection of the marine environment of the North-East Atlantic (OSPAR Convention) in relation to the storage of carbon dioxide streams in geological formations  /* COM/2009/0236 final - CNS 2009/0071 */ [pic] | COMMISSION OF THE EUROPEAN COMMUNITIES | Brussels, 25.5.2009 COM(2009) 236 final 2009/0071 (CNS) Proposal for a COUNCIL DECISION concerning the approval on behalf of the European Community, of the Amendments of Annex II and Annex III to the Convention for the protection of the marine environment of the North-East Atlantic (OSPAR Convention) in relation to the storage of carbon dioxide streams in geological formations EXPLANATORY MEMORANDUM 1.  The European Community is a Contracting Party to the Convention for the protection of the marine environment of the north-east Atlantic (...",EUR-Lex - 52009PC0236 - EN - EUR-Lex,success,2025-10-25T21:59:06Z,139,0.0882539682539682,No,NA,NA,NA,High,EC,NA,Joffrey
52025PC0255,aae0df80-3258-11f0-8a44-01aa75ed71a1,Recommendation for a COUNCIL DECISION authorising the opening of negotiations on an amendment of Article 1(a) of the Convention for the Protection of the Marine Environment of the North-East Atlantic,RECO_DEC,2025-05-16T00:00:00Z,European Commission,11,recommendation,NA,https://eur-lex.europa.eu/legal-content/EN/TXT/?uri=CELEX:52025PC0255,"EUROPEAN COMMISSION Brussels, 16.5.2025 COM(2025) 255 final Recommendation for a COUNCIL DECISION authorising the opening of negotiations on an amendment of Article 1(a) of the Convention for the Protection of the Marine Environment of the North-East Atlantic EXPLANATORY MEMORANDUM 1. CONTEXT OF THE PROPOSAL • Reasons for and objectives of the proposal The Convention for the Protection of the Marine Environment of the North-East Atlantic (‘the OSPAR Convention’) was concluded by the Union by Council Decision 98/249/EC of 7 October 1997 1 and entered into force on 25 March 1998. Spain and Portugal have submitted a proposal pursuant to Article 15(2) of the OSPAR Convention to amend Article 1(a) of the OSPAR Convention to include the waters surrounding Macaronesia (Madeira and the Canary Islands) to the maritime area governed by the OSPAR Convention. These waters include waters under Portuguese and Spanish jurisdiction, as well as international waters in between 2 . The proposed amendm...",EUR-Lex - 52025PC0255 - EN - EUR-Lex,success,2025-10-26T09:17:01Z,201,0.0980009751340809,No,NA,NA,NA,High,EC,NA,Joffrey
52007SC1367,fd862012-a6aa-4a33-b030-e8791f8cb234,"Commission staff working document - Accompanying document to the Communication from the Commission - The EU's freight transport agenda: Boosting the efficiency, integration and sustainability of freight transport in Europe - Report on the Motorways of the Sea - State of play and consultation {COM(2007) 606 final SEC(2007) 1351}",SWD,2007-10-18T00:00:00Z,European Commission,7,manual,SWD,https://eur-lex.europa.eu/legal-content/EN/TXT/?uri=CELEX:52007SC1367,"Important legal notice | 52007SC1367 Commission staff working document - Accompanying document to the Communication from the Commission - The EU's freight transport agenda: Boosting the efficiency, integration and sustainability of freight transport in Europe - Report on the Motorways of the Sea - State of play and consultation {COM(2007) 606 final SEC(2007) 1351}  /* SEC/2007/1367 final */ [pic] | COMMISSION OF THE EUROPEAN COMMUNITIES | Brussels, 18.10.2007 SEC(2007) 1367 COMMISSION STAFF WORKING DOCUMENT Accompanying document to the COMMUNICATION FROM THE COMMISSION The EU's freight transport agenda: Boosting the efficiency, integration and sustainability of freight transport in Europe Report on the Motorways of the Sea State of play and consultation {COM(2007) 606 final SEC(2007) 1351} COMMISSION STAFF WORKING DOCUMENT Report on the Motorways of the SeaState of play and consultation 1. Summary and conclusions The Communication on Freight Transport Logistics in Europe[1] highligh...",EUR-Lex - 52007SC1367 - EN - EUR-Lex,success,2025-10-26T18:17:49Z,424,0.0654119099043505,No,NA,NA,NA,High,EC,NA,Joffrey
51995PC0338(02),acdf03e1-e691-4214-b471-b6629a128b8a,Proposal for a COUNCIL REGULATION (EC) amending Regulation (EEC) No 1521/76 on imports of olive oil originating in Morocco,PROP_REG,1995-07-13T00:00:00Z,European Commission,3,proposal,NA,https://eur-lex.europa.eu/legal-content/EN/TXT/?uri=CELEX:51995PC0338(02),"Do you want to help improving EUR-Lex ? This is a list of experimental features that you can enable. These features are still under development; they are not fully tested, and might reduce EUR-Lex stability. Don't forget to give your feedback! This document is an excerpt from the EUR-Lex website EU law EU case-law Official Journal National law and case-law Information Document 51995PC0338(02) Proposal for a COUNCIL REGULATION (EC) amending Regulation (EEC) No 1521/76 on imports of olive oil originating in Morocco Proposal for a COUNCIL REGULATION (EC) amending Regulation (EEC) No 1521/76 on imports of olive oil originating in Morocco Proposal for a COUNCIL REGULATION (EC) amending Regulation (EEC) No 1521/76 on imports of olive oil originating in Morocco /* COM/95/338 final - ACC 95/0190 */ Languages and formats available",EUR-Lex - 51995PC0338(02) - EN - EUR-Lex,success,2025-10-25T03:18:14Z,6,0.0638297872340425,No,NA,NA,NA,High,EC,NA,Joffrey
52006SC1167,8b9e11d1-c8a4-4fb0-8bef-cfd36a7c08a2,Commission staff working document - Annexes to the report from the Commission to the Council on the review of the energy crops scheme.(under Article 92 of Council Regulation (EC) No 1782/2003 establishing common rules for direct support schemes under the common agricultural policy and establishing certain support schemes for farmers) {COM(2006) 500 final},SWD,2006-09-22T00:00:00Z,European Commission,3,manual,SWD,https://eur-lex.europa.eu/legal-content/EN/TXT/?uri=CELEX:52006SC1167,"Important legal notice | 52006SC1167 Commission staff working document - Annexes to the report from the Commission to the Council on the review of the energy crops scheme.(under Article 92 of Council Regulation (EC) No 1782/2003 establishing common rules for direct support schemes under the common agricultural policy and establishing certain support schemes for farmers) {COM(2006) 500 final}  /* SEC/2006/1167 */ [pic] | COMMISSION OF THE EUROPEAN COMMUNITIES | Brussels, 22.9.2006 SEC(2006) 1167 COMMISSION STAFF WORKING DOCUMENT ANNEXES to the report from the Commission to the Council on the review of the energy crops scheme . (under Article 92 of Council Regulation (EC) No 1782/2003 establishing common rulesfor direct support schemes under the common agricultural policyand establishing certain support schemes for farmers){COM(2006) 500 final} Annex I Areas under aid for energy crops 2004 – areas paid, 2005 – areas claimed (based on MS communications according to Article 3(b) and (c)...",EUR-Lex - 52006SC1167 - EN - EUR-Lex,success,2025-10-26T15:10:25Z,94,0.0584213797389683,No,NA,NA,NA,High,EC,NA,Joffrey
52013PC0174,200b461a-09f9-43ec-b40e-0b6bd516474f,Proposal for a REGULATION OF THE EUROPEAN PARLIAMENT AND OF THE COUNCIL on multiannual funding for the action of the European Maritime Safety Agency in the field of response to pollution caused by ships and to marine pollution caused by oil and gas installations,PROP_REG,2013-04-03T00:00:00Z,European Commission,15,proposal,NA,https://eur-lex.europa.eu/legal-content/EN/TXT/?uri=CELEX:52013PC0174,"| 52013PC0174 Proposal for a REGULATION OF THE EUROPEAN PARLIAMENT AND OF THE COUNCIL on multiannual funding for the action of the European Maritime Safety Agency in the field of response to pollution caused by ships and to marine pollution caused by oil and gas installations /* COM/2013/0174 final - 2013/0092 (COD) */ EXPLANATORY
MEMORANDUM 1.
OBJECTIVE OF THE PROPOSAL The European Maritime Safety Agency
(""the Agency"" or ""EMSA"") established in 2002[1] was assigned tasks in the field
of marine pollution response in 2004[2].
Bearing in mind the long-term nature of the Agency’s responsibility for
pollution response, the efficient and thorough completion of the tasks involved
requires appropriate financial security on the basis of a multiannual
commitment. Therefore, in 2006 the EU legislator established multiannual
funding for the Agency's action in the field of response to pollution caused by
ships for the period from 2007 to 2013[3].
This legislative proposal seeks to renew the mult...",EUR-Lex - 52013PC0174 - EN - EUR-Lex,success,2025-10-26T06:47:20Z,274,0.0638992537313432,No,NA,NA,NA,High,EC,NA,Joffrey
51999PC0041,167c80d7-1e77-4bad-9d11-2018c47ac371,Proposal for a Council Regulation (EC) on measures to promote the conservation and sustainable management of tropical forests and other forests in developing countries,PROP_REG,1999-02-03T00:00:00Z,European Commission,15,proposal,NA,https://eur-lex.europa.eu/legal-content/EN/TXT/?uri=CELEX:51999PC0041,"Avis juridique important | 51999PC0041 Proposal for a Council Regulation (EC) on measures to promote the conservation and sustainable management of tropical forests and other forests in developing countries  /* COM/99/0041 final - SYN 99/0015 */ Official Journal C 087 , 29/03/1999 P. 0097 Proposal for a Council Regulation (EC) on measures to promote the conservation and sustainable management of tropical forests and other forests in developing countries (1999/C 87/03) COM(1999) 41 final - 99/0015 (SYN) (Submitted by the Commission on 3 February 1999) THE COUNCIL OF THE EUROPEAN UNION, Having regard to the Treaty establishing the European Community, and in particular Articles 130s and 130w thereof, Having regard to the proposal from the Commission, Having regard to the opinion of the Economic and Social Committee, Acting in accordance with the procedure laid down in Article 189c of the Treaty, (1) Whereas forests have a variety of functions and values for mankind and can contribute t...",EUR-Lex - 51999PC0041 - EN - EUR-Lex,success,2025-10-26T06:47:24Z,146,0.0659142212189616,No,NA,NA,NA,High,EC,NA,Joffrey
52010XC1211(07),f3e9ebf8-56b1-4c78-a826-22b60140ad41,Communication from the Commission establishing formal recognition that a certain number of acts of Union law in the field of agriculture have become obsolete (Objective four of the Communication from the Commission of 11 February 2003 on updating and simplifying the Union acquis [COM(2003) 71 final]),COMMUNIC,2010-12-11T00:00:00Z,European Commission,3,manual,COMMUNIC,https://eur-lex.europa.eu/legal-content/EN/TXT/?uri=CELEX:52010XC1211(07),"11.12.2010 EN Official Journal of the European Union C 336/1 COMMUNICATION FROM THE COMMISSION establishing formal recognition that a certain number of acts of Union law in the field of agriculture have become obsolete (Objective four of the Communication from the Commission of 11 February 2003 on updating and simplifying the Union acquis [COM(2003) 71 final]) 2010/C 336/01 A framework for action Improving the transparency of Union law is an essential element of the better lawmaking strategy that the Union Institutions are implementing as a result of the requests formulated at the European Councils of Lisbon, Stockholm, Gothenburg and Laeken. From the early stages of Union law, in the 1950s, the legislative activity of the Community has continually increased the number of legal acts, many of which were adopted without an expiry date of their validity being fixed. These acts remain, therefore, formally in force even though their legal effects have been exhausted, often for a long tim...",EUR-Lex - 52010XC1211(07) - EN - EUR-Lex,success,2025-10-26T12:28:51Z,454,0.0401556695559879,No,NA,NA,NA,High,EC,NA,Joffrey
52017SC0227,5859e741-4b90-11e7-aea8-01aa75ed71a1,JOINT STAFF WORKING DOCUMENT EU resilience policy framework for cooperation with partner countries and evaluation of related implementation actions Accompanying the document Joint Communication to the European Parliament and the Council A Strategic Approach to Resilience in the EU's external action,JOINT_SWD,2017-06-07T00:00:00Z,European Commission,11,manual,JOINT_SWD,https://eur-lex.europa.eu/legal-content/EN/TXT/?uri=CELEX:52017SC0227,"EUROPEAN COMMISSION Brussels, 7.6.2017 SWD(2017) 227 final JOINT STAFF WORKING DOCUMENT EU resilience policy framework for cooperation with partner countries and evaluation of related implementation actions Accompanying the document Joint Communication to the European Parliament and the Council A Strategic Approach to Resilience in the EU's external action {JOIN(2017) 21 final} {SWD(2017) 226 final} 1. Introduction – Purpose of this Staff Working Document This staff working document gives an overview of how resilience is addressed in the EU's development, humanitarian and neighbourhood policies and takes stock of the implementation of initiatives to promote and strengthen resilience. It highlights lessons learnt and draws conclusions that are relevant to accompany the new Joint Communication on ""A Strategic approach to Resilience in the EU's external action."" The EU approach to resilience in development and humanitarian policy emerged from recurrent food crises in the Sahel and Horn...",EUR-Lex - 52017SC0227 - EN - EUR-Lex,success,2025-10-26T21:37:38Z,185,0.0373134328358208,No,NA,NA,NA,High,EC,NA,Joffrey
51990PC0159,a0ff02cf-1ac9-49ce-944b-b6123ad1412f,PROPOSAL FOR A COUNCIL DECISION ADOPTING A SPECIFIC RESEARCH AND TECHNOLOGICAL DEVELOPMENT PROGRAMME IN THE FIELD OF MARINE SCIENCE AND TECHNOLOGY ( 1990-1994 ),PROP_DEC,1990-05-28T00:00:00Z,European Commission,13,proposal,NA,https://eur-lex.europa.eu/legal-content/EN/TXT/?uri=CELEX:51990PC0159,"Do you want to help improving EUR-Lex ? This is a list of experimental features that you can enable. These features are still under development; they are not fully tested, and might reduce EUR-Lex stability. Don't forget to give your feedback! This document is an excerpt from the EUR-Lex website EU law EU case-law Official Journal National law and case-law Information Document 51990PC0159 PROPOSAL FOR A COUNCIL DECISION ADOPTING A SPECIFIC RESEARCH AND TECHNOLOGICAL DEVELOPMENT PROGRAMME IN THE FIELD OF MARINE SCIENCE AND TECHNOLOGY ( 1990-1994 ) PROPOSAL FOR A COUNCIL DECISION ADOPTING A SPECIFIC RESEARCH AND TECHNOLOGICAL DEVELOPMENT PROGRAMME IN THE FIELD OF MARINE SCIENCE AND TECHNOLOGY ( 1990-1994 ) PROPOSAL FOR A COUNCIL DECISION ADOPTING A SPECIFIC RESEARCH AND TECHNOLOGICAL DEVELOPMENT PROGRAMME IN THE FIELD OF MARINE SCIENCE AND TECHNOLOGY ( 1990-1994 ) /* COM/90/159FINAL - SYN 264 */ OJ C 174, 16.7.1990, pp. 48–53
		 (ES, DA, DE, EL, EN, FR, IT, NL, PT) Languages, formats ...",EUR-Lex - 51990PC0159 - EN - EUR-Lex,success,2025-10-26T02:58:35Z,6,0.055045871559633,No,NA,NA,NA,High,EC,NA,Joffrey
52014DC0179,7b2dd285-b346-11e3-86f9-01aa75ed71a1,"COMMUNICATION FROM THE COMMISSION TO THE EUROPEAN PARLIAMENT, THE COUNCIL, THE EUROPEAN ECONOMIC AND SOCIAL COMMITTEE AND THE COMMITTEE OF THE REGIONS Action Plan for the future of Organic Production in the European Union",COMMUNIC,2014-03-24T00:00:00Z,European Commission,15,manual,COMMUNIC,https://eur-lex.europa.eu/legal-content/EN/TXT/?uri=CELEX:52014DC0179,"| 52014DC0179 COMMUNICATION FROM THE COMMISSION TO THE EUROPEAN PARLIAMENT, THE COUNCIL, THE EUROPEAN ECONOMIC AND SOCIAL COMMITTEE AND THE COMMITTEE OF THE REGIONS Action Plan for the future of Organic Production in the European Union /* COM/2014/0179 final */ COMMUNICATION FROM THE COMMISSION TO
THE EUROPEAN PARLIAMENT, THE COUNCIL, THE EUROPEAN ECONOMIC AND SOCIAL
COMMITTEE AND THE COMMITTEE OF THE REGIONS Action Plan for the future of Organic
Production in the European Union 1.           Introduction Organic production is an overall system of
farm management and food production that combines best environmental practices,
a high level of biodiversity, the preservation of natural resources and the
application of high animal welfare standards, and a production method in line
with the preference of certain consumer for products using a natural substances
and processes. In recent years the
organic market in the EU, driven by steadily increasing demand, has developed
signifi...",EUR-Lex - 52014DC0179 - EN - EUR-Lex,success,2025-10-27T09:32:30Z,146,0.0342160768689946,No,NA,NA,NA,High,EC,NA,Joffrey
52011PC0073,4bd7d1dc-f6cb-4d66-95ba-4c8ff2b00046,"Proposal for a COUNCIL DECISION concerning the specific programme, to be carried out by means of indirect actions, implementing the Framework Programme of the European Atomic Energy Community for nuclear research and training activities (2012 - 2013)",PROP_DEC_NO_ADDRESSEE,2011-03-07T00:00:00Z,European Commission,12,proposal,NA,https://eur-lex.europa.eu/legal-content/EN/TXT/?uri=CELEX:52011PC0073,"| 52011PC0073 /* COM/2011/0073 final - NLE 2011/0043 */  Proposal for a COUNCIL DECISION concerning the specific programme, to be carried out by means of indirect actions, implementing the Framework Programme of the European Atomic Energy Community for nuclear research and training activities (2012 - 2013) EN Brussels, 7.3.2011 COM(2011) 73 final 2011/0043 (NLE) Proposal for a COUNCIL DECISION concerning the specific programme, to be carried out by means of indirect actions, implementing the Framework Programme of the European Atomic Energy Community for nuclear research and training activities (2012 - 2013) {COM(2011) 71 final} {COM(2011) 72 final} {COM(2011) 74 final} {SEC(2011) 204 final} EXPLANATORY MEMORANDUM 1. Context of the proposal The proposal accompanying this memorandum is for the adoption of a Council Decision concerning the specific programme, to be carried out by means of indirect actions, implementing the Framework Programme of the European Atomic Energy Community fo...",EUR-Lex - 52011PC0073 - EN - EUR-Lex,success,2025-10-26T01:58:33Z,196,0.0330021889206937,No,NA,NA,NA,High,EC,NA,Joffrey
52019PC0291,b1b94260-98bd-11e9-b2f2-01aa75ed71a1,Recommendation for a COUNCIL DECISION authorising the opening of negotiations for the establishment of a regional fisheries management organisation or arrangement for the conservation and management of marine living resources in the western and central Atlantic ocean,RECO_DEC,2019-06-27T00:00:00Z,European Commission,11,recommendation,NA,https://eur-lex.europa.eu/legal-content/EN/TXT/?uri=CELEX:52019PC0291,"EUROPEAN COMMISSION Brussels, 27.6.2019 COM(2019) 291 final Recommendation for a COUNCIL DECISION authorising the opening of negotiations for the establishment of a regional fisheries management organisation or arrangement for the conservation and management of marine living resources in the western and central Atlantic ocean EXPLANATORY MEMORANDUM 1. CONTEXT OF THE RECOMMENDATION • Reasons for and objectives of the recommendation The Western and Central Atlantic Fisheries Commission (WECAFC) is an advisory body established in 1973 under Article VI of the Constitution of the Food and Agriculture Organization of the United Nations (FAO). Its purpose is to promote the conservation, management and development of the living marine resources within its area of competence. However, the WECAFC does not take binding decisions on its members. The WECAFC Secretariat is managed and financed by the FAO. The Union is a member of the WECAFC. In the context of ‘Promoting regional fisheries managem...",EUR-Lex - 52019PC0291 - EN - EUR-Lex,success,2025-10-26T08:34:27Z,163,0.0890223921354451,No,NA,NA,NA,High,EC,NA,Joffrey
52003PC0050,ada7ac0c-9f59-493a-aef6-1aa35d4ad254,Proposal for a Regulation of the European Parliament and of the Council on the Economic Accounts for Agriculture in the Community,PROP_REG,2003-02-04T00:00:00Z,European Commission,3,proposal,NA,https://eur-lex.europa.eu/legal-content/EN/TXT/?uri=CELEX:52003PC0050,"Avis juridique important | 52003PC0050 Proposal for a Regulation of the European Parliament and of the Council on the Economic Accounts for Agriculture in the Community  /* COM/2003/0050 final - COD 2003/0023 */ Proposal for a REGULATION OF THE EUROPEAN PARLIAMENT AND OF THE COUNCIL on the Economic Accounts for Agriculture in the Community (presented by the Commission) EXPLANATORY MEMORANDUM 1. Background Eurostat has been publishing Economic Accounts for Agriculture (EAA) since 1964. They are based on a gentlemen's agreement by which Member States have committed themselves to respect the concepts and rules laid down in a common methodology, together with a calendar for the transmission of data. The EAA are satellite accounts to the National Accounts: all the basic concepts and classifications of the European System of Accounts (ESA) are retained. When the ESA 95 was adopted, it became necessary to revise the methodology of the EAA. That revised methodology was published under the t...",EUR-Lex - 52003PC0050 - EN - EUR-Lex,success,2025-10-25T01:51:44Z,1102,0.0328592301040641,No,NA,NA,NA,High,EC,NA,Joffrey
52012XC1002(01),75658fb9-0c85-11e2-8e28-01aa75ed71a1,Communication on the publication of the amounts of raw milk production as referred to in Article 126c(5) of Council Regulation (EC) No 1234/2007,COMMUNIC,2012-10-02T00:00:00Z,European Commission,3,manual,COMMUNIC,https://eur-lex.europa.eu/legal-content/EN/TXT/?uri=CELEX:52012XC1002(01),"2.10.2012 EN Official Journal of the European Union C 296/1 Communication on the publication of the amounts of raw milk production as referred to in Article 126c(5) of Council Regulation (EC) No 1234/2007 ( 1 ) 2012/C 296/01 Amounts of raw milk production ( 2 ) as referred to in Article 126c(5) of Regulation (EC) No 1234/2007 Annual data (1 000 t) Cow Ewe Goat Buffalo BE 3 111,0 0,0 0,0 0,0 BG 1 124,0 85,0 60,0 8,0 CZ 2 682,5 0,0 ( 3 ) 0,0 0,0 DK 4 910,0 0,0 0,0 0,0 DE 29 593,9 2,1 ( 3 ) 35,0 5,1 ( 3 ) EE 675,4 0,0 0,6 0,0 IE 5 349,7 0,0 ( 3 ) 1,4 ( 3 ) 0,0 ( 3 ) EL 743,7 752,4 394,6 0,0 ( 3 ) ES 6 357,1 585,2 523,9 0,0 FR 24 000,3 267,0 664,5 0,0 IT 11 399,4 511,9 48,6 201,4 CY 151,0 18,0 22,9 0,0 LV 830,9 0,0 ( 3 ) 3,6 0,0 ( 3 ) LT 1 732,5 0,0 4,0 0,0 LU 295,3 0,0 ( 3 ) 2,2 ( 3 ) 0,0 ( 3 ) HU 1 684,9 1,8 3,8 0,0 MT 41,8 ( 3 ) 1,8 ( 3 ) 0,0 ( 3 ) 0,0 ( 3 ) NL 11 940,5 3,0 ( 3 ) 182,0 1,5 ( 3 ) AT 3 257,7 9,5 18,7 0,0 PL 12 279,0 0,0 19,0 0,0 PT 1 956,5 81,0 27,8 0,0 RO 4 500,0 430,...",EUR-Lex - 52012XC1002(01) - EN - EUR-Lex,success,2025-10-26T13:28:03Z,2,0.0384615384615384,No,NA,NA,NA,High,EC,NA,Joffrey
51995PC0407,70898e1b-4ebf-4b49-830d-59e0c27c94d4,Proposal for a COUNCIL REGULATION (EC) amending Regulation No. 79/65/EEC setting up a network for the collection of accountancy data on the incomes and business operation of agricultural holdings in the European Economic Community,PROP_REG,1995-09-06T00:00:00Z,European Commission,3,proposal,NA,https://eur-lex.europa.eu/legal-content/EN/TXT/?uri=CELEX:51995PC0407,"Avis juridique important | 51995PC0407 Proposal for a COUNCIL REGULATION (EC) amending Regulation No. 79/65/EEC setting up a network for the collection of accountancy data on the incomes and business operation of agricultural holdings in the European Economic Community  /* COM/95/407 FINAL - CNS 95/0220 */ Official Journal C 307 , 18/11/1995 P. 0019 Proposal for a Council Regulation amending Regulation No 79/65/EEC setting up a network for the  collection of accountancy data on the incomes and business operation of agricultural holdings in  the European Economic Community (95/C 307/13) COM(95) 407 final - 95/0220(CNS) (Submitted by  the Commission on 7 September 1995) THE COUNCIL OF THE EUROPEAN UNION, Having regard to the Treaty establishing the European Community, and in particular Article 43  thereof, Having regard to the proposal from the Commission, Having regard to the opinion of the European Parliament, Whereas Regulation No 79/65/EEC setting up a network for the collection o...",EUR-Lex - 51995PC0407 - EN - EUR-Lex,success,2025-10-25T03:09:48Z,18,0.0363636363636363,No,NA,NA,NA,High,EC,NA,Joffrey
52015SC0231,5aa5ea3e-8eac-11e5-983e-01aa75ed71a1,"COMMISSION STAFF WORKING DOCUMENT Country Factsheet Lithuania Accompanying the document COMMUNICATION FROM THE COMMISSION TO THE EUROPEAN PARLIAMENT, THE COUNCIL, THE EUROPEAN ECONOMIC AND SOCIAL COMMITTEE, THE COMMITTEE OF THE REGIONS AND THE EUROPEAN INVESTMENT BANK State of the Energy Union",SWD,2015-11-18T00:00:00Z,European Commission,12,manual,SWD,https://eur-lex.europa.eu/legal-content/EN/TXT/?uri=CELEX:52015SC0231,"EUROPEAN COMMISSION Brussels, 18.11.2015 SWD(2015) 231 final COMMISSION STAFF WORKING DOCUMENT Country Factsheet Lithuania Accompanying the document COMMUNICATION FROM THE COMMISSION TO THE EUROPEAN PARLIAMENT, THE COUNCIL, THE EUROPEAN ECONOMIC AND SOCIAL COMMITTEE, THE COMMITTEE OF THE REGIONS AND THE EUROPEAN INVESTMENT BANK State of the Energy Union {COM(2015) 572} {SWD(2015) 208 à 209} {SWD(2015) 217 à 230} {SWD(2015) 232 à 243} Towards an Energy Union Lithuania Macroeconomic relevance of energy IMPORTANCE OF THE ENERGY SECTOR At 2.8% of total gross value added in 2012, the share of the energy sector in Lithuania is considerably higher than the EU average, but has decreased from 3.5% in 2005. In parallel, the share of employment in the energy sector in total employment has decreased importantly (from 1.4% to 1%) but is still nearly twice as high as the EU average (0.6% in 2012). Source: EUROSTAT – National Accounts According to EurObserv'ER, in 2013, the share of direct and ind...",EUR-Lex - 52015SC0231 - EN - EUR-Lex,success,2025-10-26T22:55:15Z,81,0.032556270096463,Yes,Admin-only,NA,NA,High,EC,NA,Joffrey
51990PC0669,fe8e1ae0-e9b5-47b0-abef-5d625546829f,PROPOSAL FOR A COUNCIL REGULATION ( EEC ) ON THE TYPE-APPROVAL OF TWO OR THREE-WHEEL MOTOR VEHICLES,PROP_REG,1991-04-03T00:00:00Z,European Commission,13,proposal,NA,https://eur-lex.europa.eu/legal-content/EN/TXT/?uri=CELEX:51990PC0669,"Do you want to help improving EUR-Lex ? This is a list of experimental features that you can enable. These features are still under development; they are not fully tested, and might reduce EUR-Lex stability. Don't forget to give your feedback! This document is an excerpt from the EUR-Lex website EU law EU case-law Official Journal National law and case-law Information Document 51990PC0669 PROPOSAL FOR A COUNCIL REGULATION ( EEC ) ON THE TYPE-APPROVAL OF TWO OR THREE-WHEEL MOTOR VEHICLES PROPOSAL FOR A COUNCIL REGULATION ( EEC ) ON THE TYPE-APPROVAL OF TWO OR THREE-WHEEL MOTOR VEHICLES PROPOSAL FOR A COUNCIL REGULATION ( EEC ) ON THE TYPE-APPROVAL OF TWO OR THREE-WHEEL MOTOR VEHICLES /* COM/90/669FINAL - SYN 331 */ OJ C 110, 25.4.1991, pp. 3–30
		 (ES, DA, DE, EL, EN, FR, IT, NL, PT) Languages, formats and link to OJ",EUR-Lex - 51990PC0669 - EN - EUR-Lex,success,2025-10-26T03:58:52Z,3,0.0329670329670329,No,NA,NA,NA,High,EC,NA,Joffrey
52010SC0261,fe648e6c-8ce9-45de-8b7c-b9bbf9270e05,"commission staff working document accompanying the Communication from the Commission to the European Parliament, the Council, the European Economic and Social Committee and the Committee of the Regions - International climate policy post-Copenhagen: Acting now to reinvigorate global action on climate change {COM(2010) 86 final}",SWD,2010-03-09T00:00:00Z,European Commission,15,manual,SWD,https://eur-lex.europa.eu/legal-content/EN/TXT/?uri=CELEX:52010SC0261,"Do you want to help improving EUR-Lex ? This is a list of experimental features that you can enable. These features are still under development; they are not fully tested, and might reduce EUR-Lex stability. Don't forget to give your feedback! This document is an excerpt from the EUR-Lex website EU law EU case-law Official Journal National law and case-law Information Document 52010SC0261 commission staff working document accompanying the Communication from the Commission to the European Parliament, the Council, the European Economic and Social Committee and the Committee of the Regions - International climate policy post-Copenhagen: Acting now to reinvigorate global action on climate change {COM(2010) 86 final} commission staff working document accompanying the Communication from the Commission to the European Parliament, the Council, the European Economic and Social Committee and the Committee of the Regions - International climate policy post-Copenhagen: Acting now to reinvigorat...",EUR-Lex - 52010SC0261 - EN - EUR-Lex,success,2025-10-27T10:16:19Z,6,0.0344827586206896,Yes,Neoclassical,GG-Evolutionary,NA,Medium,EC,"This document reads more like a minute from COP15, highlighting key questions for Europe.",Joffrey
52008SC2869,9510cc27-73cc-4232-beba-bb21a6e5226e,"Commission staff working document accompanying the green paper : towards a secure, sustainable and competitive european energy network - Oil infrastructures : an assessment of the existing and planned oil infrastructures within and towards the EU {COM(2008) 782}",SWD,2008-11-13T00:00:00Z,European Commission,12,manual,SWD,https://eur-lex.europa.eu/legal-content/EN/TXT/?uri=CELEX:52008SC2869,"Do you want to help improving EUR-Lex ? This is a list of experimental features that you can enable. These features are still under development; they are not fully tested, and might reduce EUR-Lex stability. Don't forget to give your feedback! This document is an excerpt from the EUR-Lex website EU law EU case-law Official Journal National law and case-law Information Document 52008SC2869 Commission staff working document accompanying the green paper : towards a secure, sustainable and competitive european energy network - Oil infrastructures : an assessment of the existing and planned oil infrastructures within and towards the EU {COM(2008) 782} Commission staff working document accompanying the green paper : towards a secure, sustainable and competitive european energy network - Oil infrastructures : an assessment of the existing and planned oil infrastructures within and towards the EU {COM(2008) 782} Commission staff working document accompanying the green paper : towards a secu...",EUR-Lex - 52008SC2869 - EN - EUR-Lex,success,2025-10-26T23:03:22Z,12,0.0821917808219178,No,NA,NA,NA,High,EC,NA,Joffrey
52024PC0139,3de1eae9-e2e8-11ee-8b2b-01aa75ed71a1,"Proposal for a REGULATION OF THE EUROPEAN PARLIAMENT AND OF THE COUNCIL amending Regulations (EU) 2021/2115 and (EU) 2021/2116 as regards good agricultural and environmental condition standards, schemes for climate, environment and animal welfare, amendments to CAP Strategic Plans, review of CAP Strategic Plans and exemptions from controls and penalties",PROP_REG,2024-03-15T00:00:00Z,European Commission,3,proposal,NA,https://eur-lex.europa.eu/legal-content/EN/TXT/?uri=CELEX:52024PC0139,"EUROPEAN COMMISSION Brussels, 15.3.2024 COM(2024) 139 final 2024/0073(COD) Proposal for a REGULATION OF THE EUROPEAN PARLIAMENT AND OF THE COUNCIL amending Regulations (EU) 2021/2115 and (EU) 2021/2116 as regards good agricultural and environmental condition standards, schemes for climate, environment and animal welfare, amendments to CAP Strategic Plans, review of CAP Strategic Plans and exemptions from controls and penalties EXPLANATORY MEMORANDUM 1. CONTEXT OF THE PROPOSAL • Reasons for and objectives of the proposal Through Strategic Plans under the Common Agricultural Policy (CAP), the European Union aims to foster a smart, competitive, resilient and diversified agricultural sector ensuring long-term food security. It also aims at the same time, to support and strengthen environmental protection, including biodiversity, and climate action, and to contribute to achieving the environmental and climate-related objectives of the Union, including commitments under the Paris Agreemen...",EUR-Lex - 52024PC0139 - EN - EUR-Lex,success,2025-10-25T03:38:52Z,368,0.0543976348854397,No,NA,NA,NA,High,EC,NA,Joffrey
52006DC0583,b00ceeb6-a35d-4d93-92d0-3fc6d42e43f9,"Communication from the Commission to the Council and the European Parliament Mobilising public and private finance towards global access to climate-friendly, affordable and secure energy services : The Global Energy Efficiency and Renewable Energy Fund {SEC(2006) 1224} {SEC(2006) 1225}",COMMUNIC,2006-10-06T00:00:00Z,European Commission,12,manual,COMMUNIC,https://eur-lex.europa.eu/legal-content/EN/TXT/?uri=CELEX:52006DC0583,"Important legal notice | 52006DC0583 Communication from the Commission to the Council and the European Parliament Mobilising public and private finance towards global access to climate-friendly, affordable and secure energy services: The Global Energy Efficiency and Renewable Energy Fund {SEC(2006) 1224} {SEC(2006) 1225}  /* COM/2006/0583 final */ [pic] | COMMISSION OF THE EUROPEAN COMMUNITIES | Brussels, 6.10.2006 COM(2006) 583 final COMMUNICATION FROM THE COMMISSION TO THE COUNCIL AND THE EUROPEAN PARLIAMENT Mobilising public and private finance towards global access to climate-friendly, affordable and secure energy services: The Global Energy Efficiency and Renewable Energy Fund {SEC(2006) 1224}{SEC(2006) 1225} 1. SUSTAINABLE DEVELOPMENT - THE GLOBAL ENVIRONMENTAL CHALLENGE FOR THE ENERGY SECTOR Since the early 1990's, most parts of the world are enjoying an unprecedented phase of economic growth. Since 1994, global oil consumption has increased by 20%, and is projected by the In...",EUR-Lex - 52006DC0583 - EN - EUR-Lex,success,2025-10-26T22:43:06Z,167,0.0506521079769487,Yes,GG-Evolutionary,GG-Keynesianism,NA,High,EC,NA,Joffrey
52022SC0262,20ddb927-2f64-11ed-975d-01aa75ed71a1,"COMMISSION STAFF WORKING DOCUMENT Environmental Implementation Review 2022 Country Report - BULGARIA Accompanying the document Communication from the Commission to the European Parliament, the Council, the European Economic and Social Committee and the Committee of the Regions Environmental Implementation Review 2022: Turning the tide through environmental compliance",SWD,2022-09-08T00:00:00Z,European Commission,15,manual,SWD,https://eur-lex.europa.eu/legal-content/EN/TXT/?uri=CELEX:52022SC0262,"EUROPEAN COMMISSION Brussels, 8.9.2022 SWD(2022) 262 final COMMISSION STAFF WORKING DOCUMENT Environmental Implementation Review 2022 Country Report - BULGARIA Accompanying the document Communication from the Commission to the European Parliament, the Council, the European Economic and Social Committee and the Committee of the Regions Environmental Implementation Review 2022: Turning the tide through environmental compliance {COM(2022) 438 final} - {SWD(2022) 252 final} - {SWD(2022) 253 final} - {SWD(2022) 254 final} - {SWD(2022) 255 final} - {SWD(2022) 256 final} - {SWD(2022) 257 final} - {SWD(2022) 258 final} - {SWD(2022) 259 final} - {SWD(2022) 260 final} - {SWD(2022) 261 final} - {SWD(2022) 263 final} - {SWD(2022) 264 final} - {SWD(2022) 265 final} - {SWD(2022) 266 final} - {SWD(2022) 267 final} - {SWD(2022) 268 final} - {SWD(2022) 269 final} - {SWD(2022) 270 final} - {SWD(2022) 271 final} - {SWD(2022) 272 final} - {SWD(2022) 273 final} - {SWD(2022) 274 final} - {SWD(2022) 275 f...",EUR-Lex - 52022SC0262 - EN - EUR-Lex,success,2025-10-27T10:47:57Z,1964,0.1060532426156919,Yes,Admin-only,NA,NA,High,EC,NA,Joffrey
52011SC1170,a548ebfd-5dfd-4eaf-8dc6-99049a98fde4,COMMISSION STAFF WORKING PAPER Accompanying theREPORT FROM THE COMMISSION TO THE EUROPEAN PARLIAMENT AND THE COUNCIL on the implementation of the remote sensing applications and on the use of the financial resources made available to it under Council Regulation (EC) No 78/2008 (second interim report)Background information in the form of graphs and maps on the Mars Crop Yield Forecasting System and details on the outputs made available,SWD,2011-10-10T00:00:00Z,European Commission,3,manual,SWD,https://eur-lex.europa.eu/legal-content/EN/TXT/?uri=CELEX:52011SC1170,"| 52011SC1170 COMMISSION STAFF WORKING PAPER Accompanying theREPORT FROM THE COMMISSION TO THE EUROPEAN PARLIAMENT AND THE COUNCIL on the implementation of the remote sensing applications and on the use of the financial resources made available to it under Council Regulation (EC) No 78/2008 (second interim report)Background information in the form of graphs and maps on the Mars Crop Yield Forecasting System and details on the outputs made available /* SEC/2011/1170 final */ The purpose of the present document is to
provide additional information on the functioning of the Mars Crop Yield
Forecasting System (MCYFS) and the different outputs prepared by this activity.
It accompanies the Report from the Commission to the Council and the European
Parliament on the implementation of Council Regulation (EC) No 78/2008 and
provides in the form of illustrations, graphs and maps, additional information
on the architecture and the functioning of the system together with information
on t...",EUR-Lex - 52011SC1170 - EN - EUR-Lex,success,2025-10-26T15:13:17Z,21,0.0383912248628884,No,NA,NA,NA,High,EC,NA,Joffrey
52012SC0108,09f96d81-987d-4665-b389-6e13965d07bb,"JOINT STAFF WORKING DOCUMENT Eastern Partnership Roadmap 2012-13: the multilateral dimension Accompanying the document JOINT COMMUNICATION TO THE EUROPEAN PARLIAMENT, THE COUNCIL, THE EUROPEAN ECONOMIC AND SOCIAL COMMITTEE AND THE COMMITTEE OF THE REGIONS Eastern Partnership: A Roadmap to the autumn 2013 Summit",JOINT_SWD,2012-05-15T00:00:00Z,European Commission,11,manual,JOINT_SWD,https://eur-lex.europa.eu/legal-content/EN/TXT/?uri=CELEX:52012SC0108,"| 52012SC0108 JOINT STAFF WORKING DOCUMENT Eastern Partnership Roadmap 2012-13: the multilateral dimension Accompanying the document JOINT COMMUNICATION TO THE EUROPEAN PARLIAMENT, THE COUNCIL, THE EUROPEAN ECONOMIC AND SOCIAL COMMITTEE AND THE COMMITTEE OF THE REGIONS Eastern Partnership: A Roadmap to the autumn 2013 Summit /* SWD/2012/0108 final */ Eastern Partnership: Roadmap 2012-13 Multilateral dimension ||   ||   || Areas || Objectives || EU support || Target/Outcome/Timeframe A. Democracy, good governance and stability ||   ||   || A.1. Electoral standards and freedom of the media || 1) Foster approximation to EU standards through dialogue and exchange of best practice.   2) Support electoral standards in EaP countries, including by:   ·         Preparing electoral administrations to better fulfil their tasks; ·         Preparing NGOs to better fulfil their role as observers; ·         Bringing electoral legislation and implementation in line with European electoral standards...",EUR-Lex - 52012SC0108 - EN - EUR-Lex,success,2025-10-26T21:37:30Z,319,0.0548864418444597,No,NA,NA,NA,High,EC,NA,Joffrey
52011XC0407(06),e45f9e90-b5fd-4985-83f6-82b0a6cb5da6,Publication of an application pursuant to Article 6(2) of Council Regulation (EC) No 510/2006 on the protection of geographical indications and designations of origin for agricultural products and foodstuffs,COMMUNIC,2011-04-07T00:00:00Z,European Commission,3,manual,COMMUNIC,https://eur-lex.europa.eu/legal-content/EN/TXT/?uri=CELEX:52011XC0407(06),"7.4.2011 EN Official Journal of the European Union C 108/23 Publication of an application pursuant to Article 6(2) of Council Regulation (EC) No 510/2006 on the protection of geographical indications and designations of origin for agricultural products and foodstuffs 2011/C 108/11 This publication confers the right to object to the application pursuant to Article 7 of Council Regulation (EC) No 510/2006 ( 1 ) . Statements of objection must reach the Commission within six months from the date of this publication. SINGLE DOCUMENT COUNCIL REGULATION (EC) No 510/2006 ‘PTUJSKI LÜK’ EC No: SI-PGI-0005-0811-14.06.2010 PGI ( X ) PDO ( ) 1. Name: ‘Ptujski lük’ 2. Member State or third country: Slovenia 3. Description of the agricultural product or foodstuff: 3.1. Type of product: Class 1.6. Fruit, vegetables and cereals, fresh or processed 3.2. Description of product to which the name in (1) applies: ‘Ptujski lük’ ( Allium cepa L.) is an onion of the ‘Ptujska rdeča’ variety. It is cordate-ob...",EUR-Lex - 52011XC0407(06) - EN - EUR-Lex,success,2025-10-26T13:00:42Z,47,0.0412642669007901,No,NA,NA,NA,High,EC,NA,Joffrey
51992PC0069,125d68bb-fae8-472d-812c-5902e2d97563,Proposal for a COUNCIL REGULATION ( EEC ) amending Council Regulation ( EEC ) N° 2092/91 of 24 June 1991 on organic production of agricultural products and indications referring thereto on agricultural products and foodstuffs,PROP_REG,1992-03-04T00:00:00Z,European Commission,15,proposal,NA,https://eur-lex.europa.eu/legal-content/EN/TXT/?uri=CELEX:51992PC0069,"Do you want to help improving EUR-Lex ? This is a list of experimental features that you can enable. These features are still under development; they are not fully tested, and might reduce EUR-Lex stability. Don't forget to give your feedback! This document is an excerpt from the EUR-Lex website EU law EU case-law Official Journal National law and case-law Information Document 51992PC0069 Proposal for a COUNCIL REGULATION ( EEC ) amending Council Regulation ( EEC ) N° 2092/91 of 24 June 1991 on organic production of agricultural products and indications referring thereto on agricultural products and foodstuffs Proposal for a COUNCIL REGULATION ( EEC ) amending Council Regulation ( EEC ) N° 2092/91 of 24 June 1991 on organic production of agricultural products and indications referring thereto on agricultural products and foodstuffs Proposal for a COUNCIL REGULATION ( EEC ) amending Council Regulation ( EEC ) N° 2092/91 of 24 June 1991 on organic production of agricultural products a...",EUR-Lex - 51992PC0069 - EN - EUR-Lex,success,2025-10-26T06:42:48Z,6,0.048780487804878,No,NA,NA,NA,High,EC,NA,Joffrey
51991PC0283,37011a24-5999-4d48-9396-653963bfd689,PROPOSAL FOR A COUNCIL REGULATION ( EEC ) OPENING AND PROVIDING FOR THE ADMINISTRATION OF COMMUNITY TARIFF QUOTAS FOR CERTAIN AGRICULTURAL AND FISHERY PRODUCTS ORIGINATING IN CERTAIN EFTA COUNTRIES,PROP_REG,1991-07-23T00:00:00Z,European Commission,2,proposal,NA,https://eur-lex.europa.eu/legal-content/EN/TXT/?uri=CELEX:51991PC0283,"Do you want to help improving EUR-Lex ? This is a list of experimental features that you can enable. These features are still under development; they are not fully tested, and might reduce EUR-Lex stability. Don't forget to give your feedback! This document is an excerpt from the EUR-Lex website EU law EU case-law Official Journal National law and case-law Information Document 51991PC0283 PROPOSAL FOR A COUNCIL REGULATION ( EEC ) OPENING AND PROVIDING FOR THE ADMINISTRATION OF COMMUNITY TARIFF QUOTAS FOR CERTAIN AGRICULTURAL AND FISHERY PRODUCTS ORIGINATING IN CERTAIN EFTA COUNTRIES PROPOSAL FOR A COUNCIL REGULATION ( EEC ) OPENING AND PROVIDING FOR THE ADMINISTRATION OF COMMUNITY TARIFF QUOTAS FOR CERTAIN AGRICULTURAL AND FISHERY PRODUCTS ORIGINATING IN CERTAIN EFTA COUNTRIES PROPOSAL FOR A COUNCIL REGULATION ( EEC ) OPENING AND PROVIDING FOR THE ADMINISTRATION OF COMMUNITY TARIFF QUOTAS FOR CERTAIN AGRICULTURAL AND FISHERY PRODUCTS ORIGINATING IN CERTAIN EFTA COUNTRIES /* COM/91/2...",EUR-Lex - 51991PC0283 - EN - EUR-Lex,success,2025-10-24T19:30:24Z,6,0.0465116279069767,No,NA,NA,NA,High,EC,NA,Joffrey
52019SC0090,01680e2f-3e90-11e9-8d04-01aa75ed71a1,"COMMISSION STAFF WORKING DOCUMENT Accompanying the document REPORT FROM THE COMMISSION TO THE EUROPEAN PARLIAMENT, THE COUNCIL, THE EUROPEAN ECONOMIC AND SOCIAL COMMITTEE AND THE COMMITTEE OF THE REGIONS on the implementation of the Circular Economy Action Plan",SWD,2019-03-04T00:00:00Z,European Commission,15,manual,SWD,https://eur-lex.europa.eu/legal-content/EN/TXT/?uri=CELEX:52019SC0090,"EUROPEAN COMMISSION Brussels, 4.3.2019 SWD(2019) 90 final COMMISSION STAFF WORKING DOCUMENT Accompanying the document REPORT FROM THE COMMISSION TO THE EUROPEAN PARLIAMENT, THE COUNCIL, THE EUROPEAN ECONOMIC AND SOCIAL COMMITTEE AND THE COMMITTEE OF THE REGIONS on the implementation of the Circular Economy Action Plan EMPTY {COM(2019) 190 final} In December 2015, the Commission adopted a Circular Economy Action Plan 1 with the aim to set the European Union on the course of the transition towards a more sustainable model for economic development. The action plan looks at the whole lifecycle of products and adopts a systemic approach that promotes partnerships along the entire value chain and across different sectors. The action plan includes a balanced mix of voluntary initiatives and regulatory actions along production, consumption, waste management and secondary raw materials. It also identifies five priority sectors: plastics, food waste, biomass and bio-based products, critical r...",EUR-Lex - 52019SC0090 - EN - EUR-Lex,success,2025-10-27T10:38:08Z,543,0.0894858272907053,No,NA,NA,NA,High,EC,NA,Joffrey
52022SC0255,31c39e4f-2f61-11ed-975d-01aa75ed71a1,"COMMISSION STAFF WORKING DOCUMENT Environmental Implementation Review 2022 Country Report - ESTONIA Accompanying the document Communication from the Commission to the European Parliament, the Council, the European Economic and Social Committee and the Committee of the Regions Environmental Implementation Review 2022: Turning the tide through environmental compliance",SWD,2022-09-08T00:00:00Z,European Commission,15,manual,SWD,https://eur-lex.europa.eu/legal-content/EN/TXT/?uri=CELEX:52022SC0255,"EUROPEAN COMMISSION Brussels, 8.9.2022 SWD(2022) 255 final COMMISSION STAFF WORKING DOCUMENT Environmental Implementation Review 2022 Country Report - ESTONIA Accompanying the document Communication from the Commission to the European Parliament, the Council, the European Economic and Social Committee and the Committee of the Regions Environmental Implementation Review 2022: Turning the tide through environmental compliance {COM(2022) 438 final} - {SWD(2022) 252 final} - {SWD(2022) 253 final} - {SWD(2022) 254 final} - {SWD(2022) 256 final} - {SWD(2022) 257 final} - {SWD(2022) 258 final} - {SWD(2022) 259 final} - {SWD(2022) 260 final} - {SWD(2022) 261 final} - {SWD(2022) 262 final} - {SWD(2022) 263 final} - {SWD(2022) 264 final} - {SWD(2022) 265 final} - {SWD(2022) 266 final} - {SWD(2022) 267 final} - {SWD(2022) 268 final} - {SWD(2022) 269 final} - {SWD(2022) 270 final} - {SWD(2022) 271 final} - {SWD(2022) 272 final} - {SWD(2022) 273 final} - {SWD(2022) 274 final} - {SWD(2022) 275 fi...",EUR-Lex - 52022SC0255 - EN - EUR-Lex,success,2025-10-27T10:47:11Z,1966,0.1128069772779435,Yes,Admin-only,NA,NA,High,EC,NA,Joffrey
52005XC0309(01),8f09a6ae-d39b-44bb-8352-c89b780d38fa,List of natural mineral waters recognised by Member StatesText with EEA relevance,COMMUNIC,2005-03-09T00:00:00Z,European Commission,13,manual,COMMUNIC,https://eur-lex.europa.eu/legal-content/EN/TXT/?uri=CELEX:52005XC0309(01),"9.3.2005 EN Official Journal of the European Union C 59/7 LIST OF NATURAL MINERAL WATERS RECOGNISED BY MEMBER STATES (2005/C 59/06) (Text with EEA relevance) I List of natural mineral waters recognised by Belgium, Denmark, Germany, Greece, Spain, France, Italy, Netherlands, Austria, Portugal, Sweden and United-Kingdom In accordance with Article 1 of Council Directive 80/777/EEC of 15 July 1980 on the approximation of the laws of Member States relating to the exploitation and marketing of natural mineral waters ( 1 ) , the Commission has been informed by Belgium, Denmark, Germany, Greece, Spain, France, Italy, Netherlands, Austria, Portugal, Sweden and United-Kingdom of the following amendments to be made to the list ( 2 ) of natural mineral waters recognised as such by the Member States. The following list modifies the list previously published. Consolidated lists can also be found on the Europa site: http://europa.eu.int/comm/food/food/labellingnutrition/water/mw_eulist_en.pdf Belg...",EUR-Lex - 52005XC0309(01) - EN - EUR-Lex,success,2025-10-26T23:35:26Z,162,0.0417956656346749,No,NA,NA,NA,High,EC,NA,Joffrey
52025SC0034,e69ac67a-e395-11ef-be2a-01aa75ed71a1,COMMISSION STAFF WORKING DOCUMENT Third River Basin Management Plans Second Flood Hazard and Risk Maps and Second Flood Risk Management Plans Member State: Denmark Accompanying the document REPORT FROM THE COMMISSION TO THE COUNCIL AND THE EUROPEAN PARLIAMENT on the implementation of the Water Framework Directive (2000/60/EC) and the Floods Directive (2007/60/EC) Third River Basin Management Plans Second Flood Risk Management Plans,SWD,2025-02-04T00:00:00Z,European Commission,15,manual,SWD,https://eur-lex.europa.eu/legal-content/EN/TXT/?uri=CELEX:52025SC0034,"EUROPEAN COMMISSION Brussels, 4.2.2025 SWD(2025) 34 final COMMISSION STAFF WORKING DOCUMENT Third River Basin Management Plans Second Flood Hazard and Risk Maps and Second Flood Risk Management Plans Member State: Denmark Accompanying the document REPORT FROM THE COMMISSION TO THE COUNCIL AND THE EUROPEAN PARLIAMENT on the implementation of the Water Framework Directive (2000/60/EC) and the Floods Directive (2007/60/EC) Third River Basin Management Plans Second Flood Risk Management Plans {COM(2025) 2 final} - {SWD(2025) 13 final} - {SWD(2025) 14 final} - {SWD(2025) 15 final} - {SWD(2025) 16 final} - {SWD(2025) 17 final} - {SWD(2025) 18 final} - {SWD(2025) 19 final} - {SWD(2025) 20 final} - {SWD(2025) 21 final} - {SWD(2025) 22 final} - {SWD(2025) 23 final} - {SWD(2025) 24 final} - {SWD(2025) 25 final} - {SWD(2025) 26 final} - {SWD(2025) 27 final} - {SWD(2025) 28 final} - {SWD(2025) 29 final} - {SWD(2025) 30 final} - {SWD(2025) 31 final} - {SWD(2025) 32 final} - {SWD(2025) 33 final} ...",EUR-Lex - 52025SC0034 - EN - EUR-Lex,success,2025-10-27T10:55:36Z,1403,0.0986846732784694,No,NA,NA,NA,High,EC,NA,Joffrey
52016SC0349,ef9561a9-a5a5-11e6-aab7-01aa75ed71a1,"COMMISSION STAFF WORKING DOCUMENT TECHNICAL INFORMATION TO THE REPORT ""IMPLEMENTING THE PARIS AGREEMENT - PROGRESS OF THE EU TOWARDS THE AT LEAST -40% TARGET"" Accompanying the document Report from the Commission to the European Parliament and the Council Implementing the Paris Agreement - Progress of the EU towards the at least -40% target (required under Article 21 of Regulation (EU) No 525/2013 of the European Parliament and of the Council of 21 May 2013 on a mechanism for monitoring and reporting greenhouse gas emissions and for reporting other information at national and Union level relevant to climate change and repealing Decision No 280/2004/EC)",SWD,2016-11-08T00:00:00Z,European Commission,11,manual,SWD,https://eur-lex.europa.eu/legal-content/EN/TXT/?uri=CELEX:52016SC0349,"EUROPEAN COMMISSION Brussels, 8.11.2016 SWD(2016) 349 final COMMISSION STAFF WORKING DOCUMENT TECHNICAL INFORMATION TO THE REPORT ""IMPLEMENTING THE PARIS AGREEMENT -  PROGRESS OF THE EU TOWARDS THE AT LEAST -40% TARGET"" Accompanying the document Report from the Commission to the European Parliament and the Council Implementing the Paris Agreement - Progress of the EU towards the at least -40% target (required under Article 21 of Regulation (EU) No 525/2013 of the European Parliament and of the Council of 21 May 2013 on a mechanism for monitoring and reporting greenhouse gas emissions and for reporting other information at national and Union level relevant to climate change and repealing Decision No 280/2004/EC) {COM(2016) 707 final} Contents 1. Technical references to main data & figures 2. Overview of climate targets 6 3. EU wide trends (inventory) and projections (WEM) per sector 9 4. Member States progresses towards Effort Sharing Decision targets 17 5. Key figures for Kyoto CP1 ...",EUR-Lex - 52016SC0349 - EN - EUR-Lex,success,2025-10-26T22:11:49Z,392,0.0965279487810884,Yes,Admin-only,NA,NA,High,EC,NA,Joffrey
52000PC0747,63ae1a54-54c5-4867-ae8b-936531d5784a,Proposal for a Council Regulation on the conclusion of the protocol setting out for the period from 3 May 2000 to 2 May 2002 the fishing opportunities and financial contribution provided for in the Agreement between the European Community and the Government of the Republic of Angola on fishing off Angola,PROP_REG,2000-11-22T00:00:00Z,European Commission,11,proposal,NA,https://eur-lex.europa.eu/legal-content/EN/TXT/?uri=CELEX:52000PC0747,"Avis juridique important | 52000PC0747 Proposal for a Council Regulation on the conclusion of the protocol setting out for the period from 3 May 2000 to 2 May 2002 the fishing opportunities and financial contribution provided for in the Agreement between the European Community and the Government of the Republic of Angola on fishing off Angola  /* COM/2000/0747 final - CNS 2000/0290 */ Official Journal 096 E , 27/03/2001 P. 0187 - 0206 Proposal for a COUNCIL REGULATION on the conclusion of the Protocol setting out for the period from 3 May 2000 to 2 May 2002 the fishing opportunities and financial contribution provided for in the Agreement between the European Community and the Government of the Republic of Angola on fishing off Angola (presented by the Commission) EXPLANATORY MEMORANDUM The Protocol to the Fisheries Agreement between the European Community and Angola expired on 2 May 2000. A new Protocol was initialled by both parties on 6 July 2000 fixing the technical and financia...",EUR-Lex - 52000PC0747 - EN - EUR-Lex,success,2025-10-25T21:09:40Z,266,0.0495436766623207,No,NA,NA,NA,High,EC,NA,Joffrey
52013PC0780,f1469e17-4cb7-11e3-ae03-01aa75ed71a1,"Proposal for a COUNCIL DECISION on the conclusion of the Protocol to the Stabilisation and Association Agreement between the European Communities and their Member States, of the one part, and the former Yugoslav Republic of Macedonia, of the other part, to take account of the accession of the Republic of Croatia to the European Union",PROP_DEC_NO_ADDRESSEE,2013-11-11T00:00:00Z,European Commission,11,proposal,NA,https://eur-lex.europa.eu/legal-content/EN/TXT/?uri=CELEX:52013PC0780,"| 52013PC0780 Proposal for a COUNCIL DECISION on the conclusion of the Protocol to the Stabilisation and Association Agreement between the European Communities and their Member States, of the one part, and the former Yugoslav Republic of Macedonia, of the other part, to take account of the accession of the Republic of Croatia to the European Union /* COM/2013/0780 final - 2013/0386 (NLE) */ EXPLANATORY MEMORANDUM On 24 September 2012 the Council authorised
the Commission to open negotiations, on behalf of the European Union and its
Member States and the Republic of Croatia, with the former
Yugoslav Republic of Macedonia, in order to conclude a
Protocol to the Stabilisation and Association Agreement (SAA) between the
European Communities and their Member States, of the one part, and the former Yugoslav Republic of Macedonia, of
the other part, to take account of the accession of the Republic of Croatia to
the European Union. These negotiations started on 18 December 2012,
fol...",EUR-Lex - 52013PC0780 - EN - EUR-Lex,success,2025-10-25T21:42:40Z,296,0.0399729912221471,No,NA,NA,NA,High,EC,NA,Joffrey
51992SC0708,dd706527-2c1a-4ff5-af60-3a293fc63e13,COMMUNICATION FROM THE COMMISSION TO THE COUNCIL ON CLEAN AND EFFICIENT ENERGY FOR DEVELOPMENT,COMMUNIC,1992-05-26T00:00:00Z,European Commission,12,manual,COMMUNIC,https://eur-lex.europa.eu/legal-content/EN/TXT/?uri=CELEX:51992SC0708,"Do you want to help improving EUR-Lex ? This is a list of experimental features that you can enable. These features are still under development; they are not fully tested, and might reduce EUR-Lex stability. Don't forget to give your feedback! This document is an excerpt from the EUR-Lex website EU law EU case-law Official Journal National law and case-law Information Document 51992SC0708 COMMUNICATION FROM THE COMMISSION TO THE COUNCIL ON CLEAN AND EFFICIENT ENERGY FOR DEVELOPMENT COMMUNICATION FROM THE COMMISSION TO THE COUNCIL ON CLEAN AND EFFICIENT ENERGY FOR DEVELOPMENT COMMUNICATION FROM THE COMMISSION TO THE COUNCIL ON CLEAN AND EFFICIENT ENERGY FOR DEVELOPMENT /* SEC/92/708FINAL */",EUR-Lex - 51992SC0708 - EN - EUR-Lex,success,2025-10-26T22:29:03Z,3,0.0337078651685393,NA,NA,NA,NA,NA,EC,Cannot access this document,Joffrey
52005XC0802(02),c1ea50d2-1bff-43e7-b76f-2e238636da35,Status of EC accession to UN/ECE regulations in the area of vehicle approval as of 31 December 2004,COMMUNIC,2005-08-02T00:00:00Z,European Commission,7,manual,COMMUNIC,https://eur-lex.europa.eu/legal-content/EN/TXT/?uri=CELEX:52005XC0802(02),"2.8.2005 EN Official Journal of the European Union C 188/6 Status of EC accession to UN/ECE regulations in the area of vehicle approval as of 31 December 2004 (2005/C 188/04) The Commission publishes hereafter a table summarising the state of UN/ECE regulations as last amended (annexed in the 1958 Agreement concerning the adoption of uniform technical prescriptions for wheeled vehicles, equipment and parts which can be fitted and/or be used on wheeled vehicles and the conditions for reciprocal recognition of approvals granted on the basis of these prescriptions) to which the EC has acceded as of 31 December 2004. Regulation number Series of amendments ( 1 ) ( 2 ) Supplements to the series ( 1 ) ( 2 ) Short title of Regulation 1 2 — Asymmetric headlamps (R2 and/or HS1) 3 2 9 Retro-reflecting devices 4 0 10 Rear registration-plate lamp 5 2 — Asymmetric headlamps (Sealed Beam) 6 1 12 Direction indicators 7 2 8 End-outline marker-, front/rear position-,side-,stop- lamps (M, N and O) 8 5...",EUR-Lex - 52005XC0802(02) - EN - EUR-Lex,success,2025-10-26T16:48:09Z,29,0.0552380952380952,No,NA,NA,NA,High,EC,NA,Joffrey
51991PC0517,6443eeb6-dc5f-412a-a7cd-9d245de3a7b5,"Proposal for a COUNCIL REGULATION ( EEC ) extending Regulation ( EEC ) No 715/90 on the arrangements applicable to agricultural products and certain goods resulting from the processing of agricultural products originating in the African, caribbean and Pacific States ( ACP States °) or in the overseas countries and territories ( OCT )",PROP_REG,1991-12-11T00:00:00Z,European Commission,11,proposal,NA,https://eur-lex.europa.eu/legal-content/EN/TXT/?uri=CELEX:51991PC0517,"Do you want to help improving EUR-Lex ? This is a list of experimental features that you can enable. These features are still under development; they are not fully tested, and might reduce EUR-Lex stability. Don't forget to give your feedback! This document is an excerpt from the EUR-Lex website EU law EU case-law Official Journal National law and case-law Information Document 51991PC0517 Proposal for a COUNCIL REGULATION ( EEC ) extending Regulation ( EEC ) No 715/90 on the arrangements applicable to agricultural products and certain goods resulting from the processing of agricultural products originating in the African, caribbean and Pacific States ( ACP States °) or in the overseas countries and territories ( OCT ) Proposal for a COUNCIL REGULATION ( EEC ) extending Regulation ( EEC ) No 715/90 on the arrangements applicable to agricultural products and certain goods resulting from the processing of agricultural products originating in the African, caribbean and Pacific States ( ...",EUR-Lex - 51991PC0517 - EN - EUR-Lex,success,2025-10-25T19:10:41Z,9,0.0535714285714285,No,NA,NA,NA,High,EC,NA,Joffrey
52008XC0925(03),0330dda8-7c71-40ec-8f98-6941b077a4e8,Publication of an application pursuant to Article 8(2) of Council Regulation (EC) No 509/2006 on agricultural products and foodstuffs as traditional specialities guaranteed,COMMUNIC,2008-09-25T00:00:00Z,European Commission,3,manual,COMMUNIC,https://eur-lex.europa.eu/legal-content/EN/TXT/?uri=CELEX:52008XC0925(03),"25.9.2008 EN Official Journal of the European Union C 244/27 Publication of an application pursuant to Article 8(2) of Council Regulation (EC) No 509/2006 on agricultural products and foodstuffs as traditional specialities guaranteed (2008/C 244/10) This publication confers the right to object to the application pursuant to Article 9 of Council Regulation (EC) No 509/2006 ( 1 ) . Statements of objection must reach the Commission within six months of the date of this publication. APPLICATION FOR REGISTRATION OF A TSG COUNCIL REGULATION (EC) No 509/2006 ‘OLEJ RYDZOWY’ EC No: PL-STG-007-0049-28.12.2006 1.   Name and address of the applicant group Name: „SemCo” S.G.N.i P. Krystyna Just, Instytut Włókien Naturalnych — Tłocznia Oleju, Krzysztof Gałkowski — Zakład Wytłaczania Oleju i Wyrób Kitu, Zakład Doświadczalno-Dydaktyczny Uprawy Roli i Roślin w Gorzyniu Address: Śmiłowo 16 PL-64-500 Szamotuły Tel. (48-61) 292 04 02; (48-60) 313 75 17 E-mail: info@semco.pl 2.   Member State or third c...",EUR-Lex - 52008XC0925(03) - EN - EUR-Lex,success,2025-10-26T12:43:51Z,81,0.0528720626631853,No,NA,NA,NA,High,EC,NA,Joffrey
52020PC0652,87866df5-0f01-11eb-bc07-01aa75ed71a1,Proposal for a DECISION OF THE EUROPEAN PARLIAMENT AND OF THE COUNCIL on a General Union Environment Action Programme to 2030,PROP_DEC,2020-10-14T00:00:00Z,European Commission,15,proposal,NA,https://eur-lex.europa.eu/legal-content/EN/TXT/?uri=CELEX:52020PC0652,"EUROPEAN COMMISSION Brussels, 14.10.2020 COM(2020) 652 final 2020/0300(COD) Proposal for a DECISION OF THE EUROPEAN PARLIAMENT AND OF THE COUNCIL on a General Union Environment Action Programme to 2030 EXPLANATORY MEMORANDUM 1. CONTEXT OF THE PROPOSAL On 4 December 2019, the European Environment Agency (EEA) published its report entitled “The European Environment – state and outlook 2020” (SOER) 1 , and its results are sobering. The current environmental, climate and sustainability challenges are of an unprecedented scale and urgency, requiring immediate and concerted action and systemic solutions. The Union’s environment policies have delivered substantial benefits over the last decades without affecting EU long-term competitiveness, and in recent years the acquis has been increasingly shaped by an ambitious long-term vision, targets and strategic framework policies, effectively reducing environmental pressures. However, biodiversity loss and ecosystem services degradation, climate...",EUR-Lex - 52020PC0652 - EN - EUR-Lex,success,2025-10-26T06:41:40Z,709,0.0798423423423423,Yes,Neoclassical,GG-Keynesianism,NA,High,EC,NA,Joffrey
52007DC0314,c8254909-783d-493e-97dc-8a9a75836563,"Communication from the Commission to the Council, the European Parliament and the European Economic and Social Committee - ""Mid Term Review of the European Environment and Health Action Plan 2004-2010"" {SEC(2007) 777}",COMMUNIC,2007-06-11T00:00:00Z,European Commission,15,manual,COMMUNIC,https://eur-lex.europa.eu/legal-content/EN/TXT/?uri=CELEX:52007DC0314,"Important legal notice | 52007DC0314 Communication from the Commission to the Council, the European Parliament and the European Economic and Social Committee - ""Mid Term Review of the European Environment and Health Action Plan 2004-2010"" {SEC(2007) 777}  /* COM/2007/0314 final */ [pic] | COMMISSION OF THE EUROPEAN COMMUNITIES | Brussels, 11.6.2007 COM(2007) 314 final COMMUNICATION FROM THE COMMISSION TO THE COUNCIL, THE EUROPEAN PARLIAMENT AND THE EUROPEAN ECONOMIC AND SOCIAL COMMITTEE ""Mid Term Review of the European Environment and Health Action Plan 2004-2010"" {SEC(2007) 777} CONTEXT European citizens are concerned about the environment they live in, about their health and about their quality of life. Six out of ten European citizens consider that it is ""very"" or ""fairly likely"" that environmental pollution will damage their health[1] and that the European Union is not doing enough.[2] European citizens also indicated that the environment is a driving force for innovation, and t...",EUR-Lex - 52007DC0314 - EN - EUR-Lex,success,2025-10-27T09:41:29Z,138,0.0420603474550441,No,NA,NA,NA,High,EC,NA,Joffrey
52006XC0309(04),61121ad2-869e-4876-9570-31b2926432f0,Commission communication in the framework of the implementation of Directive 94/9/EC of the European Parliament and of the Council of 23 March 1994 on the approximation of the laws of the Member States concerning equipment and protective systems intended for use in potentially explosive atmospheres (Text with EEA relevance),COMMUNIC,2006-03-09T00:00:00Z,European Commission,13,manual,COMMUNIC,https://eur-lex.europa.eu/legal-content/EN/TXT/?uri=CELEX:52006XC0309(04),9.3.2006 EN Official Journal of the European Union C 57/17 Commission communication in the framework of the implementation of Directive 94/9/EC of the European Parliament and of the Council of 23 March 1994 on the approximation of the laws of the Member States concerning equipment and protective systems intended for use in potentially explosive atmospheres (2006/C 57/07) (Text with EEA relevance) (Publication of titles and references of harmonised standards under the directive) ESO ( 1 ) Reference and title of the harmonised standard (and reference document) Reference of superseded standard Date of cessation of presumption of conformity of superseded standard Note 1 CEN EN 1010-1:2004 Safety of machinery — Safety requirements for the design and construction of printing and paper converting machines — Part 1: Common requirements — CEN EN 1127-1:1997 Explosive atmospheres — Explosion prevention and protection — Part 1: Basic concepts and methodology — CEN EN 1127-2:2002 Explosive atmo...,EUR-Lex - 52006XC0309(04) - EN - EUR-Lex,success,2025-10-27T06:09:38Z,57,0.0464169381107491,No,NA,NA,NA,High,EC,NA,Joffrey
52015DC0081,e27fdb4d-bdce-11e4-bbe1-01aa75ed71a1,COMMUNICATION FROM THE COMMISSION TO THE EUROPEAN PARLIAMENT AND THE COUNCIL The Paris Protocol – A blueprint for tackling global climate change beyond 2020,COMMUNIC,2015-02-25T00:00:00Z,European Commission,15,manual,COMMUNIC,https://eur-lex.europa.eu/legal-content/EN/TXT/?uri=CELEX:52015DC0081,"| 52015DC0081 COMMUNICATION FROM THE COMMISSION TO THE EUROPEAN PARLIAMENT AND THE COUNCIL The Paris Protocol – A blueprint for tackling global climate change beyond 2020 /* COM/2015/081 final */ Contents 1............ Executive
Summary. 3 2............ The
Paris Protocol 5 3............ Securing
ambitious reductions of greenhouse gas emissions. 6 3.1......... The EU
2030 target and intended nationally determined contribution. 6 3.2......... Sharing
the global effort 7 4............ Ensuring
dynamism through regular review of targets. 8 5............ Strengthening
transparency and accountability. 8 6............ Achieving
climate resilience through adaptation. 9 7............ Promoting
implementation and cooperation. 9 7.1......... Mobilising
public and private climate finance. 9 7.2......... Scaling
up international cooperative action. 10 7.3......... Supporting
the development and deployment of climate technologies. 11 7.4......... Building
capacity. 11 8............ ...",EUR-Lex - 52015DC0081 - EN - EUR-Lex,success,2025-10-27T08:35:52Z,307,0.070966250577901,Yes,Neoclassical,GG-Evolutionary,NA,High,EC,NA,Joffrey
51991PC0366,1a80ca1a-29ad-4084-87a0-8a9d1b72a4d7,"Proposal for a COUNCIL REGULATION ( EEC ) fixing for the 1991/92 marketing year, the representative market price and the threshold price for olive oil, the levels of consumption aid in Spain and Portugal and the percentages of consumption aid to be retained in accordance with Article 11 ( 5 ) and ( 6 ) of Regulation No 136/66/EEC",PROP_REG,1991-10-07T00:00:00Z,European Commission,3,proposal,NA,https://eur-lex.europa.eu/legal-content/EN/TXT/?uri=CELEX:51991PC0366,"Do you want to help improving EUR-Lex ? This is a list of experimental features that you can enable. These features are still under development; they are not fully tested, and might reduce EUR-Lex stability. Don't forget to give your feedback! This document is an excerpt from the EUR-Lex website EU law EU case-law Official Journal National law and case-law Information Document 51991PC0366 Proposal for a COUNCIL REGULATION ( EEC ) fixing for the 1991/92 marketing year, the representative market price and the threshold price for olive oil, the levels of consumption aid in Spain and Portugal and the percentages of consumption aid to be retained in accordance with Article 11 ( 5 ) and ( 6 ) of Regulation No 136/66/EEC Proposal for a COUNCIL REGULATION ( EEC ) fixing for the 1991/92 marketing year, the representative market price and the threshold price for olive oil, the levels of consumption aid in Spain and Portugal and the percentages of consumption aid to be retained in accordance w...",EUR-Lex - 51991PC0366 - EN - EUR-Lex,success,2025-10-25T01:35:03Z,6,0.0338983050847457,No,NA,NA,NA,High,EC,NA,Joffrey
52002PC0595,34c980dc-8c9b-49c0-b3dc-48876bb06c37,Proposal for a Directive of the European Parliament and of the Council amending Directive 1999/32/EC as regards the sulphur content of marine fuels,PROP_DIR,2002-11-20T00:00:00Z,European Commission,13,proposal,NA,https://eur-lex.europa.eu/legal-content/EN/TXT/?uri=CELEX:52002PC0595,"Avis juridique important | 52002PC0595 Proposal for a Directive of the European Parliament and of the Council amending Directive 1999/32/EC as regards the sulphur content of marine fuels  /* COM/2002/0595 final Volume II - COD 2002/0259 */ Official Journal 045 E , 25/02/2003 P. 0277 - 0296 Proposal for a DIRECTIVE OF THE EUROPEAN PARLIAMENT AND OF THE COUNCIL amending Directive 1999/32/EC as regards the sulphur content of marine fuels (presented by the Commission) EXPLANATORY MEMORANDUM 1. introduction 1.1. Environmental impacts of burning marine fuels containing sulphur Sulphur is naturally present in liquid and solid fuels such as oil and coal. Most marine fuels contain sulphur. The combustion of fuels containing sulphur gives rise to emissions of sulphur dioxide (SO2 or SOx), and particulate matter (PM): including primary soot particles, and secondary inorganic sulphate particles formed as a result of atmospheric oxidation of sulphur dioxide. Nitrogen oxides (NOx) are also emitte...",EUR-Lex - 52002PC0595 - EN - EUR-Lex,success,2025-10-26T04:46:09Z,817,0.098910411622276,No,NA,NA,NA,High,EC,NA,Joffrey
52006PC0363,c2167b57-60d5-4694-ac54-d0f60e4fd4fc,Proposal for a Council Regulation on the conclusion of the Fisheries Partnership Agreement between the European Community and the Republic of Cape Verde,PROP_REG,2006-07-06T00:00:00Z,European Commission,11,proposal,NA,https://eur-lex.europa.eu/legal-content/EN/TXT/?uri=CELEX:52006PC0363,"Important legal notice | 52006PC0363 Proposal for a Council Regulation on the conclusion of the Fisheries Partnership Agreement between the European Community and the Republic of Cape Verde  /* COM/2006/0363 final - CNS 2006/0122 */ [pic] | COMMISSION OF THE EUROPEAN COMMUNITIES | Brussels, 6.7.2006 COM(2006) 363 final 2006/0122 (CNS) Proposal for a COUNCIL REGULATION on the conclusion of the Fisheries Partnership Agreement between the European Community and the Republic of Cape Verde (presented by the Commission) EXPLANATORY MEMORANDUM The Community and the Republic of Cape Verde have negotiated and initialled, on 16 December 2005, a Fisheries Partnership Agreement which provides Community fishermen with fishing opportunities in the Cape Verde fishing zone. This Partnership Agreement, accompanied by a Protocol and the Annex thereto, has been signed for a period of six years from its entry into force and is renewable. On the date of its entry into force, this Agreement repeals and r...",EUR-Lex - 52006PC0363 - EN - EUR-Lex,success,2025-10-25T16:27:37Z,471,0.0449213161659513,No,NA,NA,NA,High,EC,NA,Joffrey
52025SC0019,08edc67b-e394-11ef-be2a-01aa75ed71a1,COMMISSION STAFF WORKING DOCUMENT Third River Basin Management Plans Second Flood Hazard and Risk Maps and Second Flood Risk Management Plans Member State: Poland Accompanying the document REPORT FROM THE COMMISSION TO THE COUNCIL AND THE EUROPEAN PARLIAMENT on the implementation of the Water Framework Directive (2000/60/EC) and the Floods Directive (2007/60/EC) Third River Basin Management Plans Second Flood Risk Management Plans,SWD,2025-02-04T00:00:00Z,European Commission,15,manual,SWD,https://eur-lex.europa.eu/legal-content/EN/TXT/?uri=CELEX:52025SC0019,"EUROPEAN COMMISSION Brussels, 4.2.2025 SWD(2025) 19 final COMMISSION STAFF WORKING DOCUMENT Third River Basin Management Plans Second Flood Hazard and Risk Maps and Second Flood Risk Management Plans Member State: Poland Accompanying the document REPORT FROM THE COMMISSION TO THE COUNCIL AND THE EUROPEAN PARLIAMENT on the implementation of the Water Framework Directive (2000/60/EC) and the Floods Directive (2007/60/EC) Third River Basin Management Plans Second Flood Risk Management Plans {COM(2025) 2 final} - {SWD(2025) 13 final} - {SWD(2025) 14 final} - {SWD(2025) 15 final} - {SWD(2025) 16 final} - {SWD(2025) 17 final} - {SWD(2025) 18 final} - {SWD(2025) 20 final} - {SWD(2025) 21 final} - {SWD(2025) 22 final} - {SWD(2025) 23 final} - {SWD(2025) 24 final} - {SWD(2025) 25 final} - {SWD(2025) 26 final} - {SWD(2025) 27 final} - {SWD(2025) 28 final} - {SWD(2025) 29 final} - {SWD(2025) 30 final} - {SWD(2025) 31 final} - {SWD(2025) 32 final} - {SWD(2025) 33 final} - {SWD(2025) 34 final} -...",EUR-Lex - 52025SC0019 - EN - EUR-Lex,success,2025-10-27T10:53:48Z,1137,0.1077316657191586,No,NA,NA,NA,High,EC,NA,Joffrey
52005SC0826,2cd33c1e-6f6b-4f98-ab7f-9982c36d1c78,Commission staff working paper#Monitoring of ACEA’s Commitment on CO2 Emission Reductions from Passenger Cars (2003)#Monitoring of JAMA’s Commitment on CO2 Emission Reductions from Passenger Cars (2003)#Monitoring of KAMA’s Commitment on CO2 Emission Reductions from Passenger Cars (2003)#Final reports : 5 October 2004 {COM(2005) 269 final},SWD,2005-06-22T00:00:00Z,European Commission,15,manual,SWD,https://eur-lex.europa.eu/legal-content/EN/TXT/?uri=CELEX:52005SC0826,"Important legal notice | 52005SC0826 Commission staff working paper - Monitoring of ACEA’s Commitment on CO2 Emission  Reductions from Passenger Cars (2003) - Monitoring of JAMA’s Commitment on CO2 Emission  Reductions from Passenger Cars (2003) - Monitoring of KAMA’s Commitment on CO2 Emission Reductions from Passenger Cars (2003) - Final reports : 5 October 2004  {COM(2005) 269 final}  /* SEC/2005/0826 */ [pic] | COMMISSION OF THE EUROPEAN COMMUNITIES | Brussels, 22.6.2005 SEC(2005) 826 COMMISSION STAFF WORKING PAPER Monitoring of ACEA’s Commitment on CO 2 Emission Reductions from Passenger Cars (2003) Monitoring of JAMA’s Commitment on CO 2 Emission Reductions from Passenger Cars (2003) Monitoring of KAMA’s Commitment on CO 2 Emission Reductions from Passenger Cars (2003) Final reports 5 October 2004 {COM(2005) 269 final} Monitoring of ACEA’s Commitment on CO 2 Emission Reductions from Passenger Cars (2003) Final Report 05.10.2004 Joint Report of the European Automobile Manufactu...",EUR-Lex - 52005SC0826 - EN - EUR-Lex,success,2025-10-27T10:12:37Z,453,0.0331455330357796,Yes,Neoclassical,NA,NA,High,EC,NA,Joffrey
51991PC0390,3f8497aa-17ee-4ac3-a8a5-02b39750e332,"Proposal for a COUNCIL REGULATION ( EEC ) opening and providing for the administration of Community tariff quotas for cod and fish of the species Boreogadus saida, dried, salted or in brine, originating in Norway ( 1992 )",PROP_REG,1991-10-23T00:00:00Z,European Commission,2,proposal,NA,https://eur-lex.europa.eu/legal-content/EN/TXT/?uri=CELEX:51991PC0390,"Do you want to help improving EUR-Lex ? This is a list of experimental features that you can enable. These features are still under development; they are not fully tested, and might reduce EUR-Lex stability. Don't forget to give your feedback! This document is an excerpt from the EUR-Lex website EU law EU case-law Official Journal National law and case-law Information Document 51991PC0390 Proposal for a COUNCIL REGULATION ( EEC ) opening and providing for the administration of Community tariff quotas for cod and fish of the species Boreogadus saida, dried, salted or in brine, originating in Norway ( 1992 ) Proposal for a COUNCIL REGULATION ( EEC ) opening and providing for the administration of Community tariff quotas for cod and fish of the species Boreogadus saida, dried, salted or in brine, originating in Norway ( 1992 ) Proposal for a COUNCIL REGULATION ( EEC ) opening and providing for the administration of Community tariff quotas for cod and fish of the species Boreogadus said...",EUR-Lex - 51991PC0390 - EN - EUR-Lex,success,2025-10-24T19:56:11Z,6,0.0434782608695652,No,NA,NA,NA,High,EC,NA,Joffrey
52013PC0239,55f7bec7-e206-46ff-94a8-540b5363ae4f,Proposal for a COUNCIL DECISION on the acceptance of the Amendment to Articles 25 and 26 of the Convention on the Protection and Use of Transboundary Watercourses and International Lakes,PROP_DEC_NO_ADDRESSEE,2013-04-25T00:00:00Z,European Commission,15,proposal,NA,https://eur-lex.europa.eu/legal-content/EN/TXT/?uri=CELEX:52013PC0239,"| 52013PC0239 Proposal for a COUNCIL DECISION on the acceptance of the Amendment to Articles 25 and 26 of the Convention on the Protection and Use of Transboundary Watercourses and International Lakes /* COM/2013/0239 final - 2013/0127 (NLE) */ EXPLANATORY MEMORANDUM The UNECE Convention on the Protection and
Use of Transboundary Watercourses and International Lakes provides a legal
framework for cooperation on shared water resources in the UNECE region through
integrated water resources management. Its purpose is to establish a framework
for bilateral or multilateral cooperation to prevent and control the pollution
of transboundary watercourses and to ensure the rational use of water by countries
of the United Nations Economic Commission for Europe. The Convention was signed on behalf of the European Community in Helsinki on 18 March 1992 and approved by Council Decision 95/308/EC of 24 July 1995. At the 2003 Meeting of the Parties to the
Convention on the Protection and Use of Tra...",EUR-Lex - 52013PC0239 - EN - EUR-Lex,success,2025-10-26T06:55:17Z,42,0.050179211469534,No,NA,NA,NA,High,EC,NA,Joffrey
52024PC0282,2e65b39e-3dd5-11ef-ab8f-01aa75ed71a1,Proposal for a COUNCIL DECISION on the position to be taken on behalf of the European Union on the review of Article 6 of the Arrangement on Officially Supported Export Credits,PROP_DEC,2024-07-09T00:00:00Z,European Commission,11,proposal,NA,https://eur-lex.europa.eu/legal-content/EN/TXT/?uri=CELEX:52024PC0282,"EUROPEAN COMMISSION Brussels, 9.7.2024 COM(2024) 282 final 2024/0156(NLE) Proposal for a COUNCIL DECISION on the position to be taken on behalf of the European Union on the review of Article 6 of the Arrangement on Officially Supported Export Credits EXPLANATORY MEMORANDUM 1. Subject matter of the proposal This proposal concerns a decision establishing the position to be taken on the Union's behalf in the context of the review of Article 6 of the Arrangement on Officially Supported Export Credits (the ‘Arrangement’). 2. Context of the proposal 2.1. The Arrangement on Officially Supported Export Credits The Arrangement is a g entlemen's a greement between the EU, the US, Canada, Japan, Korea, Norway, Switzerland, Australia , New Zealand , T ü rk i y e and the United Kingdom (the ‘Participants’) , which provide s a framework for the orderly use of officially supported export credits. In practice, this means establishing a level playing field between Participants (whereby competition i...",EUR-Lex - 52024PC0282 - EN - EUR-Lex,success,2025-10-25T15:31:48Z,149,0.0568268497330282,No,NA,NA,NA,High,EC,NA,Joffrey
52000PC0042,07627c98-7f19-47f9-b0dc-b975405c67c0,Proposal for a Directive of the European Parliament and of the Council amending Council Directive 70/220/EEC concerning measures to be taken against air pollution by emissions from motor vehicles,PROP_DIR,2000-02-14T00:00:00Z,European Commission,13,proposal,NA,https://eur-lex.europa.eu/legal-content/EN/TXT/?uri=CELEX:52000PC0042,"Avis juridique important | 52000PC0042 Proposal for a Directive of the European Parliament and of the Council amending Council Directive 70/220/EEC concerning measures to be taken against air pollution by emissions from motor vehicles  /* COM/2000/0042 final - COD 2000/0040 */ Official Journal 240 E , 28/08/2001 P. 0001 - 0002 Proposal for a DIRECTIVE OF THE EUROPEAN PARLIAMENT AND OF THE COUNCIL amending Council Directive 70/220/EEC concerning measures to be taken against air pollution by emissions from motor vehicles (presented by the Commission) EXPLANATORY MEMORANDUM A. Objective of the proposal The objective of the proposal is to amend Directive 70/220/EEC, as last amended by Directive 1999/102/EC, to provide for dates from which on-board diagnostic (OBD) systems are mandatory on passenger cars and light commercial vehicles that have positive-ignition engines and which use alternative fuels such as liquefied petroleum gas (LPG) or natural gas (NG). Such vehicles may be fuelled ...",EUR-Lex - 52000PC0042 - EN - EUR-Lex,success,2025-10-26T04:41:34Z,81,0.0684699915469146,Yes,Neoclassical,NA,NA,High,EC,NA,Joffrey
52005XC1213(08),72d4c504-9a4b-425c-97dc-21908569e709,Information on islands and isolated settlements excluded by Member States under Article 3(4) of the Landfill Directive,COMMUNIC,2005-12-13T00:00:00Z,European Commission,7,manual,COMMUNIC,https://eur-lex.europa.eu/legal-content/EN/TXT/?uri=CELEX:52005XC1213(08),"13.12.2005 EN Official Journal of the European Union C 316/21 Information on islands and isolated settlements excluded by Member States under Article 3(4) of the Landfill Directive (2005/C 316/09) Pursuant to Article 3(4) of the Landfill Directive Member States may declare, at their own option, parts or all of Article 6(d), Article 7(i), Article 8(a)(iv), Article 10, Article 11(1)(a), (b) and (c), Article 12(a) and (c), Annex I, points 3 and 4, Annex II except point 3, level 3, and point 4) and Annex III, points 3 to 5 to this Directive not applicable to: A. landfill sites for non-hazardous or inert wastes with a total capacity not exceeding 15 000 tonnes or with an annual intake not exceeding 1 000 tonnes serving islands, where this is the only landfill on the island and where this is exclusively destined for the disposal of waste generated on that island. Once the total capacity of that landfill has been used, any new landfill established on the island shall comply with the requir...",EUR-Lex - 52005XC1213(08) - EN - EUR-Lex,success,2025-10-26T15:45:00Z,24,0.123076923076923,No,NA,NA,NA,High,EC,NA,Joffrey
52020PC0008,b8c83011-361d-11ea-ba6e-01aa75ed71a1,"Proposal for a COUNCIL DECISION on the position to be taken on behalf of the European Union in the thirteenth meeting of the Conference of the Parties of the Convention on the conservation of migratory species of wild animals (CMS) with regard to proposals from various parties to amend the Appendices to that Convention, and on the withdrawal of a reservation notified to that Convention",PROP_DEC,2020-01-13T00:00:00Z,European Commission,11,proposal,NA,https://eur-lex.europa.eu/legal-content/EN/TXT/?uri=CELEX:52020PC0008,"EUROPEAN COMMISSION Brussels, 13.1.2020 COM(2020) 8 final 2020/0005(NLE) Proposal for a COUNCIL DECISION on the position to be taken on behalf of the European Union in the thirteenth meeting of the Conference of the Parties of the Convention on the conservation of migratory species of wild animals (CMS) with regard to proposals from various parties to amend the Appendices to that Convention, and on the withdrawal of a reservation notified to that Convention EXPLANATORY MEMORANDUM 1. Subject matter of the proposal This proposal concerns the decision establishing the position to be taken on the Union's behalf in the thirteenth meeting of the Conference of the Parties of the Convention on the conservation of migratory species of wild animals ('the Convention') in connection with the envisaged adoption of decisions concerning amendment of the Appendices of the Convention, and the withdrawal of an existing reservation to that Convention. 2. Context of the proposal 2.1. The Convention on ...",EUR-Lex - 52020PC0008 - EN - EUR-Lex,success,2025-10-25T14:54:29Z,109,0.0568596765779864,No,NA,NA,NA,High,EC,NA,Joffrey
51990PC0009,3d27d84a-cbb9-4384-a20a-f8a0df14baa0,PROPOSAL FOR A COUNCIL DIRECTIVE AMENDING DIRECTIVE 76/464/EEC ON POLLUTION CAUSED BY CERTAIN DANGEROUS SUBSTANCES DISCHARGED INTO THE AQUATIC ENVIRONMENT OF THE COMMUNITY,PROP_DIR,1990-02-08T00:00:00Z,European Commission,15,proposal,NA,https://eur-lex.europa.eu/legal-content/EN/TXT/?uri=CELEX:51990PC0009,"Do you want to help improving EUR-Lex ? This is a list of experimental features that you can enable. These features are still under development; they are not fully tested, and might reduce EUR-Lex stability. Don't forget to give your feedback! This document is an excerpt from the EUR-Lex website EU law EU case-law Official Journal National law and case-law Information Document 51990PC0009 PROPOSAL FOR A COUNCIL DIRECTIVE AMENDING DIRECTIVE 76/464/EEC ON POLLUTION CAUSED BY CERTAIN DANGEROUS SUBSTANCES DISCHARGED INTO THE AQUATIC ENVIRONMENT OF THE COMMUNITY PROPOSAL FOR A COUNCIL DIRECTIVE AMENDING DIRECTIVE 76/464/EEC ON POLLUTION CAUSED BY CERTAIN DANGEROUS SUBSTANCES DISCHARGED INTO THE AQUATIC ENVIRONMENT OF THE COMMUNITY PROPOSAL FOR A COUNCIL DIRECTIVE AMENDING DIRECTIVE 76/464/EEC ON POLLUTION CAUSED BY CERTAIN DANGEROUS SUBSTANCES DISCHARGED INTO THE AQUATIC ENVIRONMENT OF THE COMMUNITY /* COM/90/9FINAL */ OJ C 55, 7.3.1990, pp. 7–8
		 (ES, DA, DE, EL, EN, FR, IT, NL, PT) La...",EUR-Lex - 51990PC0009 - EN - EUR-Lex,success,2025-10-26T07:47:11Z,9,0.0789473684210526,No,NA,NA,NA,High,EC,NA,Joffrey
52010PC0618,a6054765-a3cb-4fb4-ad4a-fe1236c69fd4,Proposal for a COUNCIL DIRECTIVE on the management of spent fuel and radioactive waste,PROP_DIR,2010-11-03T00:00:00Z,European Commission,15,proposal,NA,https://eur-lex.europa.eu/legal-content/EN/TXT/?uri=CELEX:52010PC0618,"| 52010PC0618 Proposal for a COUNCIL DIRECTIVE on the management of spent fuel and radioactive waste  /* COM/2010/0618 final - NLE 2010/0306 */ EN Brussels, 3.11.2010 COM(2010) 618 final 2010/0306 (NLE) Proposal for a COUNCIL DIRECTIVE on the management of spent fuel and radioactive waste SEC(2010) 1290 SEC(2010) 1289 EXPLANATORY MEMORANDUM 1. Context of the proposal 1.1. Background and objectives of the proposal Following the successful adoption of the Nuclear Safety Directive, the elaboration of a revised proposal for legislation on the management of spent fuel and radioactive waste is included in the Commission's work programme 2010 (item 2010/ENER/021). The proposed Directive sets out an EU legal framework for spent fuel and radioactive waste management. It revises the Commission proposal for a Council (Euratom) Directive on the management of spent fuel and radioactive waste [1]. All Member States have radioactive waste. It is generated by many beneficial activities, such as ele...",EUR-Lex - 52010PC0618 - EN - EUR-Lex,success,2025-10-26T07:51:56Z,426,0.067953421598341,No,NA,NA,NA,High,EC,NA,Joffrey
52011PC0282,5b7641fe-cded-44f3-a8ab-06d761e0e451,"COUNCIL DECISION on the conclusion of a Voluntary Partnership Agreement between the European Union and the Central African Republic on forest law enforcement, governance and trade in timber and derived products to the European Union (FLEGT) Proposal for a COUNCIL DECISION on the conclusion of a Voluntary Partnership Agreement between the European Union and the Central African Republic on forest law enforcement, governance and trade in timber and derived products to the European Union (FLEGT)",PROP_DEC_NO_ADDRESSEE,2011-05-20T00:00:00Z,European Commission,11,proposal,NA,https://eur-lex.europa.eu/legal-content/EN/TXT/?uri=CELEX:52011PC0282,"| 52011PC0282 COUNCIL DECISION on the conclusion of a Voluntary Partnership Agreement between the European Union and the Central African Republic on forest law enforcement, governance and trade in timber and derived products to the European Union (FLEGT) Proposal for a COUNCIL DECISION on the conclusion of a Voluntary Partnership Agreement between the European Union and the Central African Republic on forest law enforcement, governance and trade in timber and derived products to the European Union (FLEGT)  /* COM/2011/0282 final - NLE 2011/0127 */ EXPLANATORY MEMORANDUM The Action Plan on Forest Law Enforcement, Governance and Trade (FLEGT)[1], endorsed by the Council in 2003[2], proposes a set of measures that include support for timber-producing countries, multilateral collaboration to tackle trade in illegal timber, support for private-sector initiatives and also measures to discourage investment in activities that encourage illegal logging. The cornerstone of the Action Plan is ...",EUR-Lex - 52011PC0282 - EN - EUR-Lex,success,2025-10-25T22:23:11Z,1375,0.0381711176503248,No,NA,NA,NA,High,EC,NA,Joffrey
52019SC0064,5384f36d-39d5-11e9-8d04-01aa75ed71a1,COMMISSION STAFF WORKING DOCUMENT First Flood Risk Management Plans - Member State: Austria Accompanying the document REPORT FROM THE COMMISSION TO THE EUROPEAN PARLIAMENT AND THE COUNCIL on the implementation of the Water Framework Directive (2000/60/EC) and the Floods Directive (2007/60/EC) Second River Basin Management Plans First Flood Risk Management Plans,SWD,2019-02-26T00:00:00Z,European Commission,15,manual,SWD,https://eur-lex.europa.eu/legal-content/EN/TXT/?uri=CELEX:52019SC0064,"EUROPEAN COMMISSION Brussels, 26.2.2019 SWD(2019) 64 final COMMISSION STAFF WORKING DOCUMENT First Flood Risk Management Plans - Member State: Austria Accompanying the document REPORT FROM THE COMMISSION TO THE EUROPEAN PARLIAMENT AND THE COUNCIL on the implementation of the Water Framework Directive (2000/60/EC) and the Floods Directive (2007/60/EC) Second River Basin Management Plans First Flood Risk Management Plans {COM(2019) 95 final} - {SWD(2019) 30 final} - {SWD(2019) 31 final} - {SWD(2019) 32 final} - {SWD(2019) 33 final} - {SWD(2019) 34 final} - {SWD(2019) 35 final} - {SWD(2019) 36 final} - {SWD(2019) 37 final} - {SWD(2019) 38 final} - {SWD(2019) 39 final} - {SWD(2019) 40 final} - {SWD(2019) 41 final} - {SWD(2019) 42 final} - {SWD(2019) 43 final} - {SWD(2019) 44 final} - {SWD(2019) 45 final} - {SWD(2019) 46 final} - {SWD(2019) 47 final} - {SWD(2019) 48 final} - {SWD(2019) 49 final} - {SWD(2019) 50 final} - {SWD(2019) 51 final} - {SWD(2019) 52 final} - {SWD(2019) 53 final} -...",EUR-Lex - 52019SC0064 - EN - EUR-Lex,success,2025-10-27T10:31:57Z,627,0.0534208059981255,No,NA,NA,NA,High,EC,NA,Joffrey
52000PC0629,78f124e6-1e4d-49f3-8956-f6c673d34c50,"Proposal for a Council Regulation on the conclusion of the Protocol setting out, for the period 1 July 2000 to 30 June 2003, the fishing opportunities and financial contribution provided for in the Agreement between the European Economic Community and the Republic of Côte d'Ivoire on fishing off the coast of Côte d'Ivoire",PROP_REG,2000-10-09T00:00:00Z,European Commission,11,proposal,NA,https://eur-lex.europa.eu/legal-content/EN/TXT/?uri=CELEX:52000PC0629,"Avis juridique important | 52000PC0629 Proposal for a Council Regulation on the conclusion of the Protocol setting out, for the period 1 July 2000 to 30 June 2003, the fishing opportunities and financial contribution provided for in the Agreement between the European Economic Community and the Republic of Côte d'Ivoire on fishing off the coast of Côte d'Ivoire  /* COM/2000/0629 final - CNS 2000/0257 */ Official Journal 062 E , 27/02/2001 P. 0087 - 0098 Proposal for a COUNCIL REGULATION on the conclusion of the Protocol setting out, for the period 1 July 2000 to 30 June 2003, the fishing opportunities and financial contribution provided for in the Agreement between the European Economic Community and the Republic of Côte d'Ivoire on fishing off the coast of Côte d'Ivoire (presented by the Commission) EXPLANATORY MEMORANDUM The Protocol to the Fisheries Agreement between the European Community and the Republic of Côte d'Ivoire expires on 30 June 2000. A new Protocol setting out the technical and financial conditions governing the fishing activities of Community vessels in Côte d'Ivoire waters during the period 1 July 2000 to 30 June 2003 was initialled by both parties on 26 May 2000. The Commission proposes, on this basis, that the Council adopt, by Regulation, the conclusion of the new Protocol. A proposal for a Council Decision on the provisional application of the new Protocol pending its definitive entry into force is the subject of a separate procedure. Proposal for a COUNCIL REGULATION on the conclusion of the Protocol setting out, for the period 1 July 2000 to 30 June 2003, the fishing opportunities and financial contribution provided for in the Agreement between the European Economic Community and the Republic of Côte d'Ivoire on fishing off the coast of Côte d'Ivoire THE COUNCIL OF THE EUROPEAN UNION, Having regard to the Treaty establishing the European Community, and in particular Article 37, in conjunction with Article 300(2) and (3), thereof, Having regard to the proposal from the Commission [1], [1]   OJ C , , p. . Having regard to the opinion of the European Parliament [2], [2]   OJ C , , p. . Whereas: (1) Pursuant to the Agreement between the European Economic Community and the Republic of Côte d'Ivoire on fishing off the coast of Côte d'Ivoire, the two parties conducted negotiations to determine the amendments or additions to be made to the Agreement at the end of the period of application of the Protocol annexed thereto [3]. [3]   OJ L 379, 31.12.90. (2) As a result of those negotiations, a new Protocol setting out, for the period 1 July 2000 to 30 June 2003, the fishing opportunities and financial contribution provided for in the above Agreement was initialled on 26 May 2000. (3) It is in the Community's interests to approve that Protocol. (4) The method of allocating the fishing opportunities among the Member States should be defined on the basis of the traditional allocation of fishing opportunities under the Fisheries Agreement. HAS ADOPTED THIS REGULATION: Article 1 The Protocol setting out, for the period 1 July 2000 to 30 June 2003, the fishing opportunities and financial contribution provided for in the Agreement between the European Economic Community and the Republic of Côte d'Ivoire on fishing off the coast of Côte d'Ivoire is hereby approved on behalf of the Community. The text of the Protocol is attached to this Regulation. Article 2 The fishing opportunities set out in the Protocol shall be allocated among the Member States as follows: a) demersal species: Spain: 600 GRT b) tuna fishing: France: 25 vessels Spain: 41 vessels Portugal: 5 vessels If licence applications from these Member States do not exhaust the fishing opportunities set out in the Protocol, the Commission may consider licence applications from any other Member State. Article 3 The President of the Council is hereby authorised to designate the persons empowered to sign the Protocol in order to bind the Community. Article 4 This Regulation shall enter into force on the third day following its publication in the Official Journal of the European Communities. This Regulation shall be binding in its entirety and directly applicable in all Member States. Done at Brussels, For the Council The President PROTOCOL setting out, for the period 1 July 2000 to 30 June 2003, the fishing opportunities and financial contribution provided for in the Agreement between the European Economic Community and the Republic of Côte d'Ivoire on fishing off the coast of Côte d'Ivoire Article 1 From 1 July 2000 and for a period of three years, fishing opportunities pursuant to Article 2 of the Agreement shall be as follows: a) freezer trawlers designed to fish demersal species, taking deepwater crustaceans, cephalopods and demersal fish: an annual average of 600 gross registered tonnes (GRT) per month; b) pole-and-line tuna vessels: 12 vessels; c) surface longliners: 20 vessels; d) tuna seiners: 39 vessels. Article 2 The fishing opportunities referred to in Article 1 may be increased by mutual agreement at the request of the Community if they do not thereby compromise the rational exploitation of the resources of Côte d'Ivoire. In this case the financial compensation referred to in Article 3(1) shall be increased proportionately and pro rata temporis. Article 3 1. The financial contribution for the fishing opportunities laid down in Article 1 shall be EUR 957 500 per year (EUR 275 000 as financial compensation and EUR 682 500 for the measures provided for in Article 4 of this Protocol). 2. The financial contribution for tuna fishing shall cover a catch of 8 500 tonnes a year in Côte d'Ivoire waters. If the tuna caught by Community vessels in the Côte d'Ivoire fishing zone exceeds this weight, the amount referred to above shall be proportionately increased. 3. The annual financial compensation shall be payable by 31 December each year of the Protocol at the latest. Côte d'Ivoire shall have full discretion regarding the use to which this financial compensation is put. 4. The financial compensation shall be paid into the Public Treasury account No ... with the Caisse autonome d'amortissement (CAA). Article 4 The measures set out below shall be financed from the financial contribution provided for in Article 3(1), to the amount of EUR 682 500 per year , broken down as follows: 1. scientific programmes to promote better understanding of fishery and biological resources in the Côte d'Ivoire fishing zone: EUR 90 000 2. technical programmes: EUR 250 000 3. support for fisheries surveillance bodies: EUR 100 000 4. aid for the fisheries ministry for drawing up fisheries and aquaculture development policies and strategies: EUR 50 000 5. institutional support to the administrative department responsible for fisheries: EUR 110 000 6. awards for study, practical training and seminars in the various scientific, technical and economic disciplines relating to fisheries and costs of participation in international meetings on fisheries: EUR 50 000 7. contribution to international organisations: EUR 32 500. The measures and the annual amounts allocated thereto shall be decided on by the fisheries ministry, which shall inform the Commission thereof. The annual amounts shall be made available to the bodies concerned not later than 31 December each year and paid into the bank accounts of the competent Côte d'Ivoire authorities specified by the fisheries ministry according to the schedule for their use. The Ministry responsible for fisheries shall transmit a detailed report on the implementation of these measures and the results achieved to the Delegation of the European Commission, not later than four months after the anniversary date of the Protocol. The Commission may ask the fisheries ministry for any additional information on the results and, after consultation with the Côte d'Ivoire authorities, to reconsider the payments concerned should the measures not be implemented. Article 5 Should the Community fail to make the payments provided for under Articles 3 and 4 of this Protocol, the obligations of Côte d'Ivoire resulting from the Fisheries Agreement may be suspended. Article 6 1. Where force majeure prevents fishing activities in the Côte d'Ivoire fishing zone, the Community may suspend payment of the financial contribution following prior consultations, where possible, between the two parties. 2. Payment of the financial contribution shall recommence once the situation returns to normal and following consultation between the two parties confirming that the situation is likely to allow a return to normal fishing activities. Article 7 The Annex to the Agreement between the European Economic Community and the Republic of Côte d'Ivoire on fishing off the coast of Côte d'Ivoire shall be replaced by the Annex to this Protocol. Article 8 This Protocol shall enter into force on the date of its signing. It shall apply from 1 July 2000. ANNEX Conditions for the exercise of fishing activities by Community vessels in the Côte d'Ivoire fishing zone A. Licence application and issuing formalities The relevant Community authorities shall present to the Côte d'Ivoire fisheries ministry, via the Delegation of the Commission of the European Communities in Côte d'Ivoire, an application for each vessel wishing to fish under the Agreement. Applications shall be made on the forms provided for that purpose by Côte d'Ivoire, specimens of which are attached (Appendix 1). Each licence application shall be accompanied by proof of payment of the fee for the licence's term of validity. The fees shall include all national and local charges except for service charges and port taxes. The Côte d'Ivoire authorities shall communicate, before the entry into force of the Agreement, all information concerning the bank accounts to be used for the payment of the fee. Licences shall be issued for specific vessels and shall not be transferable. However, in the case of force majeure and at the request of the Commission of the European Communities, a vessel's licence may be replaced by a new licence for another vessel with characteristics similar to those of the first vessel. The owner of the first vessel shall return the cancelled licence to the Côte d'Ivoire fisheries ministry via the Delegation of the Commission of the European Communities in Côte d'Ivoire. The new licence shall indicate: -the date of issue, -the fact that it invalidates and replaces the licence of the previous vessel. No fee as laid down in Article 4(2) of the Agreement shall be due for any unexpired period of validity. 1. Licences shall be transmitted by the Côte d'Ivoire authorities to the Delegation of the Commission of the European Communities in Côte d'Ivoire within 30 days of receipt of the application. 2. The original licence must be held on board at all times and be presented at any time on request of the competent Côte d'Ivoire authorities. However, for pole-and-line tuna vessels, tuna seiners and surface longliners, the Côte d'Ivoire authorities shall, upon receipt of notification from the Commission of the European Communities that advance payment has been made, enter the vessel concerned in the list of vessels with authorisation to fish, which is sent to the Côte d'Ivoire control authorities. Pending receipt of the original of the licence, a copy of the licence that has been drawn up may be issued by fax to be held on board the vessel. 3. Trawlers authorised under Article 2 of the Agreement must notify the competent Côte d'Ivoire authorities of any changes to the characteristics of a vessel as entered on the licence when issued and as listed in Appendix 1. 4. Any increase in gross registered tonnage of a trawler shall require a new licence application. B. Provisions applicable to licences for pole-and-line tuna vessels, tuna seiners and surface longliners 1. Licences shall be valid for one year. They shall be renewable. 2. The fee shall be EUR 25 per tonne of fish caught within the Côte d'Ivoire fishing zone. 3. Licences shall be issued following payment of a lump sum of EUR 375 per year for each pole-and-line tuna vessel, EUR 2 750 per year for each tuna seiner and EUR 1 000 per year for each surface longliner. 4. The final statement of the fees due for the fishing period shall be drawn up by the Commission of the European Communities at the end of each calendar year on the basis of the catch declarations made by each shipowner and confirmed by the scientific institutes responsible for verifying catch data such as the Institut de Recherche pour le Développement (IRD), the Instituto Español de Oceanografía (IEO) and the Instituto Português de Investigação Marítima (IPIMAR) on the one hand and the Centre de recherche océanographique de Côte d'Ivoire (Côte d'Ivoire oceanographic research centre) on the other. The statement shall be forwarded simultaneously to the Côte d'Ivoire fishing authorities and to the shipowners. Any additional payment due shall be made by the shipowners to the Côte d'Ivoire fishing authorities no later than 30 days after notification of the final statement. However, if the amount of the final statement is lower than the abovementioned advance, the resulting balance shall not be reimbursable to the shipowner. 5. The Côte d'Ivoire authorities shall communicate, before the entry into force of the Agreement, all information concerning the bank account to be used for the payment of the fees. C. Provisions applicable to freezer trawlers 1. In the case of freezer trawlers, licences shall be valid for three, six or twelve months. They shall be renewable. 2. The annual fee shall be EUR 168 per GRT per vessel. Fees for licences for periods of less than one year shall be paid on a pro rata basis. Six-month and three-month licences shall be subject to a surcharge of 3% and 5% respectively. D. Catch declarations 1. Vessels authorised to fish in the Côte d'Ivoire fishing zone under this Agreement shall send their catch declarations to the fishing authorities with a copy to the Delegations of the Commission of the European Communities in Côte d'Ivoire, as follows: a) trawlers shall notify their catches using the form given in Appendix 2. These declarations shall be monthly and must be communicated at least once every three months; b) for pole-and-line tuna vessels, tuna seiners and surface longliners a fishing log shall be kept, in accordance with the model in Appendix 3 in the case of surface longliners and Appendix 4 in the case of seiners and pole-and-line vessels for each fishing period spent in the Côte d'Ivoire fishing zone. It shall be filled in even when no catches are made. The form shall either be collected in port by the relevant departments of the Centre de Recherches Océanographiques de Côte d'Ivoire or sent to the same department within 45 days of the end of the fishing trip spent in the Côte d'Ivoire fishing zone. Copies shall be sent to the scientific institutes referred to in paragraph 4 of section B above. Forms must be completed legibly and be signed by the master of the vessel. Moreover, the words 'Outside Côte d'Ivoire fishing zone' shall be entered in the above-mentioned fishing log in respect of periods during which the said vessels are not in Côte d'Ivoire waters. 2. Should these provisions not be adhered to, the Côte d'Ivoire authorities reserve the right to suspend the licence of the offending vessel until the required formality has been complied with. In this case, the Delegation of the Commission of the European Communities in Côte d'Ivoire shall be informed without delay. E. Landing of catches Tuna vessels and surface longliners landing their catches in a Côte d'Ivoire port shall, wherever possible, make their by-catches available to Côte d'Ivoire dealers at local market prices in accordance with the principles of free competition. In addition, Community tuna vessels shall contribute towards supplying Côte d'Ivoire's tuna-canning factories at a price fixed by mutual agreement between Community shipowners and Côte d'Ivoire dealers on the basis of current prices on the international market. Payment shall be made in convertible currency. The landing schedule must be drawn up by mutual agreement between the Community shipowners and the Côte d'Ivoire dealers. F. Fishing zones 1. To protect spawning grounds and local small-scale fishing activities, Community vessels with licences may not carry out fishing activities as provided for in Article 2 of the Agreement in the following zones: -up to twelve nautical miles from the coast in the case of pole-and-line tuna vessels and surface longliners, -up to six nautical miles from the coast in the case of freezer trawlers, -up to the 200-metre isobath in the case of freezer tuna seiners. 2. However, pole-and-line tuna vessels using live bait shall be authorised to fish for bait in the prohibited zone defined above to obtain bait strictly within the limits of their own requirements. G. Entering and leaving the zone All vessels shall notify their position and the catch held on board direct to the Côte d'Ivoire authorities, preferably by fax (+225 21 35 04 09) or, for vessels not equipped with a fax, by radio (.....) or telex (.....), within three hours of entering or leaving the Côte d'Ivoire fishing zone and every three days while fishing in Côte d'Ivoire waters. Vessels shall be informed of the relevant fax number and radio frequency when the fishing licence is issued. The Côte d'Ivoire authorities and shipowners shall keep a copy of fax communications or a recording of radio communications until both parties have agreed to the final statement of fees due referred to in section B. A vessel found to be fishing without having informed the Côte d'Ivoire authorities shall be regarded as a vessel without a licence. H. Mesh sizes The minimum mesh size authorised (mesh fully extended) shall be: a) 40 mm for freezer trawlers taking deepwater crustaceans; b) 70 mm for freezer trawlers taking cephalopods; c) 60 mm for freezer trawlers taking fish; d) in the case of tuna, the international standards recommended by ICCAT shall apply. I. Signing-on of seamen Owners of vessels which have been granted licences as provided by the Agreement shall contribute to the practical vocational training of Côte d'Ivoire nationals, on the following terms and subject to the following limits: 1. Each trawler owner shall undertake to employ: -one seaman for vessels under 250 GRT, -two seamen for vessels between 250 and 300 GRT, -three seamen for vessels over 300 GRT. The owners of tuna vessels and surface longliners shall be responsible for employing Côte d'Ivoire nationals, on the following terms and subject to the following limits: -for the fleet of pole-and-line tuna vessels, four Côte d'Ivoire seamen shall be signed on during the tuna fishing period in the Côte d'Ivoire fishing zone, each being assigned to a different vessel, -for the fleet of tuna seiners, 30 Côte d'Ivoire seamen shall be signed on, -for the fleet of surface longliners, four Côte d'Ivoire seamen shall be signed on during the tuna fishing period in the Côte d'Ivoire fishing zone, each being assigned to a different vessel. The above limits shall not preclude the signing on of additional Côte d'Ivoire seamen at the request of the shipowners. The Côte d'Ivoire seamen shall be chosen by the shipowners from among professional seamen recognised by the competent authorities. 2. The wages of these seamen shall be fixed, before licences are issued, by mutual agreement between the shipowners or their representatives and the relevant Côte d'Ivoire authorities; the wages shall be borne by the shipowners and must include the social contributions to which the seaman is subject (including life assurance and accident and sickness insurance). 3. Should the seamen not be signed on, owners of pole-and-line tuna vessels, tuna seiners and surface longliners shall be obliged to pay for the fishing period a lump sum equivalent to the wages of the seamen not signed on. This sum will be used for the training of seamen in Côte d'Ivoire and is to be paid into the account specified by the Côte d'Ivoire fishing authorities. 4. Any vessel may receive on board a trainee student on a proposal from the competent Côte d'Ivoire authorities, subject to the agreement of the vessel's master. The trainee student shall be accorded the same conditions on board as those enjoyed by crewmen at the same level, as far as possible. Côte d'Ivoire shall cover subsistence expenses for this trainee. J. Taking on board of scientific observers Vessels fishing in the Côte d'Ivoire fishing zone shall take a scientific observer on board at the request of the Côte d'Ivoire authorities; these observers shall be treated as officers. This applies equally, as far as is possible, to the quarters assigned to the observer. The time spent on board by the observer shall be fixed by the Côte d'Ivoire authorities but, as a general rule, it should not exceed the time required to carry out his duties. Once on board, the observer shall: -observe the fishing activities of the vessels, -verify the position of vessels engaged in fishing operations, -perform biological sampling in the context of scientific programmes, -note the fishing gear used, -verify the catch data for the Côte d'Ivoire zone recorded in the logbook. While on board, observers shall: -take all appropriate steps to ensure that the conditions under which they are taken on board and their presence on board do not interrupt or hamper fishing activities, -respect the material and equipment on board and the confidentiality of all documents belonging to the said vessel. -draw up an activity report to be transmitted to the competent Côte d'Ivoire authorities and send a copy to the Delegation of the European Commission. The conditions governing his embarkation shall be agreed between the shipowner or his agent and the Côte d'Ivoire authorities. Owners of trawlers shall pay the Côte d'Ivoire authorities, together with the licence fee, the sum of EUR 4 per GRT per year pro rata temporis for each vessel fishing in Côte d'Ivoire waters. This sum shall be paid into the account specified by the Côte d'Ivoire fishing authorities. Owners of tuna seiners, pole-and-line tuna vessels and surface longliners shall pay the Côte d'Ivoire Government EUR 10 per month for each observer taken on board. Shipowners who are unable to take observers aboard and put them off at a Côte d'Ivoire port agreed by mutual agreement with the Côte d'Ivoire authorities shall bear the cost of taking the observers aboard and putting them ashore. If the observer is not present at the time and place agreed and during the twelve hours following the time agreed, shipowners shall be automatically absolved of their obligation to take the observer on board. The salary and the social contributions of the observer shall be borne by the relevant Côte d'Ivoire authorities. K. Inspection and monitoring At the request of the Côte d'Ivoire authorities, Community vessels operating within the Agreement shall permit and facilitate the boarding and fulfilment of the tasks of Côte d'Ivoire officials responsible for the inspection and monitoring of fishing activities. These officials should not remain on board any longer than the time required to carry out their duties. L. Boarding of vessels 1. The Delegation of the European Commission in Côte d'Ivoire shall be notified within three working days of any boarding within the Côte d'Ivoire fishing zone of a fishing vessel flying the flag of a Member State of the Community and operating under this Agreement. The Delegation shall at the same time receive a brief report of the circumstances and reasons leading to the boarding. 2. Before any measures regarding the master or the crew of the vessel or any action regarding the cargo and equipment of the vessel are considered, other than those to safeguard evidence relating to the presumed infringement, a consultation meeting shall be held, within one working day from the receipt of the abovementioned information, between the Delegation of the Commission of the European Communities in Côte d'Ivoire, the fisheries authorities and the inspection authorities, possibly attended by a representative of the Member State concerned. At the meeting, the parties shall exchange any relevant documentation or information helping to clarify the circumstances of the established facts. The shipowner or his representative shall be informed of the outcome of the meeting and of any measures resulting from the boarding. 3. Before any judicial procedure, an attempt shall be made to resolve the presumed infringement through a compromise procedure. This procedure shall end no later than three working days after the boarding. 4. Should the case not be settled by means of compromise, and the master therefore be brought before a competent Côte d'Ivoire judicial body, a reasonable bank security shall be fixed by the competent authority within two working days, following the conclusion of the compromise procedure, pending the judicial decision. The bank security shall be released by the competent authority once the master of the vessel concerned has been acquitted by the judicial decision. 5. The vessel and its crew shall be released either: -at the end of the consultation meeting, if the established facts permit, or -on receipt of payment of a fine (compromise procedure), or -once a bank security is deposited (judicial proceedings). 6. Should one of the Parties consider that there is a problem in the application of the above procedure, it may request urgent consultations. Appendix 1 MINISTÈRE DE LA PRODUCTION ANIMALE BP V 84, Abidjan (République de Côte d'Ivoire)  //  REPUBLIQUE DE CÔTE- D'IVOIRE UNION-DISCIPLINE-TRAVAIL APPLICATION FOR A FISHING LICENCE SECTION A 1. Name of shipowner: ...... ...... ...... ...... ...... ...... ...... ...... ...... ...... ...... ...... ...... ...... ...... ...... ...... ...... ...... ...... ...... ...... 2. Nationality of shipowner: ...... ...... ...... ...... ...... ...... ...... ...... ...... ...... ...... ...... ...... ...... ...... ...... ...... ...... ...... ...... ...... ...... 3. Business address of shipowner: ...... ...... ...... ...... ...... ...... ...... ...... ...... ...... ...... ...... ...... ...... ...... ...... ...... ...... ...... ...... ...... ...... ...... ...... ...... ...... ...... ...... ...... ...... ...... ...... ...... ...... ...... ...... ...... ...... ...... ...... ...... ...... ...... ...... ...... ...... ...... ...... .......... ... ...... ...... ...... ...... ...... ...... ...... ...... ...... ...... ...... ...... ...... ...... ...... ...... ...... ...... ...... ...... ...... ...... ...... ...... ...... ...... .......... ... SECTION B (to be completed for each vessel) 1. Period of validity: ...... ...... ...... ...... ...... ...... ...... ...... ...... ...... ...... ...... ...... ...... ...... ...... ...... ...... ...... ...... ...... ...... ...... ...... ... 2. Name of vessel: ...... ...... ...... ...... ...... ...... ...... ...... ...... ...... ...... ...... ............. ...... ...... ...... ...... ........ 3. Year of construction: ...... ...... ...... ...... ...... ...... ...... ...... ...... ...... ...... ...... ...... ...... ...... ...... ...... ...... ...... ...... ...... ...... ...... ... 4. Original flag: ...... ...... ...... ...... ...... ...... ...... ...... ...... ...... ...... ...... ...... ...... ...... ...... ...... ...... 5. Current flag: ...... ...... ...... ...... ...... ...... ...... ...... ...... ...... ...... ...... ...... ...... ...... ...... ...... ...... ...... ...... ...... ...... 6. Date on which current flag acquired: ...... ...... ...... ...... ...... ...... ...... ...... ...... ...... ...... ...... ...... ...... ...... ...... ...... ...... .......... ...... 7. Year acquired: ...... ...... ...... ...... ...... ...... ...... ...... ...... ...... ...... ...... ...... ...... ...... ...... ...... ...... ...... ...... ...... ...... ...... ...... 8. Home port and registration No: ...... ...... ...... ...... ...... ...... ...... ...... ...... ...... ...... ....... 9. Fishing zones: ...... ...... ...... ...... ...... ...... ...... ...... ...... ...... ...... ...... ...... ...... ...... ...... ...... ...... ...... ...... ...... ...... ............... 10. Type of fishing: ...... ...... ...... ...... ...... ...... ...... ...... ...... ...... ...... ...... ............. ...... ...... ...... ...... ........ 11. Gross tonnage (GRT): ...... ...... ...... ...... ...... ...... ...... ...... ........... 12. Net tonnage (NRT): ...... ...... ...... ........ 13. Radio call sign: ...... ...... ...... ...... ...... ...... ...... ...... ...... ...... ...... ...... ...... ...... ...... ...... ...... ...... ...... ...... ...... ...... ...... ... 14. Length overall (metres): ...... ...... ...... ...... ...... ...... ...... ...... ...... ...... ...... ...... ...... ...... ...... ...... ...... ...... ...... ...... ........... 15. Bow (metres): ...... ...... ...... ...... ...... ...... ...... ...... ...... ...... ...... ...... ...... ...... ...... ...... ...... ...... ...... ...... ...... ...... .............. 16. Depth (metres): ...... ...... ...... ...... ...... ...... ...... ...... ...... ...... ...... ...... ...... ...... ...... .............. ...... ...... ...... ...... ...... ...... ....... 17. Hull construction material: ...... ...... ...... ...... ...... ...... ...... ...... ...... ...... ...... ...... ...... ...... ...... ...... ...... ...... ...... ...... ...... ...... ...... ... 18. Engine power: ...... ...... ...... ...... ...... ...... ...... ...... ...... ...... ...... ...... ...... ...... ...... ...... .......... 19. Speed (knots): ...... ...... ...... ...... ...... ...... ...... ...... ...... ...... ...... ...... ...... ...... ...... ...... ...... ...... ...... ........... 20. Cabins: ...... ...... ...... ...... ...... ...... ...... ...... ...... ...... ...... ...... ...... ...... ...... ...... ...... ...... ...... ...... ...... ...... ...... ............. ........ 21. Capacity of tanks (m3): ...... ...... ...... ...... ...... ...... ...... ...... ...... ...... ...... ...... ...... ...... ...... ...... ...... ...... ...... .............. ... 22. Capacity of fish-holds (m3): ...... ...... ...... ...... ...... ...... ...... ...... ...... ...... ...... ...... ...... ...... ...... ...... ...... ...... ...... .............. ... 23. Freezing capacity in tonnes/24 hours and system used: ...... ...... ...... ...... ...... ...... ...... ...... ...... ...... ...... .......... 24. Colour of hull: ...... ...... ...... ...... ...... ...... ...... ...... ...... ...... ...... ...... ...... ...... ...... ...... ...... ...... ...... ...... ...... ...... ...... ... 25. Colour of superstructures:... ...... ...... ...... ...... ...... ...... ...... ...... ...... ...... ...... ...... ...... ...... ...... ...... ...... ...... ...... ...... ...... ........ 26. Crew numbers: ...... ...... ...... ...... ...... ...... ...... ...... ...... ...... ...... ...... ...... ...... ...... ...... ...... ...... ...... ...... ...... ...... ........... 27. On-board communication equipment: &gt;TABLE POSITION&gt; 28. Navigating and sounding equipment: &gt;TABLE POSITION&gt; 29. Auxiliary boats used (for each vessel): ...... ...... ...... ...... ...... ...... ...... ...... ...... ...... ...... ...... ...... ...... ...... ...... ........... 29.1. Gross tonnage (GRT): ...... ...... ...... ...... ...... ...... ...... ...... ........... 29.2. Length overall (metres): ...... ...... ...... ...... ...... ...... ...... ...... ...... ...... ...... ...... ...... ...... ...... ...... ...... ...... ...... ...... ........... 29.3. Bow (metres): ...... ...... ...... ...... ...... ...... ...... ...... ...... ...... ...... ...... ...... ...... ...... ...... ...... ...... ...... ...... ...... ...... .............. 29.4. Depth (metres): ...... ...... ...... ...... ...... ...... ...... ...... ...... ...... ...... ...... ...... ...... ...... ...... ...... ...... ...... ...... ...... ...... .............. 29.5. Hull construction material: ...... ...... ...... ...... ...... ...... ...... ...... ...... ...... ...... ...... ...... ...... ...... ...... ...... ...... ...... ...... ...... ...... ...... ... 29.6. Engine power: ...... ...... ...... ...... ...... ...... ...... ...... ...... ...... ...... ...... ...... ...... ...... ...... .......... 29.7. Speed (knots): ...... ...... ...... ...... ...... ...... ...... ...... ...... ...... ...... ...... ...... ...... ...... ...... ...... ...... ...... ........... 30. Auxiliary aerial equipment used to detect fish (even if not installed on board): ...... ...... ...... ...... ...... ..",EUR-Lex - 52000PC0629 - EN - EUR-Lex,success,2025-10-25T19:01:05Z,199,0.0520806071708976,No,NA,NA,NA,High,NA,NA,Joffrey
52009XC0714(04),e777ea5a-69fc-478c-9c22-0d69a9665887,Publication of an application pursuant to Article 6(2) of Council Regulation (EC) No 510/2006 on the protection of geographical indications and designations of origin for agricultural products and foodstuffs,COMMUNIC,2009-07-14T00:00:00Z,European Commission,3,manual,COMMUNIC,https://eur-lex.europa.eu/legal-content/EN/TXT/?uri=CELEX:52009XC0714(04),"14.7.2009 EN Official Journal of the European Union C 160/19 Publication of an application pursuant to Article 6(2) of Council Regulation (EC) No 510/2006 on the protection of geographical indications and designations of origin for agricultural products and foodstuffs 2009/C 160/08 This publication confers the right to object to the application pursuant to Article 7 of Council Regulation (EC) No 510/2006. Statements of objection must reach the Commission within six months of the date of this publication. SUMMARY COUNCIL REGULATION (EC) No 510/2006 ‘IRPINIA — COLLINE DELL’UFITA’ EC No: IT-PDO-0005-0500-28.09.2005 PDO ( X ) PGI ( ) This summary sets out the main elements of the product specification for information purposes. 1. Responsible department in the Member State: Name: Ministero delle Politiche Agricole e Forestali Address: Via XX Settembre n. 20 00187 ROMA ITALIA Tel. +39 0646655104 Fax +39 0646655306 e-mail: saco7@politicheagricole.it 2. Group: Name: Consorzio di Produzione e Valorizzazione Olio Extra Vergine d’Irpinia «Irpinia — Colline dell’Ufita» Address: Vico Lapronia, 8 83031 Ariano Irpino (AV) ITALIA Tel. +39 0825824955 Fax +39 0825824955 e-mail: info@coprovoli.com Composition: Producers/processors ( X ) Other ( ) 3. Type of product: Class 1.5 — Oils and fats — Extra virgin olive oil 4. Specification: (summary of requirements under Article 4(2) of Regulation (EC) No 510/2006) 4.1. Name: ‘Irpinia — Colline dell’Ufita’ 4.2. Description: When released for consumption ‘Irpinia — Colline dell’Ufita’ PDO extra virgin olive oil has the following physical, chemical and organoleptic characteristics: Colour: from straw yellow to green of varying intensity; Organoleptic characteristics: Descriptor Average ( 1 ) Defects 0 Fruity flavour of olives 3-6 Bitterness 2-6 Spiciness 2-6 Tomato 2-5 Chemico-physical characteristics: Acidity (%): 0,5 or less; Peroxide value (mEq O 2 /kg): 10 or less; Spectrometry UV K 232 : 2,2 or less; Spectrometry UV K 270 : 0,2 or less; Spectrometry Delta K: 0,01 or less; Total polyphenols: at least 100 ppm. 4.3. Geographical area: The production area of the ‘Irpinia — Colline dell'Ufita’ protected designation of origin covers the administrative areas of the following municipalities in the Province of Avellino in the Region of Campania: Ariano Irpino, Bonito, Carife, Casalbore, Castel Baronia, Castelfranci, Flumeri, Fontanarosa, Frigento, Gesualdo, Greci, Grottaminarda, Lapio, Luogosano, Melito Irpino, Mirabella Eclano, Montaguto, Montecalvo Irpino, Montefusco, Montemiletto, Paternopoli, Pietradefusi, San Nicola Baronia, San Sossio Baronia, Sant'Angelo all'Esca, Savignano Irpino, Scampitella, Sturno, Taurasi, Torella dei Lombardi, Torre le Nocelle, Trevico, Vallata, Vallesaccarda, Venticano, Villamaina, Villanova del Battista and Zungoli. 4.4. Proof of origin: Each phase of the production process must be monitored and, at each one, all products entering and leaving the process must be documented. By this means, by recording the land register parcels on which cultivation takes place, and entering the names of the growers, millers and bottlers on lists held by the inspection body and by declaring volumes produced to the inspection body, product traceability is guaranteed. The inspection body carries out checks on all natural and legal persons entered on the lists, as provided for in the product specification and the relevant inspection plan. 4.5. Method of production: ‘Irpinia — Colline dell'Ufita’ PDO extra virgin olive oil is obtained from olives from groves made up, in the production context, of the varieties: ‘Ravece’ (60 % or more), ‘Ogliarola’, ‘Marinese’, ‘Olivella’, ‘Ruveia’, ‘Vigna della Corte’ (individually or jointly, 40 % or less) and possibly ‘Leccino’ or ‘Frantoio’ (10 % or less). When applying manure, the use of organic and/or artificial fertilisers is permitted. As regards soil management, the top soil is tilled mechanically, which is also useful for weed control. Green cover is permitted. Irrigation is not normally used, but in particularly dry years can be used as an emergency measure. Treatments to control pests must be carried out in accordance with the rules on integrated control issued by the Region of Campania. The fruit may be harvested either by hand or by machine, provided that the olives are not left lying on the ground during the operation. Nets or other systems for catching the olives must be used. Olives that have fallen naturally onto the ground or into permanent nets may not be used. The use of chemical products to induce or assist dropping of the fruit is prohibited. The olives must be transported in slatted crates or rigid, slatted containers. Bags, of whatever material, may not be used for transporting or storing the olives. The olive yield may not exceed 60 kg per tree. The maximum oil yield may not exceed 20 % of the weight of the olives. At the mill, the olives must be stored in aerated premises in rigid, slatted containers until milling, which must be carried out within 48 hours of harvesting. Only mechanical and physical processes that produce oil presenting, as faithfully as possible, the particular characteristics of the original fruit may be used. A ‘second run’ and the use of chemical or biochemical aids (enzymes) to extraction are prohibited. During this phase, the use of talc is prohibited. After extraction, the oil must be kept in perfectly clean stainless steel containers or terracotta tanks with a food-quality glaze, which must be stored in hygienic premises. ‘Irpinia Colline dell'Ufita’ extra virgin olive oil must be packaged for release for consumption in dark-glass, ceramic or glazed terracotta bottles or in tins of a capacity of no more than 5 litres, which must be sealed and labelled. The product may also be packed in single-dose sachets made of aluminium laminate or other suitable synthetic materials allowed by law of a capacity of 10 ml, bearing the information laid down by the relevant rules along with a serial number allocated by the inspection body. The oil may be produced using organic methods. The olives must be cultivated and the oil extracted and bottled in the production area referred to in point 4.3, in order to guarantee the origin of the product, ensure that production is supervised and prevent the product being transported in bulk, which would lead to oxidation or impair its quality and cause it to lose its specific chemical and organoleptic properties, in particular the characteristic notes of herbs and tomato from its phenolic anti-oxidant content and profile of aromatic substances. The composition of the oil, characterised by a significant level of polyunsaturated fatty acids, means that it is likely to lose organoleptic quality and distinctiveness if exposed to oxygen in the air when being transferred, pumped, transported and unloaded — operations that are carried out more frequently if bottling takes place outside the production area. 4.6. Link: The aroma and flavour of ‘Irpinia Colline dell’Ufita’ PDO extra virgin olive oil derive essentially from the ‘Ravece’ variety of olive, which, when grown in the production area referred to in point 4.3, acquires particular characteristics that give the product an intense fruity taste, with a harmonious blend of bitter and spicy tones and an unmistakeable herbaceous aroma with clear notes of green tomato and artichoke. The characteristics of the area concerned, such as its microclimate and its soil, along with the special growing and processing methods used, handed down over the centuries by the olive growers of Irpinia, contribute to the production of a highly distinctive extra virgin olive oil. The direct influence of the mild climate, with only infrequent cold spells, and the location of the olive groves at high elevations are the main factors that have led to establishment of the ‘Ravece’ cultivar in the area, since this can cope with the winter and spring frosts and snowfalls. Olive trees, present in the area since Roman times, are grown on hillsides with around a 20 % slope, in more or less clayey, modestly fertile soils with poor water resources. The soils on the hills are derived from lime, marl or clay substrates and those on the plains from loose, alluvial substrates. Winters are not particularly harsh and summers not excessively hot, giving the area as a whole a climate that has been particularly suited to the establishment of olive trees over the centuries. Annual rainfall is around 700 mm and the temperature rarely falls below zero, going down to -4 °C for only very brief periods, averaging 18 °C over the year. All these factors together contribute to producing an oil whose chemical and organoleptic characteristics differ from those of all other extra virgin olive oils, thus making it unique. Steps should therefore be taken to enhance its value and protect it. As early as 1517, listed among property belonging to the capital of the Chapter of Ariano Cathedral was ‘a vineyard, with five rows, in which are two olive trees’ and an incentive to grow olive trees can be found in the name of a place near ‘Amando’ called ‘fontana dell’oliveto’ (olive-grove fountain). Other evidence is ‘a vineyard with several olive trees in Cerrito’, ‘a grove with 14 olive trees in Strabelle’, ‘a grove with olive trees in Cupe d’Ariano’ and ‘a grove with olive trees on the plain’. Olive-growing in the area saw considerable development during the nineteenth century, since in 1893, according to Nicola Flammia in his Storia della Città di Ariano (History of the City of Ariano) published that same year, ‘there are 29 olive presses in use, some within the town boundaries, some outside’. The same author also tells us that the ‘best wooded land is that in S. Liberatore, Ottaggio, Cerreto and Viaggiano’, i.e. places between 400 m and 600 m above sea level, that this produced annually ‘Oil, amphorae: a total of 50 000 tomoli , an amphora containing 2 265 grams of oil’ and that the oil cost 1,30 lire per litre or 3,00 lire per amphora. The adjective ‘Ravece’ is used as early as 1517 in the Platea Urbis et foranea by Bishop Diomede Carafa, who tells us that the Chapel of San Nicola in the Parish Church of San Matteo ‘has a grove of ravece in Sala’. The adjective is again used in the Visita Pastorale (Pastoral Visit) of Bishop Donato de Laurentiis in 1580, in which he refers to the same Chapel having ‘a grove of ravece’ in the same location. 4.7. Inspection body: Name: IS.ME.CERT. Address: Via G. Porzio — Centro direzionale Isola G/1, Scala C, 13 o piano, int. 98 80143 — Napoli ITALIA Tel. +39 0817879789 Fax +39 0816040176 e-mail: info@ismecert.it 4.8. Labelling: The name of the ‘Irpinia Colline dell’Ufita’ Protected Designation of Origin must appear on the label in distinct, indelible lettering of a colour that strongly contrasts with that of the label itself and in such a way that it can be clearly distinguished from the other information given on the label. The label must also feature the logo described below and the Community's PDO logo. The logo for the extra virgin olive oil is made up of a flower with 13 petals, taken from a decoration on a local hand-painted ceramic vase, in yellow, orange, dark red and brown, encircling the words ‘Irpinia Colline dell'Ufita’. These words are written in a circle in Post-Medieval font (medium) in white on a dark brown background. In the centre of the composition is a white circle with a narrow orange border containing the words ‘OLIO EXTRAVERGINE DI OLIVA D.O.P.’ (EXTRA VIRGIN OLIVE OIL PDO) in a circular form, in black on a white background, written in Rotis Semisans font (extra bold). In the centre, in black, is the word ‘RAVECE’ in hand-written style taken from an ancient form of Carolingian-Benevento writing. Underneath the white circle, and overlapping the lower edge of the flower is the outline of Italy with a brown dot showing the area of Ufita. A reference to the oil being produced organically is allowed. ( 1 ) CVR% OF 20 OR LESS Top",EUR-Lex - 52009XC0714(04) - EN - EUR-Lex,success,2025-10-26T12:48:04Z,110,0.0751366120218579,No,NA,NA,NA,High,NA,NA,Joffrey
52011PC0811,676dd319-e547-4133-9153-b1b92bdea26f,Proposal for a COUNCIL DECISION establishing the Specific Programme Implementing Horizon 2020 - The Framework Programme for Research and Innovation (2014-2020),PROP_DEC,2011-11-30T00:00:00Z,European Commission,13,proposal,NA,https://eur-lex.europa.eu/legal-content/EN/TXT/?uri=CELEX:52011PC0811,"| 52011PC0811 Proposal for a COUNCIL DECISION establishing the Specific Programme Implementing Horizon 2020 - The Framework Programme for Research and Innovation (2014-2020) /* COM/2011/0811 final - 2011/0402 (CNS) */ EXPLANATORY MEMORANDUM 1.           CONTEXT OF THE PROPOSAL The set of proposals for ""Horizon
2020"", drawn up fully in line with the Commission Communication 'A Budget
for Europe 2020'[1],
wholly supports the Europe 2020 strategy, which identified research and innovation
as central to achieving the objectives of smart, sustainable and inclusive
growth. The set consists of the proposals for: (1)                   
a Framework Programme for Horizon 2020 (Treaty
on the Functioning of the European Union – 'TFEU'); (2)                   
a single set of Rules for Participation and
Dissemination (TFEU); (3)                   
a single specific programme to implement Horizon
2020 (TFEU); as well as (4)                   
a single proposal for the parts of Horizon 2020
corresponding to the Euratom Treaty. The overall political narrative and
background to these legislative proposals is provided by a Commission
Communication adopted together with them, which addresses a number of major
cross-cutting elements such as simplification and how the approach to
innovation has been strengthened. Horizon 2020 contributes directly to
tackling the major societal challenges identified in Europe 2020 and its
flagship initiatives. It will contribute equally to creating industrial
leadership in Europe. It will also increase excellence in the science base,
essential for the sustainability and long term prosperity and wellbeing of
Europe. To achieve these aims, the proposals include a full range of support
that is integrated across the research and innovation cycle. Horizon 2020
therefore brings together and strengthens activities currently funded under the
7th Framework Programme for research, the innovation parts of the
Competitiveness and Innovation Framework Programme, and the European Institute
of Innovation and Technology. In this way, the proposals are also designed to
realise a substantial simplification for participants. 2.           RESULTS OF CONSULTATIONS WITH THE
INTERESTED PARTIES AND IMPACT ASSESSMENTS The preparation of the four proposals took
full account of the responses to an extensive public consultation based on a
Green Paper, ""From challenges to opportunities: towards a common strategic
framework for EU research and innovation funding"", COM(2011)48. Views were
expressed by the European Council, Member States and a wide range of
stakeholders from industry, academia and civil society. The proposals also rely on two in-depth
impact assessments, drawing on stakeholder consultations, internal and external
evaluations, and contributions from international experts. The assessments
found that the Horizon 2020 option would bring more clarity of focus, best
achieve the necessary critical mass of effort at programme and project level,
and lead to greatest impact on the policy objectives and downstream economic,
competitiveness, and social benefits, while at the same time helping to simplify
matters by e.g. easing the administrative burden for participants, streamlining
the applicable rules and procedures, ensuring consistency between instruments
and pointing to a new risk/trust balance. 3.           LEGAL ELEMENTS OF THE PROPOSAL 3.1.        Legal base The proposal integrates research and
innovation activities in a seamless way in order to achieve the policy
objectives. As such, Horizon 2020 will be based on the
TFEU Titles ""Industry"" and ""Research and technological
development and space"" (Articles 173 and 182). The related Rules for
participation and dissemination will be based on the same TFEU Titles (Articles
173, 183 and 188). The ""Industry"" basis in both cases will relate
predominantly to the European Institute of Innovation and Technology (EIT), which
will be funded by a financial contribution from Horizon 2020. The EIT will not
appear at the specific programme level. It is recalled that innovation activities
have been explicitly included in various Framework Programmes based on the
Research Title of the Treaty on the Functioning of the European Union and that
the current Framework Programmes also includes a range of innovation
activities. As a consequence, the specific programme that will implement
Horizon 2020 will be based on the TFEU Title ""Research and technological
development and space"" (Article 182) as the activities foreseen in them
will fall under those covered by this Title. The proposal for the Euratom research and
training programme contributing to Horizon 2020 is based on Article 7 of the
Euratom Treaty. 3.2.        Subsidiarity and
proportionality principles The proposals have been designed to
maximise Union added value and impact, focusing on objectives and activities
that cannot be efficiently realised by Member States acting alone. Union level
intervention can strengthen the overall research and innovation framework and
coordinate Member States' research efforts thereby avoiding duplication,
retaining critical mass in key areas and ensuring public financing is used in
an optimal way. Union level intervention enables continent-wide competition to
select the best proposals, thereby raising levels of excellence and providing
visibility for leading research and innovation. The Union level is also best
placed to support trans-national mobility, thereby improving training and
career development for researchers. A Union level programme is more able to
take on high risk and long-term R&D, thereby sharing the risk and
generating a breadth of scope and economies of scale that could not otherwise
be achieved. Union level intervention can leverage additional public and
private investments in research and innovation; contribute to the European
Research Area whereby knowledge, researchers and technology circulate freely;
and accelerate the commercialisation and diffusion of innovations across the
Single Market. Union level programmes are also needed to support policy making
as well as the objectives set by a range of policies. Full evidence is
presented in the accompanying impact assessments. 4.           BUDGETARY IMPLICATION The budget of all proposals is presented in
current prices. The legislative financial statement attached to this proposal
sets out the budgetary, human and administrative resource implications. The
Commission may use, on the basis of a cost-benefit analysis, existing executive
agencies for the implementation of Horizon 2020, as provided for in Council
Regulation (EC) No 58/2003 laying down the statute for executive agencies to be
entrusted with certain tasks in the management of Union programmes. 2011/0402 (CNS) Proposal for a COUNCIL DECISION establishing the Specific Programme
Implementing Horizon 2020 - The Framework Programme for Research and Innovation
(2014-2020) (Text with EEA relevance) THE COUNCIL OF THE EUROPEAN UNION, Having regard to the Treaty on the
Functioning of the European Union, and in particular Article 182(4) thereof, Having regard to the proposal from the
European Commission, After transmission of the draft legislative
act to the national Parliaments, Having regard to the opinion of the
European Parliament[2], Having regard to the opinion of the
European Economic and Social Committee[3], Having regard to the opinion of the
Committee of the Regions[4], Acting in accordance with a special
legislative procedure, Whereas: (1)              
In accordance with Article 182(3) of the Treaty,
Regulation (EU) No […] of the European Parliament and the Council of …
concerning Horizon 2020 – the Framework Programme for Research and Innovation
(""Horizon 2020"")[5]
– is to be implemented through a specific programme which determines the
specific objectives and rules for their implementation, fixes its duration and
provides for the means deemed necessary. (2)              
Horizon 2020 pursues three priorities, namely
generating excellent science (“Excellent science”), creating industrial
leadership (“Industrial leadership”) and tackling societal challenges
(“Societal challenges”). Those priorities should be implemented by a specific
programme consisting of three Parts on indirect actions and one Part on the
direct actions of the Joint Research Centre (JRC). (3)              
While Horizon 2020 sets out the general
objective of that framework programme, the priorities and
the broad lines of the specific objectives and
activities to be carried out, the specific programme should define the specific
objectives and the broad lines of the activities which are specific to each of
the Parts. The provisions set out in Horizon 2020 on implementation apply fully
to this specific programme, including those relating to ethical principles. (4)              
Each Part should be complementary to and
implemented in a coherent way with the other Parts of the specific programme. (5)              
There is a critical need to reinforce and extend
the excellence of the Union’s science base and ensure a supply of world class
research and talent to secure Europe's long term competitiveness and
well-being. Part I “Excellent science” should support the activities of the
European Research Council on frontier research, future and emerging
technologies, Marie Curie Actions and European research infrastructures. These activites
should aim at building competence in the long term, focusing strongly on the
next-generation of science, systems and researchers, and providing support for
emerging talent from across the Union and from associated countries. Union
activities to support excellent science should help consolidate the European
Research Area and make the Union’s science system more competitive and
attractive on a global scale. (6)              
Research actions carried out under Part I “Excellent
science” should be determined according to the needs and opportunities of
science, without pre-determined thematic priorities. The research agenda should
be set in close liaison with the scientific community. Research should be
funded on the basis of excellence. (7)              
The European Research Council should replace and
succeed the European Research Council established by Commission Decision
2007/134/EC[6].
It should operate according to the established principles of scientific
excellence, autonomy, efficiency and transparency. (8)              
In order to maintain and increase the Union's industrial leadership
there is an urgent need to stimulate
private sector research and development and innovation investment, promote
research and innovation with a business driven agenda and accelerate the
development of new technologies which will underpin future businesses and
economic growth. Part II ""Industrial leadership"" should support
investments in excellent research and innovation in key enabling technologies
and other industrial technologies, facilitate access to risk finance for
innovative companies and projects, and provide Union wide support for
innovation in small and medium-sized enterprises. (9)              
Space research and innovation, which is a shared
competence of the Union, should be included as a coherent element in Part II ""Industrial
leadership"" in order to maximize the scientific, economic and societal
impact and, to ensure an efficient and cost effective implementation. (10)          
Addressing the major societal challenges
identified in the Europe 2020 strategy[7]
requires major investments in research and innovation to develop and deploy
novel and breakthrough solutions that have the necessary scale and scope. These
challenges also represent major economic opportunities for innovative companies
and therefore contribute to the Union's competitiveness and employment. (11)          
Part III “Societal challenges” should increase
the effectiveness of research and innovation in responding to key societal
challenges by supporting excellent research and innovation activities. Those
activities should be implemented using a challenge-based approach which brings
together resources and knowledge across different fields, technologies and
disciplines. Social sciences and humanities research is an important element
for addressing all of the challenges. The activities should cover the full
range of research and innovation with an emphasis on innovation-related
activities such as piloting, demonstration, test-beds, and support for public
procurement, pre-normative research and standard setting, and market uptake of
innovations. The activities should support directly the corresponding sectoral
policy competences at Union level. All challenges should contribute to the
overarching objective of sustainable development. (12)          
As an integral part of Horizon 2020, the Joint
Research Centre (JRC) should continue to provide independent customer-driven
scientific and technical support for the formulation, development,
implementation and monitoring of Union policies. In order to achieve its
mission the Joint Research Centre should carry out research of the highest
quality. In carrying out the direct actions in accordance with its mission, the
Joint Research Centre should place particular emphasis on areas of key concern
for the Union, namely smart, inclusive and sustainable growth, security and citizenship
and Global Europe. (13)          
The direct actions of the Joint Research Centre
should be implemented in a flexible, efficient and transparent manner, taking
into account the relevant needs of the users of the Joint Research Centre and
Union policies, as well as respecting the objective of protecting the Union's
financial interests. Those research actions should be adapted where appropriate
to these needs and to scientific and technological developments and aim to
achieve scientific excellence. (14)          
The Joint Research Centre should continue to
generate additional resources through competitive activities, including
participation to the indirect actions of Horizon 2020, third party work and, to
a lesser extent, the exploitation of intellectual property. (15)          
The specific programme should complement the
actions carried out in the Member States as well as other Union actions which
are necessary for the overall strategic effort for the implementation of the
Europe 2020 Strategy, in particular with actions in the policy areas of
cohesion, agriculture and rural development, education and vocational training,
industry, public health, consumer protection, employment and social policy,
energy, transport, environment, climate action, security, marine and fisheries,
development cooperation and enlargement and neighbourhood policy. (16)          
In order to ensure that the evaluations of
Horizon 2020 properly reflect the state of the art and that the specific
conditions for the use of the finance facilities reflect market conditions, the
power to adopt acts in accordance with Article 290 of the Treaty on the Functioning
of the European Union should be delegated to the
Commission to adapt or further elaborate the
performance indicators corresponding to the specific objectives of the specific
programme and the specific conditions for use of the finance facilities. It is of particular importance that the
Commission carries out appropriate consultations during its preparatory work,
including at expert level. The Commission, when preparing and drawing-up
delegated acts, should ensure a timely and appropriate transmission of relevant
documents to the Council. (17)          
In order to ensure uniform conditions for the
implementation of the specific programme, implementing powers should be
conferred on the Commission to adopt work programmes for the implementation of
the specific programme. (18)          
The implementing powers relating to the work
programmes for Parts I, II and III, with the exception of the actions of the
European Research Council where the Commission does not depart from the
position of the Scientific Council, should be exercised in accordance with
Regulation (EU) No 182/2011 of the European Parliament and of the Council of 16
February 2011 laying down the rules and general principles concerning
mechanisms for control by the Member States of the Commission's exercise of
implementing powers[8]. (19)          
The Board of Governors of the Joint Research
Centre, set up by Commission Decision 96/282/Euratom of 10 April 1996 on the
reorganization of the Joint Research Centre[9],
has been consulted on the scientific and technological content of the specific
programme on the direct actions of the Joint Research Centre. (20)          
For reasons of legal certainty and clarity, Council
Decision 2006/971/EC of 19 December 2006 concerning the specific programme
""Cooperation"" implementing the Seventh Framework Programme of the
European Community for research, technological development and demonstration
activities (2007 to 2013)[10],
Council Decision 2006/972/EC of 19 December 2006 concerning the specific
programme ""Ideas"" implementing the Seventh Framework Programme of the
European Community for research, technological development and demonstration
activities (2007 to 2013)[11],
Council Decision 2006/973/EC of 19 December 2006 concerning the specific
programme ""People"" implementing the Seventh Framework Programme of
the European Community for research, technological development and
demonstration activities (2007 to 2013)[12],
Council Decision 2006/974/EC of 19 December 2006 concerning the specific
programme ""Capacities"" implementing the Seventh Framework Programme
of the European Community for research, technological development and
demonstration activities (2007 to 2013)[13],
and Council Decision 2006/975/EC of 19 December 2006 concerning the specific
programme to be carried out by means of direct actions by the Joint Research
Centre under the Seventh Framework Programme of the European Community for
research, technological development and demonstration activities (2007 to 2013)[14], should be repealed, HAS ADOPTED THIS DECISION: TITLE I ESTABLISHMENT Article 1
Subject matter This Decision establishes the specific
programme implementing Regulation (EU) No XX/2012 of the European Parliament
and of the Council[15]
and determines the specific objectives for Union support to the research and
innovation activities set out in Article 1 of that Regulation as well as the
rules for implementation. Article 2
Establishment of the Specific Programme 1.           The specific programme
implementing Horizon 2020 – the Framework Programme for Research and Innovation (2014-2020) (""the
specific programme"") is hereby established for the period from 1 January
2014 to 31 December 2020. 2.           In accordance with
Article 5(2) and 5(3) of Regulation (EU) No XX/2012 [Horizon 2020], the specific
programme shall consist of the following Parts: (a)         
Part I “Excellent science”; (b)         
Part II “Industrial leadership”; (c)         
Part III “Societal challenges”; (d)         
Part IV “Non-nuclear direct actions of the Joint
Research Centre (JRC)”. Article 3
Specific objectives 1.           Part I “Excellent
science” shall strengthen the excellence of European research in accordance
with the priority “Excellent science” set out in Article 5(2)(a) of Regulation
(EU) No XX/2012 [Horizon 2020] by pursuing the following specific objectives: (a)         
strengthening frontier research, through the
activities of the European Research Council (ERC); (b)         
strengthening research in Future and Emerging
Technologies; (c)         
strengthening skills, training and career
development, through the Marie Skłodowska-Curie actions (""Marie Curie
actions""); (d)         
strengthening European research infrastructures,
including e-infrastructures. The broad lines of the activities for those
specific objectives are set out in Part I of Annex I. 2.           Part II “Industrial
leadership” shall strengthen industrial leadership and competitiveness in
accordance with the priority “Industrial leadership” set out in Article 5(2)(b)
of Regulation (EU) No XX/2012 [Horizon 2020] by pursuing the following specific
objectives: (a)         
boosting Europe's industrial leadership through
research, technological development, demonstration and innovation in the
following enabling and industrial technologies: (i)      information and communication technologies; (ii)      nanotechnologies; (iii)     advanced materials; (iv)     biotechnology; (v)     advanced manufacturing and processing; (vi)     space; (b)         
enhancing access to risk finance for investing
in research and innovation; (c)         
increasing innovation in small and medium-sized
enterprises. The broad lines of the activities for those
specific objectives are set out in Part II of Annex I. There shall be specific
conditions for use of finance facilities under the specific objective in point
(b). Those conditions are set out in Point 2 of Part II of Annex I. The Commission shall be empowered to adopt
delegated acts in accordance with Article 10 for the purpose of adapting those specific conditions if economic market conditions so require
or according to the results achieved by the Competitiveness and Innovation
Programme Loan Guarantee Facility and the Risk Sharing Instrument of the
Seventh Framework Programme Risk Sharing Financial Facility. 3.           Part III “Societal
challenges” shall contribute to the priority “Societal challenges” set out in
Article 5(2)(c) of Regulation (EU) No XX/2012 [Horizon 2020] by pursuing research,
technological development, demonstration and innovation actions which
contribute to the following specific objectives: (a)         
improving the lifelong health and wellbeing; (b)         
securing sufficient supplies of safe and high
quality food and other bio-based products, by developing productive and
resource-efficient primary production systems, fostering related ecosystem
services, along side competitive and low carbon supply chains; (c)         
making the transition to a reliable, sustainable
and competitive energy system, in the face of increasing resource scarcity,
increasing energy needs and climate change; (d)         
achieving a European transport system that is
resource-efficient, environmentally-friendly, safe and seamless for the benefit
of citizens, the economy and society; (e)         
achieving a resource-efficient and climate change
resilient economy and a sustainable supply of raw materials, in order to meet
the needs of a growing global population within the sustainable limits of the
planet's natural resources; (f)           
fostering inclusive, innovative and secure
European societies in a context of unprecedented transformations and growing
global interdependencies. The broad lines of the activities for those
specific objectives are set out in Part III of Annex I. 4.           Part IV ""Non-nuclear
direct actions of the Joint Research Centre"" shall contribute to all of
the priorities set out in Article 5(2) of Regulation (EU) No XX/2012 [Horizon
2020] with the specific objective of providing customer-driven scientific and
technical support to Union policies. The broad lines of that specific objective are
set out in Part IV of Annex I. 5            The specific programme
shall be assessed in relation to results and impact as measured against performance
indicators, including, where appropriate, publications in high impact journals,
the circulation of researchers, the accessibility of research infrastructures,
investments mobilised via debt financing and venture capital, SMEs introducing
innovations new to the company or the market, references to relevant research
activities in policy documents as well as occurences of specific impacts on
policies. Further detail on the key performance
indicators which correspond to the specific objectives
set out in paragraphs 1 to 4 of this Article are set
out in Annex II. The Commission shall be empowered to adopt
delegated acts in accordance with Article 10 for the purpose of adapting those indicators in view of new developments or further elaborating
them. Article 4
Budget 1.           In accordance with Article
6(1) of Regulation (EU) No XX/2012 [Horizon 2020], the financial envelope for
the implementation of the specific programme shall be EUR 86198 million. 2.           The amount referred to in
paragraph 1 shall be distributed among the four Parts set out in Article 2(2)
of this Decision in accordance with Article 6(2) of Regulation (EU) No XX/2012
[Horizon 2020]. The indicative budgetary breakdown for the specific objectives
set out in Article 3 of this Decision and the maximum overall amount of the
contribution to the actions of the Joint Research Centre are set out in Annex
II to Regulation (EU) No XX/2012 [Horizon 2020]. 3            No more than 6 % of the
amounts referred to in Article 6(2) of Regulation (EU) No XX/2012 [Horizon
2020] for the Parts I, II and III of the specific programme shall be for the
Commission's administrative expenditure. 4.           Where necessary,
appropriations may be entered in the budget beyond 2020 to cover technical and
administrative expenses, in order to enable the management of activities not
yet completed by 31 December 2020. TITLE II IMPLEMENTATION Article 5 
Work programmes 1.           The specific programme
shall be implemented by work programmes. 2.           The Commission shall
adopt common or separate work programmes for the implementation of the Parts I,
II and III of this specific programme referred to in points (a), (b) and (c) of
Article 2(2), except for the implementation of the actions under the specific
objective “Strengthening Europe's science base in frontier research”. Those
implementing acts shall be adopted in accordance with the examination procedure referred to in Article 9(2). 3.           The work programmes for
the implementation of the actions under the specific objective “Strengthening
Europe's science base in frontier research” as established by the Scientific
Council of the European Research Council under Article 7(2)(b), shall be
adopted by the Commission, by means of an implementing act. The Commission
shall depart from the work programme established by the Scientific Council only
when it considers that it is not in accordance with the provisions of this
Decision. In that case, the Commission shall adopt the work programme by means
of an implementing act in in
accordance with the examination procedure referred to in Article 9(2). The
Commission shall duly motivate this measure. 4.           The Commission shall
adopt a separate multi-annual work programme, by means of an implementing act,
for Part IV of the specific programme concerning the non-nuclear direct actions
of the Joint Research Centre referred to in point (d) of Article 2(2). This work programme shall take into account the
opinion provided by the Board of Governors of the Joint Research Centre referred
to in Decision 96/282/Euratom. 5.           The work programmes shall
take account of the state of science, technology and, innovation at national,
Union and international level and of relevant policy, market and societal
developments. They shall contain information on coordination with research and innovation
activities carried out by Member States, including in areas where there are
joint programming initiatives. They shall be updated where appropriate. 6.           The work programmes for the implementation of the Parts I, II and III referred
to in points (a), (b) and (c) of Article 2(2) shall
set out the objectives pursued, the expected results,
the method of implementation and their total amount, including indicative
information on the amount of climate related expenditure, where appropriate.
They shall also contain a description of the actions to be financed, an
indication of the amount allocated to each action, an indicative implementation
timetable, as well as a multi-annual approach and strategic orientations for
the following years of implementation. They shall include for grants the
priorities, the essential evaluation criteria and the maximum rate of
co-financing. They shall allow for bottom-up approaches
that address the objectives in innovative ways. In addition, those work programmes shall
contain a section which identifies the cross-cutting actions as referred to in
Article 13 of Regulation (EU) No XX/2012 [Horizon 2020], across two or more
specific objectives both within the same priority and across two or more priorities.
Those actions shall be implemented in an integrated manner. Article 6 
European Research Council 1.           The Commission shall
establish a European Research Council (“ERC”), which shall be the means of implementing
the actions under the Part I “Excellent science” which relate to the specific objective “Strengthening Europe's science base in frontier research”. The European Research
Council shall succeed the European Research Council set up by Decision
2007/134/EC. 2.           The European Research
Council shall be composed of the independent Scientific Council provided for in
Article 7 and the dedicated implementation structure provided for in Article 8. 3.           The ERC shall have a
President, who shall be chosen from among senior and internationally respected
scientists. The President shall be appointed by the
Commission following a recruitment process involving a dedicated search
committee, for a term of office limited to four years, renewable once. The recruitment
process and the candidate selected shall have the approval of the Scientific
Council. The President shall chair the Scientific
Council and shall ensure its leadership and liaison with the dedicated
implementation structure, and represent it in the world of science. 4.           The European Research
Council shall operate according to the principles of scientific excellence,
autonomy, efficiency, effectiveness, transparency and accountability. It shall
ensure continuity with European Research Council actions conducted under Council
Decision 2006/972/EC. 5.           The
activities of the European Research Council shall support research carried out
across all fields by individual and transnational teams in competition at the
European level. European Research Council frontier research grants shall be
awarded on the sole criterion of excellence. 6.           The Commission shall act
as the guarantor of the autonomy and integrity of the European Research Council
and shall ensure the proper execution of the tasks entrusted to it. The Commission shall ensure that the
implementation of the European Research Council actions is in accordance with
the principles set out in paragraph 4 of this Article as well as with the
overall strategy of the Scientific Council referred to in Article 7(2). Article 7 
Scientific Council 1.           The Scientific Council
shall be composed of scientists, engineers and scholars of the highest repute
and appropriate expertise, ensuring a diversity of research areas and acting in
their personal capacity, independent of extraneous interests. The members of the Scientific Council shall be
appointed by the Commission, following an independent and transparent procedure
for their identification agreed with the Scientific Council, including a
consultation of the scientific community and a report to the European
Parliament and Council. Their term of office shall be limited to four
years, renewable once, on the basis of a rotating system which shall ensure the
continuity of the work of the Scientific Council. 2.           The Scientific Council
shall establish: (a)         
the overall strategy for the European Research Council; (b)         
the work programme for the implementation of the
European Research Council activities; (c)         
the methods and procedures for peer review and
proposal evaluation on the basis of which the proposals to be funded are
determined; (d)         
its position on any matter which from a
scientific and perspective may enhance the achievements and impact of the European
Research Council, and the quality of the research carried out; (e)         
a code of conduct addressing, inter alia, the
avoidance of conflict of interests. The Commission shall depart from the positions
established by the Scientific Council in accordance with points (a), (c), (d),
and (e) of the first subparagraph only when it considers that the provisions of
this Decision have not been respected. In that case, the Commission shall adopt
measures to maintain continuity in the implementation of the specific programme
and the achievements of its objectives, setting out the points of departure
from the Scientific Council posit",EUR-Lex - 52011PC0811 - EN - EUR-Lex,success,2025-10-26T02:58:40Z,1195,0.0334715142008851,No,NA,NA,NA,High,NA,NA,Joffrey
52007PC0462,478b5d73-e537-46b0-b4d4-db294e8a288c,Proposal for a Directive of the European Parliament and of the Council on the suppression of radio interference produced by agricultural or forestry tractors (electromagnetic compatibility) - (Codified version),PROP_DIR,2007-08-06T00:00:00Z,European Commission,13,proposal,NA,https://eur-lex.europa.eu/legal-content/EN/TXT/?uri=CELEX:52007PC0462,"Important legal notice | 52007PC0462 Proposal for a Directive of the European Parliament and of the Council on the suppression of radio interference produced by agricultural or forestry tractors (electromagnetic compatibility) - (Codified version)  /* COM/2007/0462 final - COD 2007/0016 */ [pic] | COMMISSION OF THE EUROPEAN COMMUNITIES | Brussels, 6.8.2007 COM(2007)462 final 2007/0166(COD) Proposal for a DIRECTIVE OF THE EUROPEAN PARLIAMENT AND OF THE COUNCIL on the suppression of radio interference produced by agricultural or forestry tractors (electromagnetic compatibility) (Codified version) (presented by the Commission) EXPLANATORY MEMORANDUM 1. In the context of a people’s Europe, the Commission attaches great importance to simplifying and clarifying Community law so as to make it clearer and more accessible to the ordinary citizen, thus giving him new opportunities and the chance to make use of the specific rights it gives him. This aim cannot be achieved so long as numerous provisions that have been amended several times, often quite substantially, remain scattered, so that they must be sought partly in the original instrument and partly in later amending ones. Considerable research work, comparing many different instruments, is thus needed to identify the current rules. For this reason a codification of rules that have frequently been amended is also essential if Community law is to be clear and transparent. 2. On 1 April 1987 the Commission therefore decided[1] to instruct its staff that all legislative acts should be codified after no more than ten amendments, stressing that this is a minimum requirement and that departments should endeavour to codify at even shorter intervals the texts for which they are responsible, to ensure that the Community rules are clear and readily understandable. 3. The Conclusions of the Presidency of the Edinburgh European Council (December 1992) confirmed this[2], stressing the importance of codification as it offers certainty as to the law applicable to a given matter at a given time. Codification must be undertaken in full compliance with the normal Community legislative procedure. Given that no changes of substance may be made to the instruments affected by codification , the European Parliament, the Council and the Commission have agreed, by an interinstitutional agreement dated 20 December 1994, that an accelerated procedure may be used for the fast-track adoption of codification instruments. 4. The purpose of this proposal is to undertake a codification of Council Directive 75/322/EEC of 20 May 1975 on the suppression of radio interference produced by agricultural or forestry tractors (electromagnetic compatibility)[3] . The new Directive will supersede the various acts incorporated in it[4]; this proposal fully preserves the content of the acts being codified and hence does no more than bring them together with only such formal amendments as are required by the codification exercise itself. 5. The codification proposal was drawn up on the basis of a preliminary consolidation , in all official languages, of Directive 75/322/EEC and the instruments amending it, carried out by the Office for Official Publications of the European Communities, by means of a data-processing system . Where the Articles have been given new numbers, the correlation between the old and the new numbers is shown in a table contained in Annex XIII to the codified Directive. 2007/0166(COD) 75/322/EEC (adapted) 2000/2/EC Art. 1 point 1 Proposal for a DIRECTIVE OF THE EUROPEAN PARLIAMENT AND OF THE COUNCIL on the suppression of radio interference produced by agricultural or forestry tractors (electromagnetic compatibility) (Text with EEA relevance) THE EUROPEAN PARLIAMENT AND THE COUNCIL OF THE EUROPEAN UNION, Having regard to the Treaty establishing the European Community, and in particular Article  95  thereof, Having regard to the proposal from the Commission, Having regard to the opinion of the European Economic and Social Committee[5], Acting in accordance with the procedure laid down in Article 251 of the Treaty[6], Whereas: (1) Council Directive 75/322/EEC of 20 May 1975 on the suppression of radio interference produced by agricultural or forestry tractors (electromagnetic compatibility)[7] has been substantially amended several times[8]. In the interests of clarity and rationality the said Directive should be codified. 2000/2/EC Recital 1 (adapted) (2)  Directive 75/322/EEC is one of the separate Directives of the EC type-approval system provided for in Council Directive 74/150/EEC, as replaced by Directive 2003/37/EC of the European Parliament and of the Council of 26 May 2003 on type-approval of agricultural or forestry tractors, their trailers and interchangeable towed machinery, together with their systems, components and separate technical units and repealing Directive 74/150/EEC[9], and lays down technical prescriptions concerning the suppression of radio interference produced by agricultural or forestry tractors (electromagnetic compatibility). Those technical prescriptions concern the approximation of the laws of the Member States to enable the EC type-approval procedure provided for in Directive 2003/37/EC to be applied in respect of each type of tractor. Consequently the provisions laid down in Directive 2003/37/EC relating to agricultural and forestry tractors, their trailers and interchangeable towed machinery, together with their systems, components and separate technical units apply to this Directive. (3) This Directive should be without prejudice to the obligations of the Member States relating to the time-limits for transposition into national law and application of the Directives set out in Annex XII, Part B, 2000/2/EC Art. 1 point 2 (adapted) HAVE ADOPTED THIS DIRECTIVE: Article 1 For the purposes of this Directive, ‘vehicle’ means any vehicle as defined in  Article 2(d) of Directive 2003/37/EC  . Article 2 No Member State may refuse to grant EC type-approval or national type-approval to a vehicle, system, component or separate technical unit on grounds relating to electromagnetic compatibility if the requirements of  Annexes I to XI  are fulfilled. 2000/2/EC Art. 1 point 4 (adapted) Article 3 This Directive shall constitute  ‘another Community directive’  for the purposes of Article 1(4) of Directive 2004/108/EC of the European Parliament and of the Council[10] . 75/322/EEC (adapted) Article 4 The amendments necessary to adapt the requirements of Annexes  I to XI  to take account of technical progress shall be adopted in accordance with the procedure  referred to  in Article  20(2) of Directive 2003/37/EC  . Article 5 Member States shall communicate to the Commission the text of the main provisions of national law which they adopt in the field covered by this Directive. Article 6 Directive 75/322/EEC, as amended by the acts listed in Annex XII, Part A, is repealed, without prejudice to the obligations of the Member States relating to the time-limits for transposition into national law and application of the Directives set out in Annex XII, Part B. References to the repealed Directive shall be construed as references to this Directive and shall be read in accordance with the correlation table in Annex XIII. Article 7 This Directive shall enter into force on the twentieth day following that of its publication in the Official Journal of the European Union . It shall apply from… 75/322/EEC Article 8 This Directive is addressed to the Member States. Done at Brussels, For the European Parliament For the Council The President The President LIST OF ANNEXES ANNEX I | REQUIREMENTS TO BE MET BY VEHICLES AND ELECTRICAL/ELECTRONIC SUB-ASSEMBLIES FITTED TO A VEHICLE | Appendix 1 | Vehicle broadband reference limits: Antenna—vehicle separation: 10 m | Appendix 2 | Vehicle broadband reference limits: Antenna—vehicle separation: 3 m | Appendix 3 | Vehicle narrowband reference limits: Antenna—vehicle separation: 10 m | Appendix 4 | Vehicle narrowband reference limits: Antenna—vehicle separation: 3 m | Appendix 5 | Broadband reference limits of electrical/electronic sub-assembly | Appendix 6 | Narrowband reference limits of electrical/electronic sub-assembly | Appendix 7 | Example of the EC type-approval mark | ANNEX II | Information document No … pursuant to Annex I to Directive 2003/37/EC relating to EC type-approval of an agricultural or forestry tractor concerning electromagnetic compatibility (Directive [75/322/EEC]) | Appendix 1 | Appendix 2 | ANNEX III | Information document No … relating to EC type-approval of an electrical/electronic sub-assembly with respect to electromagnetic compatibility (Directive [75/322/EEC]) | Appendix 1 | Appendix 2 | ANNEX IV | MODEL: EC TYPE-APPROVAL CERTIFICATE ""VEHICLE"" | Appendix to EC type-approval certificate No … | ANNEX V | MODEL: EC TYPE-APPROVAL CERTIFICATE ""ESA"" | Appendix to EC type-approval certificate No … | ANNEX VI | METHOD OF MEASUREMENT OF RADIATED BROADBAND ELECTROMAGNETIC EMISSIONS FROM VEHICLES | Appendix 1 | Figure 1 | TRACTOR TEST AREA | Figure 2 | POSITION OF ANTENNA RELATIVE TO TRACTOR | ANNEX VII | METHOD OF MEASUREMENT OF RADIATED NARROWBAND ELECTROMAGNETIC EMISSIONS FROM VEHICLES | ANNEX VIII | METHOD OF TESTING FOR IMMUNITY OF VEHICLES TO ELECTROMAGNETIC RADIATION | Appendix 1 | Appendix 2 | Appendix 3 | Characteristics of test signal to be generated | ANNEX IX | METHOD OF MEASUREMENT OF RADIATED BROADBAND ELECTROMAGNETIC EMISSIONS FROM ELECTRICAL/ELECTRONIC SUB-ASSEMBLIES | Appendix 1 | Figure 1 | Electrical/electronic sub-assembly test area boundary | Appendix 2 | Figure 1 | Radiated electromagnetic emissions from an ESA test layout (General plan view) | Figure 2 | Radiated electromagnetic emissions from an ESA view of test bench plane of longitudinal symmetry | ANNEX X | METHOD OF MEASUREMENT OF RADIATED NARROWBAND ELECTROMAGNETIC EMISSIONS FROM ELECTRICAL/ELECTRONIC SUB-ASSEMBLIES | ANNEX XI | METHOD(S) OF TESTING FOR IMMUNITY OF ELECTRICAL/ELECTRONIC SUB-ASSEMBLIES TO ELECTROMAGNETIC RADIATION | Appendix 1 | Figure 1 | 150 mm Stripline testing | Figure 2 | 150 mm Stripline testing | Figure 3 | 800 mm Stripline testing | Figure 4 | 800 mm Stripline dimensions | Appendix 2 | Figure 1 | Example of BCI test configuration | Appendix 3 | Figure 1 | TEM cell testing | Figure 2 | Design of rectangular TEM cell | Figure 3 | Typical TEM cell dimensions | Appendix 4 | Free field ESA immunity test | Figure 1 | Test layout (general plan view) | Figure 2 | View of test bench plane of longitudinal symmetry | ANNEX XII: | Part A: Repealed Directive with list of its successive amendments | Part B: List of time-limits for transposition into national law and application | ANNEX XIII: | Correlation table | 2000/2/EC Art. 1 point 5 and Annex ANNEX I REQUIREMENTS TO BE MET BY VEHICLES AND ELECTRICAL/ELECTRONIC SUB-ASSEMBLIES FITTED TO A VEHICLE 1. SCOPE 1.1. This Directive applies to the electromagnetic compatibility of vehicles covered by Article 1. It also applies to electrical or electronic separate technical units intended to be fitted to the vehicles. 2. Definitions 2.1. For the purposes of this Directive: 2.1.1. ‘Electromagnetic compatibility’ means the ability of a vehicle or component(s) or separate technical unit(s) to function satisfactorily in its electromagnetic environment without introducing intolerable electromagnetic disturbances to anything in that environment. 2.1.2. ‘Electromagnetic disturbance’ means any electromagnetic phenomenon which may degrade the performance of a vehicle or component(s) or separate technical unit(s). An electromagnetic disturbance may be electromagnetic noise, an unwanted signal or a change in the propagation medium itself. 2.1.3. ‘Electromagnetic immunity’ means the ability of a vehicle or component(s) or separate technical unit(s) to perform without degradation of performance in the presence of specified electromagnetic disturbances. 2.1.4. ‘Electromagnetic environment’ means the totality of electromagnetic phenomena existing at a given location. 2.1.5. ‘Reference limit’ means the nominal level to which type-approval and conformity of production limit values are referenced. 2.1.6. ‘Reference antenna’ for the frequency range 20 to 80 MHz: means a shortened balanced dipole being a half wave resonant dipole at 80 MHz, and for the frequency range above 80 MHz: means a balanced half wave resonant dipole tuned to the measurement frequency. 2.1.7. ‘Broadband emission’ means an emission which has a bandwidth greater than that of a particular measuring apparatus or receiver. 2.1.8. ‘Narrowband emission’ means an emission which has a bandwidth less than that of a particular measuring apparatus or receiver. 2.1.9. ‘Electrical/electronic system’ means (an) electrical and/or electronic device(s) or set(s) of devices together with any associated electrical connections which form part of a vehicle but which are not intended to be type approved separately from the vehicle. 2000/2/EC Art. 1 point 5 and Annex (adapted) 2.1.10. ‘Electrical/electronic sub-assembly’ (ESA) means an electrical and/or electronic device or set(s) of devices intended to be part of a vehicle, together with any associated electrical connections and wiring, which performs one or more specialised functions. An ESA may be approved at the request of a manufacturer as either a ‘component’ or a ‘separate technical unit (STU)’ (see  Article 4(1)(c) of Directive 2003/37/EC  ). 2000/2/EC Art. 1 point 5 and Annex 2.1.11. ‘Vehicle type’ in relation to electromagnetic compatibility means vehicles which do not differ essentially in such respects as: 2.1.11.1. the overall size and shape of the engine compartment; 2.1.11.2. the general arrangement of the electrical and/or electronic components and the general wiring arrangement; 2.1.11.3. the primary material of which the body or shell (if applicable) of the vehicle is constructed (for example, a steel, aluminium or fibreglass body shell); the presence of panels of different material does not change the vehicle type provided the primary material of the body is unchanged; however, such variations must be notified. 2.1.12. An ‘ESA type’ in relation to electromagnetic compatibility means ESAs which do not differ in such essential respects as: 2.1.12.1. the function performed by the ESA; 2.1.12.2. the general arrangement of the electrical and/or electronic components, if applicable. 3. Application for EC TYPE-APPROVAL 3.1. Approval of a vehicle type 2000/2/EC Art. 1 point 5 and Annex (adapted) 3.1.1. The application for approval of a vehicle type, with regard to its electromagnetic compatibility pursuant to Article  4(1) of Directive 2003/37/EC  shall be submitted by the vehicle manufacturer. 2000/2/EC Art. 1 point 5 and Annex 3.1.2. A model for the information document is set out in Annex II. 2000/2/EC Art. 1 point 5 and Annex (adapted) 3.1.3. The vehicle manufacturer shall draw up a schedule describing all projected combinations of relevant vehicle electrical/electronic systems or ESAs, body styles, variations in body material, general wiring arrangements, engine variations, left-hand/right-hand drive versions and wheelbase versions. Relevant vehicle electrical/electronic systems or ESAs are those which may emit significant broadband or narrowband radiation and/or those which are involved in the driver's direct control (see point 6.4.2.3 ) of the vehicle. 2000/2/EC Art. 1 point 5 and Annex 3.1.4. A representative vehicle shall be selected from this schedule for the purpose of being tested, in mutual agreement between the manufacturer and the competent authority. This vehicle shall represent the vehicle type (see Appendix 1 to Annex II). The choice of vehicle shall be based on the electrical/electronic systems offered by the manufacturer. One more vehicle may be selected from this schedule for the purpose of being tested if it is considered by mutual agreement between the manufacturer and the competent authority that different electrical/electronic systems are included which are likely to have a significant effect on the vehicle's electromagnetic compatibility compared with the first representative vehicle. 3.1.5. The choice of the vehicle(s) in conformity with point 3.1.4 is limited to vehicle/electrical/electronic system combinations intended for actual production. 3.1.6. The manufacturer may supplement the application with a report from tests which have been carried out. Any such data provided may be used by the approval authority for the purpose of drawing up the EC type-approval certificate. 3.1.7. If the technical service responsible for the type-approval test carries out the test itself, then a vehicle representative of the type to be approved, according to point 3.1.4 shall be provided. 3.2. Approval of a type of ESA 2000/2/EC Art. 1 point 5 and Annex (adapted) 3.2.1. The application for approval of a type of ESA with regard to its electromagnetic compatibility pursuant to Article  4(1) of Directive 2003/37/EC  shall be submitted by the vehicle manufacturer or by the manufacturer of the ESA. 3.2.2. A model for the information document is set out in Annex III. 3.2.3. The manufacturer may supplement the application with a report from tests which have been carried out. Any such data provided may be used by the approval authority for the purpose of drawing up the EC type-approval certificate. 3.2.4. If the technical service responsible for the type-approval test carries out the test itself, then a sample of the ESA system representative of the type to be approved shall be provided, if necessary, after discussion with the manufacturer on, for example, possible variations in the layout, the number of components and the number of sensors. If the technical service deems it necessary, it may select a further sample. 3.2.5. The sample(s) must be clearly and indelibly marked with the manufacturer's trade name or mark and the type designation. 3.2.6. Where applicable, any restrictions on use  shall  be identified. Any such restrictions  shall  be included in  the information document set out in  Annex III and/or  in the EC type-approval certificate set out in Annex  V. 2000/2/EC Art. 1 point 5 and Annex 4. TYPE-APPROVAL 4.1. Routes to type-approval 4.1.1. Type-approval of a vehicle The following alternative routes to type-approval of a vehicle may be used at the discretion of the vehicle manufacturer. 4.1.1.1. Approval of a vehicle installation 2000/2/EC Art. 1 point 5 and Annex (adapted) A vehicle installation may achieve type-approval directly by following the provisions laid down in point 6 . If this route is chosen by a vehicle manufacturer, no separate testing of electrical/electronic systems or ESAs is required. 4.1.1.2. Approval of vehicle type by testing of individual ESAs A vehicle manufacturer may obtain approval for the vehicle by demonstrating to the approval authority that all the relevant (see point 3.1.3 ) electrical/electronic systems or ESAs have individually been approved in accordance with this Directive and have been installed in accordance with any conditions attached thereto. 4.1.1.3. A manufacturer, if he wishes, may obtain approval pursuant to this Directive if the vehicle has no equipment of the type which is subject to immunity or emission tests. The vehicle shall have no systems as specified in point 3.1.3 (immunity) and no spark ignition equipment. Such approvals  shall  not require testing. 2000/2/EC Art. 1 point 5 and Annex 4.1.2. Type-approval of an ESA Type-approval may be granted to an ESA to be fitted either to any vehicle type or to a specific vehicle type or types requested by the manufacturer. ESAs involved in the direct control of vehicles will normally receive type-approval in conjunction with a vehicle manufacturer. 4.2. Granting of type-approval 4.2.1. Vehicle 2000/2/EC Art. 1 point 5 and Annex (adapted) 4.2.1.1. If the representative vehicle fulfils the requirements of this Directive, EC type-approval pursuant to Article 4 of Directive  2003/37/EC  shall be granted. 4.2.1.2. A model for the EC type-approval certificate is set out in Annex IV. 4.2.2. ESA 4.2.2.1. If the representative ESA system(s) fulfil(s) the requirements of this Directive, EC type-approval pursuant to Article 4 of Directive  2003/37/EC  shall be granted. 2000/2/EC Art. 1 point 5 and Annex 4.2.2.2. A model for the EC type-approval certificate is given in Annex V. 4.2.3. In order to draw up the certificates referred to in point 4.2.1.2 or 4.2.2.2, the competent authority of the Member State granting the approval may use a report prepared by an approved or recognised laboratory or in accordance with the provisions of this Directive. 4.3. Amendments to approvals 2000/2/EC Art. 1 point 5 and Annex (adapted) 4.3.1. In the case of amendments to approvals granted pursuant to this Directive, the provisions of Article  5(2) and (3) of Directive 2003/37/EC  shall apply. 2000/2/EC Art. 1 point 5 and Annex 4.3.2. Amendment of a vehicle type-approval by ESA addition or substitution. 4.3.2.1. Where a vehicle manufacturer has obtained approval for a vehicle installation and wishes to fit an additional or substitutional electrical/electronic system or ESA which has already received approval pursuant to this Directive, and which will be installed in accordance with any conditions attached thereto, the vehicle approval may be amended without further testing. The additional or substitutional electrical/electronic system or ESA shall be considered as part of the vehicle for conformity of production purposes. 4.3.2.2. Where the additional or substitutional part(s) has (have) not received approval pursuant to this Directive, and if testing is considered necessary, the whole vehicle shall be deemed to comply if the new or revised part(s) can be shown to comply with the relevant requirements of point 6 or if, in a comparative test, the new part can be shown not to be likely to adversely affect compliance of the vehicle type. 4.3.2.3. The addition by a vehicle manufacturer to an approved vehicle of standard domestic or business equipment, other than mobile communication equipment[11] which complies with Directive 2004/108/EC, and is installed according to the recommendations of the equipment and vehicle manufacturers, or the substitution or removal thereof, shall not invalidate the vehicle approval. This shall not preclude vehicle manufacturers fitting communication equipment with suitable installations guidelines developed by the vehicle manufacturer and/or manufacturer(s) of such communication equipment. The vehicle manufacturer shall provide evidence (if requested by the test authority) that vehicle performance is not adversely affected by such transmitters. This may be a statement that the power levels and installation are such that the immunity levels of this Directive offer sufficient protection when subject to transmission alone, namely excluding transmission in conjunction with the tests specified in point 6. This Directive does not authorise the use of a communication transmitter when other requirements on such equipment or its use apply. A vehicle manufacturer may refuse to install in his vehicle standard domestic or business equipment which complies with Directive 2004/108/EC. 5. Marking 5.1. Every ESA conforming to a type approved pursuant to this Directive shall bear an EC type-approval mark. 2000/2/EC Art. 1 point 5 and Annex (adapted) 5.2. This mark shall consist of a rectangle surrounding the letter ‘e’ followed by the distinguishing number of the Member State which has granted EC type-approval: 2000/2/EC Art. 1 point 5 and Annex 2003 Act of Accession, Art. 20 and Annex II, pt. 1(A)(13), p. 57 2006/96/EC Art. 1 and Annex, pt. A.12. 1 for Germany; 2 for France; 3 for Italy; 4 for the Netherlands; 5 for Sweden; 6 for Belgium;  7 for Hungary; 8 for the Czech Republic;  9 for Spain; 11 for the United Kingdom; 12 for Austria; 13 for Luxembourg; 17 for Finland; 18 for Denmark;  19 for Romania;   20 for Poland;  21 for Portugal; 23 for Greece; 24 for Ireland;  26 for Slovenia; 27 for Slovakia; 29 for Estonia; 32 for Latvia;   34 for Bulgaria;   36 for Lithuania; 49 for Cyprus; 50 for Malta. 2000/2/EC Art. 1 point 5 and Annex (adapted) It must also include in the vicinity of the rectangle the four-digit sequential number (with leading zeros as applicable) — hereinafter referred to as ‘base approval number’ — contained in Section 4 of the type-approval number shown on the EC type-approval certificate issued for the type of device in question (see Annex V), preceded by the two figures indicating the sequence number assigned to the most recent major technical amendment to Directive 75/322/EEC  , as replaced by this Directive,  on the date EC component type-approval was granted. 2000/2/EC Art. 1 point 5 and Annex 5.3. The EC type-approval mark must be affixed to the main part of the ESA (for example the electronic control unit) in such a way as to be clearly legible and indelible. 5.4. An example of the EC type-approval mark is set out in Appendix 7. 5.5. No marking is required for electrical/electronic systems included in vehicle types approved by this Directive. 5.6. Markings on ESAs in compliance with point 5.3 need not be visible when the ESA is installed in a vehicle. 6. Specifications 6.1. General specification 6.1.1. A vehicle (and its electrical/electronic system(s) or ESAs) shall be so designed, constructed and fitted as to enable the vehicle, in normal conditions of use, to comply with the requirements of this Directive. 6.2. Specifications concerning broadband electromagnetic radiation from vehicles fitted with spark ignition 6.2.1. Method of measurement The electromagnetic radiation generated by the vehicle representative of its type shall be measured using the method described in Annex VI at either of the defined antenna distances. The choice shall be made by the vehicle manufacturer. 6.2.2. Vehicle broadband reference limits 6.2.2.1. If measurements are made using the method described in Annex VI using a vehicle-to-antenna spacing of 10,0 ± 0,2 m, the radiation reference limits shall be 34 dB microvolts/m (50 microvolts/m) in the 30 to 75 MHz frequency band and 34 to 45 dB microvolts/m (50 to 180 microvolts/m) in the 75 to 400 MHz frequency band, this limit increasing logarithmically (linearly) with frequencies above 75 MHz as shown in Appendix 1 to this Annex. In the 400 to 1 000 MHz frequency band the limit remains constant at 45 dB microvolts/m (180 microvolts/m). 6.2.2.2. If measurements are made using the method described in Annex VI using a vehicle-to-antenna spacing of 3,0 ± 0,05 m, the radiation reference limits shall be 44 dB microvolts/m (160 microvolts/m) in the 30 to 75 MHz frequency band and 44 to 55 dB microvolts/m (160 to 562 microvolts/m) in the 75 to 400 MHz frequency band, this limit increasing logarithmically (linearly) with frequencies above 75 MHz as shown in Appendix 2 to this Annex. In the 400 to 1 000 MHz frequency band the limit remains constant at 55 dB microvolts/m (562 microvolts/m). 6.2.2.3. On the vehicle representative of its type, the measured values, expressed in dB microvolts/m, (microvolts/m), shall be at least 2,0 dB (20 %) below the reference limits. 6.3. Specifications concerning narrowband electromagnetic radiation from vehicles 6.3.1. Method of measurement The electromagnetic radiation generated by the vehicle representative of its type shall be measured using the method described in Annex VII at either of the defined antenna distances. The choice shall be made by the vehicle manufacturer. 6.3.2. Vehicle narrowband reference limits 6.3.2.1. If measurements are made using the method described in Annex VII using a vehicle-to-antenna spacing of 10,0 ± 0,2 m, the radiation-reference limits shall be 24 dB microvolts/m (16 microvolts/m) in the 30 to 75 MHz frequency band and 24 to 35 dB microvolts/m (16 to 56 microvolts/m) in the 75 to 400 MHz frequency band, this limit increasing logarithmically (linearly) with frequencies above 75 MHz as shown in Appendix 3 of this Annex. In the 400 to 1 000 MHz frequency band the limit remains constant at 35 dB microvolts/m (56 microvolts/m). 6.3.2.2. If measurements are made using the method described in Annex VII using a vehicle-to-antenna spacing of 3,0 ± 0,05 m, the radiation reference limit shall be 34 dB microvolts/m (50 microvolts/m) in the 30 to 75 MHz frequency band and 34 to 45 dB microvolts/m (50 to 180 microvolts/m) in the 75 to 400 MHz frequency band, this limit increasing logarithmically (linearly) with frequencies above 75 MHz as shown in Appendix 4 to this Annex. In the 400 to 1 000 MHz frequency band the limit remains constant at 45 dB microvolts/m (180 microvolts/m). 6.3.2.3. On the vehicle representative of its type, the measured values, expressed in dB microvolts/m (microvolts/m), shall be at least 2,0 dB (20 %) below the reference limit. 6.3.2.4. Notwithstanding the limits defined in points 6.3.2.1, 6.3.2.2 and 6.3.2.3 of this Annex, if, during the initial step described in point 1.3 of Annex VII, the signal strength measured at the vehicle broadcast radio antenna is less than 20 dB microvolts/m (10 microvolts/m) over the frequency range 88 to 108 MHz, then the vehicle shall be deemed to comply with the limits for narrowband emissions and no further testing will be required. 6.4. Specifications concerning immunity of vehicles to electromagnetic radiation 6.4.1. Method of testing The immunity to electromagnetic radiation of the vehicle representative of its type shall be tested by the method described in Annex VIII. 6.4.2. Vehicle immunity reference limits. 6.4.2.1. If tests are made using the method described in Annex VIII, the field strength reference level shall be 24 volts/m rms in over 90 % of the 20 to 1 000 MHz frequency band and 20 volts/m rms over the whole 20 to 1 000 MHz frequency band. 6.4.2.2. The vehicle representative of its type shall be considered as complying with immunity requirements if, during the tests performed in accordance with Annex VIII, and subjected to a field strength, expressed in volts/m, of 25 % above the reference level, there shall be no abnormal change in the speed of the driven wheels of the vehicle, no degradation of performance which would cause confusion to other road users, and no degradation in the driver's direct control of the vehicle which could be observed by the driver or other road user. 6.4.2.3. The driver's direct control of the vehicle is exercised by means of, for example, steering, braking, or engine speed control. 6.5. Specification concerning broadband electromagnetic interference generated by ESAs 6.5.1. Method of measurement The electromagnetic radiation generated by the ESA representative of its type shall be measured by the method described in Annex IX. 6.5.2. ESA broadband reference limits 6.5.2.1. If measurements are made using the method described in Annex IX, the radiation reference limits shall be 64 to 54 dB microvolts/m (1 600 to 500 microvolts/m) in the 30 to 75 MHz frequency band, this limit decreasing logarithmically (linearly) with frequencies above 30 MHz, and 54 to 65 dB microvolts/m (500 to 1 800 microvolts/m) in the 75 to 400 MHz band, this limit increasing logarithmically (linearly) with frequencies above 75 MHz as shown in Appendix 5 to this Annex. In the 400 to 1 000 MHz frequency band the limit remains constant at 65 dB microvolts/m (1 800 microvolts/m). 6.5.2.2. On the ESA representative of its type, the measured values, expressed in dB microvolts/m, (microvolts/m) shall be at least 2,0 dB (20 %) below the reference limits. 6.6. Specifications concerning narrowband electromagnetic interference generated by ESAs 6.6.1. Method of measurement The electromagnetic radiation generated by the ESA representative of its type shall be measured by the method described in Annex X. 6.6.2. ESA narrowband reference limits. 6.6.2.1. If measures are made using the method described in Annex X, the radiation reference limits shall be 54 to 44 dB microvolts/m (500 to 160 microvolts/m) in the 30 to 75 MHz frequency band, this limit decreasing logarithmically (linearly) with frequencies above 30 MHz, and 44 to 55 dB microvolts/m (160 to 560 microvolts/m) in the 75 to 400 MHz band, this limit increasing logarithmically (linearly) with frequencies above 75 MHz as shown in Appendix 6 to this Annex. In the 400 to 1 000 MHz frequency band the limit remains constant at 55 dB microvolts/m (560 microvolts/m). 6.6.2.2. On the ESA representative of its type, the measured value, expressed in dB microvolts/m (microvolts/m) shall be at least 2,0 dB (20 %) below the reference limits. 6.7. Specifica",EUR-Lex - 52007PC0462 - EN - EUR-Lex,success,2025-10-26T04:52:33Z,483,0.0366603415559772,No,NA,NA,NA,High,NA,NA,Joffrey
52014XC0506(01),1d9c8da3-d4f2-11e3-8cd4-01aa75ed71a1,Communication from the Commission — European Commission Guidance concerning baseline reports under Article 22(2) of Directive 2010/75/EU on industrial emissions,COMMUNIC,2014-05-06T00:00:00Z,European Commission,15,manual,COMMUNIC,https://eur-lex.europa.eu/legal-content/EN/TXT/?uri=CELEX:52014XC0506(01),"6.5.2014 EN Official Journal of the European Union C 136/3 COMMUNICATION FROM THE COMMISSION European Commission Guidance concerning baseline reports under Article 22(2) of Directive 2010/75/EU on industrial emissions 2014/C 136/03 CONTENTS 1. Introduction 2. Objective of this guidance 3. Scope of this guidance 4. Legal provisions concerning a baseline report 4.1. Relevant text in the IED 4.2. Key words and phrases used in the IED 4.3. Landfill Directive 5. Stages in producing a baseline report 5.1. Stage 1: Identifying the hazardous substances that are currently used, produced or released at the installation 5.2. Stage 2: Identifying the relevant hazardous substances 5.3. Stage 3: Assessment of the site-specific pollution possibility 5.4. Stage 4: Site history 5.5. Stage 5: Environmental setting 5.6. Stage 6: Site characterisation 5.7. Stage 7: Site investigation 5.8. Stage 8: Production of the baseline report Appendix – baseline investigation and report checklist 1. INTRODUCTION Article 22(1) of Directive 2010/75/EU on industrial emissions (IED) provides that, ‘Without prejudice to Directive 2000/60/EC, Directive 2004/35/EC, Directive 2006/118/EC of the European Parliament and of the Council of 12 December 2006 on the protection of groundwater against pollution and deterioration ( 1 ) and to relevant Union law on soil protection, the competent authority shall set permit conditions to ensure compliance with paragraphs 3 and 4 of this Article upon definitive cessation of activities’. Article 22, paragraphs 2 to 4, contains provisions for the definitive cessation of activities involving the use, production or release of relevant hazardous substances in order to prevent and tackle potential soil and groundwater contamination from such substances. A key tool in this respect is the establishment of a ‘baseline report’. Where an activity involves the use, production or release of relevant hazardous substances and having regard to the possibility of soil and groundwater contamination, a baseline report is to be drawn up before starting the operation of the installation or before a permit for the installation is updated for the first time after 7 January 2013. The report will form the basis for a comparison with the state of contamination upon definitive cessation of activities. Where information produced pursuant to other national or Union law reflects the state at the time the report is drawn up, that information may be included in, or attached to, the baseline report. Article 3(19) of the IED clarifies that the baseline report needs to provide information on the state of soil and groundwater contamination by relevant hazardous substances. Article 22(2) specifies that a baseline report should contain at least the following information: ‘(a) information on the present use and, where available, on past uses of the site; and (b) where available, existing information on soil and groundwater measurements that reflect the state at the time the report is drawn up or, alternatively, new soil and groundwater measurements having regard to the possibility of soil and groundwater contamination by those hazardous substances to be used, produced or released by the installation concerned.’ According to the last subparagraph of Article 22(2) of the IED, ‘the Commission shall establish guidance on the content of the baseline report.’ That guidance is established in the present Communication, for the Member States to use in the course of IED implementation. Likewise, the Commission will use it when assessing the information related to the baseline report in Member States’ reports on the implementation of the IED. It is considered that this guidance can generally be applied to all installations falling within the scope of Chapter II of the IED. However, it is important when deciding on the course of action for developing a baseline report at the installation level that consideration is given to the need for such a report to be as comprehensive as possible. It is in the operator’s interest to ensure that the state of contamination of soil and groundwater identified in the baseline report is sufficiently detailed as this information will be used to determine which contamination has been added in the course of the operation of the installation concerned since the baseline has been established. 2. OBJECTIVE OF THIS GUIDANCE This guidance aims to clarify in a practical manner the wording and intent of the IED so that Member States implement it in a consistent manner. However, it is not a legally binding interpretation of the IED. The only legally binding text remains that of the IED itself. Furthermore, an official interpretation of the IED can only be given by the European Court of Justice. 3. SCOPE OF THIS GUIDANCE This guidance provides information on the legal provisions concerning a baseline report and covers the following elements of Article 22 of the IED that should be addressed in the baseline report: (i) Determining whether a baseline report is required to be produced; (ii) Designing baseline investigations; (iii) Designing a sampling strategy; (iv) Developing the baseline report. This guidance does not cover those elements of Article 22 concerning actions required at the definitive cessation of activities as described in Article 22(3) and (4). 4. PROVISIONS REFERRING TO A BASELINE REPORT 4.1. Relevant text in the IED The following key elements from the text of the IED are of relevance in relation to baseline reports. Article 3 – Definitions (2) ‘pollution’ means the direct or indirect introduction, as a result of human activity, of substances, vibrations, heat or noise into air, water or land which may be harmful to human health or the quality of the environment, result in damage to material property, or impair or interfere with amenities and other legitimate uses of the environment; (3) ‘installation’ means a stationary technical unit within which one or more activities listed in Annex I or in Part 1 of Annex VII are carried out, and any other directly associated activities on the same site which have a technical connection with the activities listed in those Annexes and which could have an effect on emissions and pollution; (18) ‘hazardous substances’ means substances or mixtures as defined in Article 3 of Regulation (EC) No 1272/2008 of the European Parliament and of the Council of 16 December 2008 on classification, labelling and packaging of substances and mixtures; (19) ‘baseline report’ means information on the state of soil and groundwater contamination by relevant hazardous substances; (20) ‘groundwater’ means groundwater as defined in point 2 of Article 2 of Directive 2000/60/EC of the European Parliament and of the Council of 23 October 2000 establishing a framework for Community action in the field of water policy; (21) ‘soil’ means the top layer of the Earth’s crust situated between the bedrock and the surface. The soil is composed of mineral particles, organic matter, water, air and living organisms. Article 12 – Applications for permits (1) Member States shall take the necessary measures to ensure that an application for a permit includes a description of the following: (d) the conditions of the site of the installation; (e) where applicable, a baseline report in accordance with Article 22(2). Article 22 – Site closure (2) Where the activity involves the use, production or release of relevant hazardous substances and having regard to the possibility of soil and groundwater contamination at the site of the installation, the operator shall prepare and submit to the competent authority a baseline report before starting operation of an installation or before a permit for an installation is updated for the first time after 7 January 2013. The baseline report shall contain the information necessary to determine the state of soil and groundwater contamination so as to make a quantified comparison with the state upon definitive cessation of activities. The baseline report shall contain at least the following information: (a) information on the present use and, where available, on past uses of the site; (b) where available, existing information on soil and groundwater measurements that reflect the state at the time the report is drawn up or, alternatively, new soil and groundwater measurements having regard to the possibility of soil and groundwater contamination by those hazardous substances to be used, produced or released by the installation concerned. Where information produced pursuant to other national or Union law fulfils the requirements of this paragraph that information may be included in, or attached to, the submitted baseline report. The Commission shall establish guidance on the content of the baseline report. (3) Upon definitive cessation of the activities, the operator shall assess the state of soil and groundwater contamination by relevant hazardous substances used, produced or released by the installation. Where the installation has caused significant pollution of soil or groundwater by relevant hazardous substances compared to the state established in the baseline report referred to in paragraph 2, the operator shall take the necessary measures to address that pollution so as to return the site to that state. For that purpose, the technical feasibility of such measures may be taken into account. Without prejudice to the first subparagraph, upon definitive cessation of the activities, and where the contamination of soil and groundwater at the site poses a significant risk to human health or the environment as a result of the permitted activities carried out by the operator before the permit for the installation is updated for the first time after 7 January 2013 and taking into account the conditions of the site of the installation established in accordance with Article 12(1)(d), the operator shall take the necessary actions aimed at the removal, control, containment or reduction of relevant hazardous substances, so that the site, taking into account its current or approved future use, ceases to pose such a risk. (4) Where the operator is not required to prepare a baseline report referred to in paragraph 2, the operator shall, upon definitive cessation of the activities, take the necessary actions aimed at the removal, control, containment or reduction of relevant hazardous substances, so that the site, taking into account its current or approved future use, ceases to pose any significant risk to human health or the environment due to the contamination of soil and groundwater as a result of the permitted activities and taking into account the conditions of the site of the installation established in accordance with Article 12(1)(d). 4.2. Key words and phrases used in the IED For the purpose of this guidance the following clarifications are provided to enhance understanding of the following terms used in the context of the IED. ‘Relevant hazardous substances’ (Article 3(18) and Article 22(2), first subparagraph) are those substances or mixtures defined within Article 3 of Regulation (EC) No 1272/2008 on the classification, labelling and packaging of substances and mixtures (CLP Regulation) which, as a result of their hazardousness, mobility, persistence and biodegradability (as well as other characteristics), are capable of contaminating soil or groundwater and are used, produced and/or released by the installation. ‘The possibility of soil and groundwater contamination at the site of the installation’ (Article 22(2), first subparagraph) covers a number of important elements. Firstly, due consideration should be given in a baseline report to the quantities of hazardous substances concerned – where very small quantities are used, produced or released on the site of the installation then the possibility of contamination is likely to be insignificant for the purpose of producing a baseline report. Secondly, baseline reports must consider the soil and groundwater characteristics of the site and the impact of those characteristics on the possibility of soil and groundwater contamination taking place. Thirdly, for existing installations, their characteristics may be considered where they are such that it is impossible in practice that contamination can take place. The term ‘contamination’ is understood as being interchangeable with the term ‘pollution’ as defined in Article 3(2) of the IED. ‘Quantified comparison’ (Article 22(2), second subparagraph) requires the ability for both the extent and degree of contamination to be compared between a baseline report and that at the time of the definitive cessation of activities. Solely qualitative comparisons are therefore excluded by the use of this term in Article 22(2). It is in the operator’s interest to ensure that quantification is sufficiently accurate and precise to enable a meaningful comparison at the definitive cessation of activities. The ‘information necessary to determine the state of soil and groundwater contamination’ (Article 22(2), second subparagraph) is understood as including at least the following two elements: — Information on the present use and, where available, on past uses of the site. In the context of this requirement, the term ‘where available’ should be understood as being accessible to the operator of the installation whilst having regard to the reliability of such information on past uses. — Information on the concentrations in the soil and groundwater of those relevant hazardous substances that will be used, produced or released by the installation. Where known future developments at the site at the time the report is drawn up may result in additional hazardous substances being used, produced or released, it is advisable to include information on the concentrations in the soil and groundwater of those relevant hazardous substances as well. Where such information does not already exist, new measurements should be taken where there is a possibility of soil and groundwater contamination by those hazardous substances to be used, produced or released by the installation (see also above on the meaning of ‘Quantified’). 4.3. Landfill Directive Landfills represent a particular type of activity under the IED (Annex I, activity 5.4) as they are also covered by Council Directive 1999/31/EC on the landfill of waste (Landfill Directive). Article 1(2) of the Landfill Directive makes clear that for those landfills that are subject to the IPPC Directive (2008/1/EC), the relevant technical requirements are contained within the Landfill Directive and that the relevant technical requirements of the IPPC Directive are fulfilled when the Landfill Directive is complied with. As the provisions of Article 22 of the IED were not included under the former IPPC Directive, it cannot be concluded that in case of landfills no baseline report would be required. The provisions of the Landfill Directive, in particular point 3 of its Annex I (general requirements concerning the protection of soil and groundwater) should ensure that no hazardous materials enter into the soil and groundwater. Furthermore, the Landfill Directive contains several useful elements for drawing up a baseline report, which should be complemented on a case-by-case basis. For the quantification of the soil and groundwater status, particular procedures and methods may be necessary to take account of the particular features of a landfill (lining). In case other directly associated activities take place on the site of a landfill, these may require by themselves that a baseline report has to be produced. 5. STAGES IN PRODUCING A BASELINE REPORT A number of key tasks should be undertaken to both determine whether a baseline report needs to be produced for a particular situation and in order to produce the baseline report itself. Eight stages have been identified in this process, covering the following main elements: Stages 1-3 : to decide whether a baseline report is required; Stages 4-7 : to determine how a baseline report has to be prepared; Stage 8 : to determine the content of the report. Where during stages 1-3 it is demonstrated on the basis of the available information that a baseline report is not required, there is no need to progress to the later stages. A record of such a demonstration should be made and held by the competent authority, including the reasons for such a decision. It may be that an installation that is not required to produce a baseline report would make changes to the activities on site in the future such that a baseline report will be required, for example when hazardous substances are proposed to be included in a new process for the first time. In that case, the need to produce a baseline report in connection with the update of the permit shall be reassessed in line with this guidance. Where possible, use should be made of existing information for completing stages 1 to 5. In some cases, information supplied in accordance with the requirements of Directive 2011/92/EU on the assessment of the effects of certain public and private projects on the environment may be usefully used to inform elements of the baseline report. Also, the following sources of information might be of relevance for drawing up the baseline report: — information gathered in the context of Directive 2012/18/EU of the European Parliament and of the Council of 4 July 2012 on the control of major-accident hazards involving dangerous substances (Seveso III Directive), in particular in relation to stage 4; — information included in the BAT reference documents, especially the one on Emissions from Storage, in particular in relation to stages 6 and 7. However, where this is not possible new information should be collected. Whilst the stages are numbered 1-8 for ease of reference, it is possible for the stages to be undertaken in a different order or simultaneously. Table 5.1 Main stages of preparing the baseline report Stage Activity Objective 1. Identify which hazardous substances are used, produced or released at the installation and produce a list of these hazardous substances. Determine whether or not hazardous substances are used, produced or released in view of deciding on the need to prepare and submit a baseline report. 2. Identify which of the hazardous substances from Stage 1 are ‘relevant hazardous substances’ (see Section 4.2). Discard those hazardous substances that are incapable of contaminating soil or groundwater. Justify and record the decisions taken to exclude certain hazardous substances. To restrict further consideration to only the relevant hazardous substances in view of deciding on the need to prepare and submit a baseline report. 3. For each relevant hazardous substance brought forward from Stage 2, identify the actual possibility for soil or groundwater contamination at the site of the installation, including the probability of releases and their consequences, and taking particular account of: — the quantities of each hazardous substance or groups of similar hazardous substances concerned; — how and where hazardous substances are stored, used and to be transported around the installation; — where they pose a risk to be released; — In case of existing installations also the measures that have been adopted to ensure that it is impossible in practice that contamination of soil or groundwater takes place. To identify which of the relevant hazardous substances represent a potential pollution risk at the site based on the likelihood of releases of such substances occurring. For these substances, information must be included in the baseline report. 4. Provide a site history. Consider available data and information: — In relation to the present use of the site, and on emissions of hazardous substances which have occurred and which may give rise to pollution. In particular, consider accidents or incidents, drips or spills from routine operations, changes in operational practice, site surfacing, changes in the hazardous substances used. — Previous uses of the site that may have resulted in the release of hazardous substances, be they the same as those used, produced or released by the existing installation, or different ones. Review of previous investigation reports may assist in compiling this data. Identify potential sources which may have resulted in the hazardous substances identified in Stage 3 being already present on the site of the installation. 5. Identify the site’s environmental setting including: — Topography; — Geology; — Direction of groundwater flow; — Other potential migration pathways such as drains and service channels; — Environmental aspects (e.g. particular habitats, species, protected areas etc.); and — Surrounding land use. Determine where hazardous substances may go if released and where to look for them. Also identify the environmental media and receptors that are potentially at risk and where there are other activities in the area which release the same hazardous substances and may cause them to migrate onto the site. 6. Use the results of Stages 3 to 5 to describe the site, in particular demonstrating the location, type, extent and quantity of historic pollution and potential future emissions sources noting the strata and groundwater likely to be affected by those emissions – making links between sources of emissions, the pathways by which pollution may move and the receptors likely to be affected. Identify the location, nature and extent of existing pollution on the site and to determine which strata and groundwater might be affected by such pollution. Compare with potential future emissions to see if areas are coincident. 7. If there is sufficient information to quantify the state of soil and groundwater pollution by relevant hazardous substances on the basis of Stages (1) to (6) then go directly to Stage 8. If insufficient information exists then intrusive investigation of the site will be required in order to gather such information. The details of such investigation should be clarified with the competent authority. Collect additional information as necessary to allow a quantified assessment of soil and groundwater pollution by relevant hazardous substances. 8. Produce a baseline report for the installation that quantifies the state of soil and groundwater pollution by relevant hazardous substances. Provide a baseline report in line with the IED. Each of the 8 stages is explained in further detail below. 5.1. Stage 1: Identifying the hazardous substances that are currently used, produced or released at the installation Produce a list of all hazardous substances dealt with inside the installation boundary (either as raw materials, products, intermediaries, by-products, emissions or wastes). This should include all hazardous substances associated with both the IED Annex I activities and directly associated activities which have a technical connection to the activities carried out and which could have an effect on soil or groundwater pollution. Where hazardous substances are listed under trade names the chemical constituents should also be identified. For mixtures or compounds the relative proportion of the largest constituent chemicals should be identified. 5.2. Stage 2: Identifying the relevant hazardous substances From the list produced in Stage 1, determine the potential pollution risk of each hazardous substance by considering its chemical and physical properties such as: composition, physical state (solid, liquid, and gas), solubility, toxicity, mobility, persistence, etc. This information should be used to determine whether or not the substance has the potential to cause pollution of soil and groundwater. The data, together with the rationale used to interpret it, should be presented so it is clear in the baseline report why substances have been excluded or included. Where a group of substances display similar characteristics they may be considered together provided that justification for the grouping is given. Sources of information may include the classification and labelling inventory which contains classification and labelling information on substances notified under Regulation (EC) No 1272/2008 (the CLP Regulation) and chemical information on substances registered under Regulation (EC) No 1907/2006 (the REACH Regulation). Other sources of information can also include the risk assessment reports for 141 chemicals under Council Regulation (EEC) No 793/93 (Existing Substances Regulation). All these sources can be found on the ECHA website ( 2 ) . Where it is clear that the hazardous substances used, produced or released at the installation are incapable of causing contamination of soil and groundwater a baseline report does not need to be produced. The identified relevant hazardous substances should be taken forward to Stage 3 for further consideration. 5.3. Stage 3: Assessment of the site-specific pollution possibility Each substance brought forward from Stage 2 should be considered in the context of the site to determine whether circumstances exist which may result in the release of the substance in sufficient quantities to represent a pollution risk, either as a result of a single emission or as a result of accumulation from multiple emissions. Specific issues to be considered include: (i) The quantity of each hazardous substance handled, produced or emitted in relation to its environmental effects. Caution must be exercised given that a continuous leakage of a limited quantity over a period of time may cause significant pollution. Where input-output information is held on hazardous substances this should be examined to determine possible emissions to soil and groundwater; (ii) The location of each hazardous substance on the site e.g. where it is or will be delivered, stored, used, moved around the site, emitted etc., in particular in view of the characteristics of the soil and groundwater at that part of the site; (iii) In case of existing installations: the presence and integrity of containment mechanisms, nature and condition of site surfacing, location of drains, services or other potential conduits for migration. The method of storage, handling and use of relevant hazardous substances needs to be identified and whether there are any containment mechanisms to prevent emissions occurring; e.g. bunds, hard-standing, handling procedures. A detailed physical inspection of the site is to be undertaken to verify the integrity and efficiency of the measures to prevent releases occurring. Examples of the types of information to be gathered are: — whether structures and site surfacing are cracked or damaged. Identify whether joints or cracks are present in the vicinity of potential emission points; — whether there are signs of chemical attack to concrete surfaces; — whether process drains are in good condition. Where safe to do so, inspect manholes, gullies and open drains; — identify drainage routes, service corridors etc. and locate outfalls; — identify signs of emissions already having been made, examine their nature and extent and consider the likelihood of emissions recurring; — identify whether any direct or indirect emissions of hazardous substances to ground or groundwater occur on site. Based on the above, the circumstances under which an emission to soil or groundwater may occur and the likelihood of such emissions should be described and the substances which may be emitted to the environment and result in a potential pollution risk should be identified. Circumstances under which emissions may occur include: Accidents/Incidents e.g. tanker overturning on site road; vessel rupturing; leaking underground tank; seal breaking; accidental discharge; leaks from drain ruptures; fire; Routine operations e.g. drips during delivery or from pipe joints, small spills during decanting/transfer of product, leaks from blocked or broken drains, cracks in concrete hard-standing; Planned emissions e.g. discharges to land or groundwater. Where it is apparent that due to the quantities of the hazardous substances used, produced or released at the installation, or due to the soil and groundwater characteristics of the site there is no significant possibility for contamination of soil or groundwater, then a baseline report is not required. In case of existing installations, where measures are taken which make it impossible in practice that contamination of soil or groundwater occurs, a baseline report is also not required. Where, as a result of this stage, it is considered that a baseline report is not required it is still expected that a record of such a decision, including the reasons for the decision, will be made by the operator and further assessed and held by the competent authority. 5.4. Stage 4: Site history The purpose of this section is to determine which of the relevant hazardous substances identified by Stage 3 have the potential to be present on site in the soil and groundwater already as a result of activities to date and to determine whether they are coincident with potential future emission points. The site history should consider both (i) the history of the site prior to development of the current/proposed installation and (ii) the operational history of the current/proposed installation as follows: (i) List the former uses of the site from green field to development of the proposed installation. Identify whether these uses are likely to have involved any of the relevant hazardous substances identified in Stage 3. If so, where were they likely to have been handled, what is the likelihood of emissions to soil/groundwater having occurred and what remediation, if any, has been undertaken? Where available, site specific data should be used. (ii) For an installation which is already operational at the time of producing a baseline report, what is the likelihood of emissions having occurred during the history of operations at the site? Specific points worth considering are: — Location, nature and extent of accidents, incidents, or direct discharges made historically (permitted or otherwise) which might have caused a release of relevant hazardous substances to soil or groundwater — What changes or improvements have been made to the process, chemicals handled, storage locations, disposal methods etc. and why? For example, were they as a result of a previous incident, accident, near miss etc., were they made to reduce the risk of emissions, to improve efficiency, reduce waste etc. Do they indicate emissions may have occurred? — Maintenance records – do these show good integrity for drains, tanks, bunds, pipelines etc.? Have they been kept since the start of the activity or were they introduced recently? — Details of site investigations undertaken previously and remedial works carried out. — Physical inspection data gathered during Stage 3 may also provide information on the presence of staining, evidence of corrosion, presence of new surfacing, etc. 5.5. Stage 5: Environmental setting As a result of Stages 1-4 the locations on the site are identified where future emissions could occur and where emissions may already have occurred. Stage 5 aims to determine the fate of any such emissions, the strata and groundwater which may be affected and to establish the extent and depth to which the land needs to be characterised. This requires an understanding of the characteristics of the ground and groundwater at of the site as well as the surrounding areas that may influence the site of the installation itself. Where available, site specific data should be used. When not available use reference data, qualitative/subjective assessment, inferred or extrapolated data. In each case the source of the data should be identified, and where this is not site specific justification for the use of the selected data and include details of any margins of error which apply. In considering the site characteristics the following data should be collated: Topography Local topography and type of ground surface (concrete, open ground etc.) in the vicinity of each emission point will dictate the immediate effect of any emissions, as will the location of the emission in relation to the ground surface (e.g. ground level, above ground, overhead pipe work, below ground level etc.). The type and slope of the ground surface can be shown on a site plan. In addition, the base of bunded compounds, pits etc. relative to the surrounding ground level should be clearly identified, particularly where they are below ground level (either in part or in full). Geology and Hydrogeology Provide a description of the soil and rock strata beneath the site and the physico-chemical properties of each strata which may influence the fate and tran",EUR-Lex - 52014XC0506(01) - EN - EUR-Lex,success,2025-10-27T08:27:03Z,321,0.0533222591362126,No,NA,NA,NA,High,NA,NA,Joffrey
51994PC0387(01),ec59c73c-b659-43a9-95c9-6ba3b1c8ee7f,"Proposal for a COUNCIL REGULATION (EC) on the conclusion of the Protocol establishing, for the period from 1 July 1994 to 30 June 1997, the fishing rights and financial compensation provided for in the Agreement between the European Community and the Government of the Republic of Equatorial Guinea on fishing off the coast of Equatorial Guinea",PROP_REG,1994-09-16T00:00:00Z,European Commission,11,proposal,NA,https://eur-lex.europa.eu/legal-content/EN/TXT/?uri=CELEX:51994PC0387(01),"Do you want to help improving EUR-Lex ? This is a list of experimental features that you can enable. These features are still under development; they are not fully tested, and might reduce EUR-Lex stability. Don't forget to give your feedback! This document is an excerpt from the EUR-Lex website EU law EU case-law Official Journal National law and case-law Information Document 51994PC0387(01) Proposal for a COUNCIL REGULATION (EC) on the conclusion of the Protocol establishing, for the period from 1 July 1994 to 30 June 1997, the fishing rights and financial compensation provided for in the Agreement between the European Community and the Government of the Republic of Equatorial Guinea on fishing off the coast of Equatorial Guinea Proposal for a COUNCIL REGULATION (EC) on the conclusion of the Protocol establishing, for the period from 1 July 1994 to 30 June 1997, the fishing rights and financial compensation provided for in the Agreement between the European Community and the Government of the Republic of Equatorial Guinea on fishing off the coast of Equatorial Guinea Proposal for a COUNCIL REGULATION (EC) on the conclusion of the Protocol establishing, for the period from 1 July 1994 to 30 June 1997, the fishing rights and financial compensation provided for in the Agreement between the European Community and the Government of the Republic of Equatorial Guinea on fishing off the coast of Equatorial Guinea /* COM/94/387 final - CNS 94/0207 */ Languages and formats available",EUR-Lex - 51994PC0387(01) - EN - EUR-Lex,success,2025-10-25T19:15:28Z,9,0.0489130434782608,No,NA,NA,NA,High,NA,NA,Joffrey
52013PC0017,587066a8-3549-42ae-b0cf-ebbb47f53eb7,"COMMUNICATION FROM THE COMMISSION TO THE EUROPEAN PARLIAMENT, THE COUNCIL, THE EUROPEAN ECONOMIC AND SOCIAL COMMITTEE AND THE COMMITTEE OF THE REGIONS Clean Power for Transport: A European alternative fuels strategy",COMMUNIC,2013-01-24T00:00:00Z,European Commission,7,manual,COMMUNIC,https://eur-lex.europa.eu/legal-content/EN/TXT/?uri=CELEX:52013PC0017,"| 52013PC0017 COMMUNICATION FROM THE COMMISSION TO THE EUROPEAN PARLIAMENT, THE COUNCIL, THE EUROPEAN ECONOMIC AND SOCIAL COMMITTEE AND THE COMMITTEE OF THE REGIONS Clean Power for Transport: A European alternative fuels strategy /* COM/2013/017 final */ COMMUNICATION FROM THE COMMISSION TO
THE EUROPEAN PARLIAMENT, THE COUNCIL, THE EUROPEAN ECONOMIC AND SOCIAL
COMMITTEE AND THE COMMITTEE OF THE REGIONS Clean Power for Transport: A European
alternative fuels strategy 1.           Introduction Europe is heavily dependent on imported oil for its mobility and
transport: in 2010, oil counted for 94% of energy
consumed in transport, with 55% the largest consumer, 84% of it imported, with
a bill of up to € 1 billion a day in 2011, leading to a significant deficit in
the EU trade balance of around 2.5% of GDP. Our supply of oil, and thus our
mobility, depend to a large degree on politically unstable regions raising
security of supply concerns. Price hikes driven by speculation on the impact of
oil supply disruptions have cost the European economy an additional € 50
billion per year over the last four years. The effect of the oil dependency on the European economy is too
large to neglect – the Union must act to end it. A strategy for the transport
sector to gradually replace oil with alternative fuels and build up the
necessary infrastructure could bring savings on the oil import bill of € 4.2
billion per year in 2020, increasing to € 9.3 billion per year in 2030, and
another € 1 billion per year from dampening of price hikes. Support to the market development of alternative
fuels and investment in their infrastructure in Europe will
boost growth and a wide range of jobs in the EU. Research
convened by the European Climate Foundation finds that 'greening' cars could
generate about 700,000 additional jobs by 2025. Vigorous action of the Union as
a first-mover on innovative alternative fuel solutions (for instance on batteries and powertrains) will also create new
market opportunities for European industry and bolster Europe's competitiveness
on the emerging global market. Whilst further efficiency improvements spurred
by EU regulations on vehicle emissions of CO2 will continue to represent the
lowest hanging fruits in the short to medium term, low-CO2 alternatives to oil are
also indispensable for a gradual decarbonisation of
transport, a key
objective of the Europe 2020 strategy for smart,
sustainable and inclusive growth[1], towards the target of a 60% reduction of CO2
emissions from transport by 2050 set out in the ""Roadmap to a Single
European Transport Area – Towards a Competitive and Resource Efficient
Transport System"" (2011 White Paper on Transport)[2]. Such fuels are often also
beneficial in helping urban areas to meet Union air quality obligations. Powered two-wheelers, using different alternative fuels, could also contribute
to these objectives. At present, the market development of alternative fuels is still
held back by technological and commercial short-comings, lack of consumer
acceptance and missing adequate infrastructure. The current high cost of
innovative alternative fuel applications is largely a consequence of these
shortcomings. Initatives to support alternative transport fuels exist at both
EU and national level but a coherent and stable overarching strategy with an
investment friendly
regulatory framework needs to be put in place. For these reasons, this Communication sets out a
comprehensive alternative fuels strategy and the road to its implementation
covering all modes of transport. It aims at establishing a long-term policy
framework to guide technological development and investments in the deployment
of these fuels and give confidence to consumers. An accompanying
legislative proposal[3] provides a general direction for the
development of alternative fuels in the Single European Transport Area. Member
States would have the flexibility to develop policy frameworks for the market
development of alternative fuels in their national context. The proposal also
sets binding targets for the necessary infrastructure build-up, including
common technical specifications. For electric recharging points, the proposal provides
a single connector solution ensuring interoperability across the EU and
certainty for the market. The strategy proposed in this Communication builds
on substantial work with industry, public authorities
and civil society - in the European Expert
Group on Future Transport Fuels[4],[5],
the Joint Expert Group Transport & Environment[6], Cars 21[7],
public consultation[8], and studies[9]. For a long time the Union has invested in research and development
into alternative fuels. The Commission's proposal for energy taxation based on CO2 emissions
and energy content[10]
supports alternative fuels. EU legislation limiting the CO2 emissions
from cars and vans[11]
has stimulated industry to develop low-CO2 alternative fuel technologies. However, previous
European initiatives supporting alternative fuels[12], including market quota[13] and favourable taxation[14], have been followed up in
uneven and disjointed ways. Some Member States have adopted ambitious targets on the deployment
of alternative fuels and taken initiatives on infrastructure[15] with some progress seen. In
other Member States, discussions on initiatives have only started recently and
progress is slow. But there is a common trend throughout the European Union to
use the potential of alternative fuels in transport. Different technological
choices in different parts of Europe, however, have led to a fragmentation of
the internal market, creating technology border lines inhibiting the mobility
of alternatively fuelled vehicles across Europe. Market penetration is hampered
by the lack of infrastructure and common technical specifications, and requires
additional specific policy measures. Europe-wide coordination is needed to ensure proper functioning of
the internal market and large-scale deployment of alternative fuels. A stable
policy framework with binding targets for infrastructure build-up is essential
to attract private investment into alternative fuel and infrastructure roll-out,
without burdening public budgets. Public intervention creating a clear
regulatory framework should ensure consumer trust in the early stages of market
take-up and complement the significant efforts already being made by Member
States and industry. 2.           A
comprehensive Mix of Alternative Fuels A consistent long-term strategy on alternative
fuels has to meet the energy needs of all transport modes and be consistent with
the EU 2020 strategy, including decarbonisation. However, the alternatives
available and their cost differ between modes. The benefits of alternative
fuels are initially larger in urban areas where pollutant emissions are of
great concern and in freight transport where alternatives have reached a
sufficient level of maturity. For certain modes of transport, in particular
long-distance road freight and aviation, limited alternatives are available.
There is no single fuel solution for the future of mobility and all main
alternative fuel options must be pursued, with a focus on the needs of each
transport mode. A strategic approach for the Union to meet the long-term needs of
all transport modes must therefore build on a
comprehensive mix of alternative fuels. All options
need to be included in the strategy without giving preference to any particular
fuel, thereby keeping technology neutrality. EU-wide availability and common
technical specifications should be provided for all alternative fuels presented
in table 1. Table 1: Coverage of transport modes and travel range by the main alternative fuels Security of energy
supply to transport is warranted by the wide diversification of sources for the
different alternative fuels, in particular through the use of the universal
energy carriers of electricity and hydrogen, and the close link to renewable
energy sources. 2.1.        LPG (Liquefied
Petroleum Gas) LPG (Liquefied Petroleum Gas) is a by-product of the hydrocarbon
fuel chain. Its use in transport increases resource efficiency. Currently, it
derives from crude oil and natural gas; and in the future possibly also from
biomass. Currently, gas (natural gas as well as LPG) is being flared of in huge
quantity [16]
(140 billion cubic meter in 2011). LPG is widely used in Europe, accounting for
3% of motor fuels and powering 9 million cars. LPG infrastructure is well
established, with some 28,000 dispensing sites in the EU but with a very uneven
distribution across the Member States. Its advantage consisting in producing low
pollutant emissions, however, has been diminishing as the EURO standards have
progressed to lower general emission limits. There remains, however, a clear
advantage in particulate emissions. LPG might still expand its market share but
will likely remain a niche market. 2.2.        Natural
gas including biomethane Natural gas can be supplied from large
fossil fuel reserves[17],
from biomass and waste as biomethane, where production should come from
sustainable sources, and in future also from ""methanisation"" of
hydrogen generated from renewable electricity[18].
All can be injected into the natural gas grid for supply from a single network.
Natural gas offers a long-term perspective in terms of security of supply to
transport and a large potential to contribute to the diversification of transport
fuels. It also offers significant enviromental benefits, in particular when it
is blended with biomethane and provided that fugitive emissions are minimised. Natural
gas also presents an advantage in lower emissions. LNG
(Liquefied Natural Gas) Natural gas in
liquefied form (LNG) with high energy density offers a cost-efficient
alternative to diesel for waterborne activities (transport, offshore services, and
fisheries), trucks and rail, with lower pollutant and CO2 emissions and higher energy efficiency. LNG is
particularly suited for long-distance road freight transport for which
alternatives to diesel are extremely limited. Trucks might be able to meet the
more stringent pollutant emission limits of future EURO VI standards
cost-efficiently. LNG is also an
attractive fuel option for vessels in particular to meet the new limits for
sulphur content in marine fuels decreasing from 1 % to 0.1 % from 1 January
2015 in Sulphur Emission Control Areas (SECAs) in the Baltic Sea, North Sea and
English Channel as set by the International Maritime Organisation (IMO)[19]. These obligations will be
relevant for about half of the 10,000 ships currently engaged in intra-EU shipping.
LNG is an attractive economic alternative also for shipping outside SECAs,
where sulphur limits will decrease from 3.5% to 0.5% from 1 January 2020, and
globally. Lack of fuelling
infrastructure and common technical specifications on refuelling equipment and
safety regulations for bunkering hamper market uptake[20]. LNG in shipping, on the other
hand, could be economically viable, with current EU prices considerably lower
than for heavy fuel oil and low sulphur marine gasoil, and prospects of
increasing spreads in future. LNG development into
a global commodity can improve security of energy supply in general by boosting
the use of natural gas as fuel for transport. LNG use in transport can also
increase the value of gas otherwise flared. CNG
(Compressed Natural Gas): Natural gas
vehicle technology is mature for the broad market,
with close to 1 million vehicles on the road in Europe and around 3,000 filling
stations. Additional refuelling stations could easily be supplied from the
existing dense natural gas distribution network in Europe, provided the quality
of gas is sufficient for CNG vehicles. CNG vehicles have
low pollutant emissions and have therefore rapidly gained ground in urban
fleets of buses, utility trucks and taxis. Optimised gas-only vehicles can have
higher energy efficiency. An economically
viable market development could be expected by private initiatives as CNG
vehicles are competitive with conventional vehicles in price and performance,
and natural gas is cheaper than petrol and diesel. But public intervention is
necessary to avoid fragmented EU level markets and to enable EU-wide mobility
for CNG vehicles. GTL
(Gas-To-Liquid) Natural gas can also
be transformed to a liquid fuel by first decomposing it to a ""synthesis
gas"", consisting of hydrogen and carbon monoxide, and then by refining to
a synthetic fuel with the same technical characteristics as conventional fuels,
fully compatible with existing combustion engines and fuel infrastructure.
Synthetic fuels can also be produced from waste feedstock. They improve the security
of supply and reduce pollutant emissions of present vehicles. Moreover they promote
advanced engine technologies of higher energy efficiency. High cost, however,
presently limits market take-up. 2.3         Electricity Electric vehicles
(EVs), using a highly efficient electric motor for propulsion, can be supplied by
electricity from the grid, coming increasingly from low-CO2 energy sources. Flexible recharging of vehicle
batteries, at times of little demand or ample supply, supports the integration
of renewable energy into the power system. EVs emit no pollutants and no noise and
are therefore particularly suited for urban areas. Hybrid configurations,
combining internal combustion engines and electric motors, can save oil and
reduce CO2 emissions by improving the overall energy efficiency of
propulsion (up to 20%) but are, without external recharging possibilities, not
an alternative fuel technology. The technology
of electric vehicles is maturing, and the
deployment of EVs is picking up. Member States aim to have 8-9 million EVs on
the road by 2020. The main issues are high cost, low energy density and heavy
weight of batteries. These limit the driving range of vehicles considerably.
Normal recharging takes several hours. Fast, possibly inductive recharging or
battery swapping can alleviate the problem. Improvements in battery technology
are essential for the market take-up of EVs. Electric two-wheelers share all
the assets of EVs and can support their broad market penetration. Lack of recharging
points, with a common plug, is a major obstacle to market uptake. They would
need to be located at home, at the workplace and also in public spaces. At
present, the majority of Member States do not have sufficient number of
publicly accessible recharging points, and have not announced policies to
develop an adequate network of recharging facilities. EVs can also be
used for electricity storage and grid stabilisation and, in order to allow for
a flexible electricity pricing system based on demand/supply, a controlled
interaction with the electricity network will be needed. Electricity can
supply clean power also to waterborne transport. Shore-side electricity use by
ships berthed at ports has been recommended where air quality or noise limits
are exceeded[21]. 2.4.      Biofuels
(liquid) Biofuels are currently the most important type of alternative fuels,
accounting for 4.4%[22]
in EU transport. They can contribute to a
substantial reduction in overall CO2 emissions, if they are produced sustainably
and do not cause indirect land use change. They could provide clean power to
all modes of transport. However, supply constraints and sustainability
considerations may limit their use. Biofuels can be produced from a wide range of feedstock through technologies
in constant evolution and used directly or blended with conventional fossil
fuels. They include bioethanol, biomethanol and higher bioalcohols, biodiesel
(fatty-acid methyl ester, FAME), pure vegetable oils, hydrotreated vegetable
oils, dimethyl ether (DME), and organic compounds. First generation biofuels are based on food crops
and animal fats. They mainly include biodiesel and bioethanol. In order to mitigate against possible impacts of some biofuels, the
Commission has proposed[23]
to limit the amount of first generation biofuels that can be counted towards
the Renewable Energy Directive[24]
targets to 5%, and increased the incentives for advanced
biofuels such as those made from
ligno-cellulosic biomass, residues, waste, and other non-food biomass,
including algae and microorganisms. Post 2020, the Commission is of the
opinion that only the latter biofuels should receive public support. Liquid biofuels commercially
available today are mainly ""first generation"" biofuels. Blends with
conventional fossil fuels are compatible with the existing fuel infrastructure,
and most vehicles and vessels are compatible with the blends currently
available (E10 - petrol with up to 10% bioethanol and diesel with up to 7% FAME
biodiesel content). Higher blends may require minor adaptations of power trains,
and corresponding fuel standards need to be developed. High-level
petrol-ethanol blend containing 85% ethanol (E85) is used in only few Member
States in flexible fuel vehicles (FFVs) that can also use lower blends. Consumer acceptance
of biofuels has been hampered by the lack of coordinated action across Member States
when introducing new fuel blends, the lack of common technical specifications,
and the lack of information on the compatibility of new fuels with vehicles. Some biofuels such
as hydro-treated vegetable oils can be blended at any ratio with conventional
fuels and are fully compatible with existing refuelling infrastructure and road
vehicles, vessels, locomotives, and planes for up to 50% blends. For aviation, advanced
biofuels are the only low-CO2 option for substituting kerosene. The
compatibility of bio-kerosene with today's planes has been proven. Cost,
however, has to become competitive. The 'Flightpath 2050'[25] initiative aims at 75%
reduction in CO2 emissions and 90% reduction in nitrogen oxide (NOx)
emissions. 2.5.        Hydrogen Hydrogen is a universal energy carrier and can be produced from all
primary energy sources. It can serve as transport fuel and as storage medium
for energy from solar and wind power. Its use therefore has the potential to
improve the security of energy supply and reduces CO2 emissions. Hydrogen is most efficiently deployed in
a fuel cell which is twice as efficient as a combustion engine. It may also be
used as feedstock to produce liquid fuels of various kinds that can be blended
in or substitute normal petrol and diesel fuels. The technology for
hydrogen fuel cell vehicles is maturing, and is being demonstrated in passenger
cars, city buses[26],
light vans and inland ship applications. They have performance, range and
refuelling times comparable to gasoline and diesel vehicles. Presently about
500 vehicles are in operation, and around 120 hydrogen refuelling stations in
place. Industry has announced a roll-out of vehicles, including hydrogen
powered two-wheelers, for the next years, and several Member States plan for
hydrogen refuelling networks. European type approval regulation includes
hydrogen vehicles. The main issues are
high cost of fuel cells and the absence of a refuelling infrastructure network.
Industry studies indicate that costs can be reduced to the levels of conventional
petrol and diesel vehicles by 2025[27]. Ships and vessels
can use clean power supply by hydrogen-supplied fuel cells. Small boats have
run on hydrogen while larger vessels would mainly use auxiliary power supplied by
hydrogen fuel cells when they are at berth. Fuel cells operated with hydrogen
could replace diesel engines in trains. 3            Priority
Fields for further EU Action Priorities for further action need to be
set according to the stage of technological maturity and market development as
well as future perspective of the different fuels, focussing on infrastructure,
technical specifications, consumer information, co-ordination of public
expenditures to reduce costs and improve impacts, and R&D. 3.1  Addressing alternative fuels infrastructure The proposal for a ""Directive on the
deployment of alternative fuels infrastructure""[28] is a major step to solve the
""chicken and egg"" problem where alternative fuel infrastructure is
not built as there is an insufficient number of vehicles and vessels, the
manufacturing industry does not produce them at competitive prices as there is
insufficient consumer demand, and consumers in consequence do not purchase them.
This proposal provides for sufficient infrastructure coverage to ensure
economies of scale on the supply side and network effects on the demand side. It
focuses on the fuels where failures of market coordination are particularly
relevant, that is electricity, hydrogen and natural gas (LNG and CNG). Without
such an action all other efforts to promote alternative fuels risk remaining
ineffective. The Commission has initiated work towards a
comprehensive strategy on LNG for shipping, involving in particular the
European Maritime Safety Agency (EMSA) and representatives from industry. This
topic is addressed in an accompanying Staff Working Document[29]. The investment in the build-up of
alternative fuels infrastructure (estimated at € 10 billion) will pay back with
the market take-up. Direct public funding for infrastructure build-up is not
needed if Member States use the wide range of policy tools at their disposal,
such as building permissions, concessions, procurement regulations, access and charging
regulations and non-financial incentives. European
Union funds, on the other hand, are available for the market development of
alternative fuels and the build-up of their infrastructure. Moreover, a market-take
up for gaseous alternative fuels will also create an incentive to reduce
hydrocarbons' venting and flaring which would in turn create supply savings as
well as climate and environmental benefits.[30] 3.2  Developing common technical specifications Most urgent is the implementation of common technical specifications
in the Union for the interface between EVs and recharging points. The lack of
an agreement on a ""common plug"" is now considered one of the heaviest
impediments to the broader market uptake of EVs in Europe[31]. Common technical and safety specifications are also needed for
hydrogen, CNG and LNG refuelling points and for the injection of biomethane
into the natural gas grid. For biofuels, high blend standards should be
formulated. The proposed infrastructure Directive addresses the key issues of
standards and requires the implementation of common technical specifications
for alternative fuel infrastructures. 3.3       Addressing consumer acceptance Privileged access rights, including charging, e.g. in urban access
restriction zones, are effective non-financial incentives to use alternative
fuel vehicles. Adressing this subject is considered for the urban mobility actions
announced in the 2011 Transport White Paper. Information campaigns and large-scale demonstration projects should
improve acceptance of new technology concepts and inform citizens. Horizon 2020
will support these activities. Harmonisation of consumer information on fuel quality and vehicle
compatibility and on the availability of recharging/refuelling points, as well
as on environmental, financial and safety aspects is important to create
consumer acceptance, in particular for biofuels and synthetic fuels. This is addressed
in the accompanying legislative proposal. Guidelines on financial incentives for
consumers to purchase clean and efficient vehicles are indispensable in order
to coordinate the demand-side measures adopted in Members States. This subject
is addressed in a forthcoming Commission Staff Working Document ""Guidance
on financial incentives for clean and energy efficient vehicles""[32]. 3.4  Addressing the technological
development R&D funding within Horizon 2020 should prioritise research,
demonstration or market-oriented projects for alternative fuels on all transport
modes according to the different stages of their technological and economic
development. Specific technology roadmaps for alternative fuels will be developed
in the frame of the Strategic Transport Technology Plan[33]. Where several options exist
for the same application, fuel prioritisation should be guided by a
well-to-wheels analysis, such as developed in studies coordinated by the Joint
Research Centre (JRC) of the European Commission[34]. Public-private partnerships should be further developed based on the
experience gained with European Technology Platforms and Joint Technology
Initiatives (JTIs). The European Green Cars initiative, the Fuel Cells and
Hydrogen Joint Undertaking, Clean Sky, and SESAR have driven development in
their respective areas and a new Joint Technology Initiative on the bioeconomy
is under preparation. New partnerships should support technology development and
accelerate market introduction, such as the Smart Cities & Communities
initiative[35].
The Commission will facilitate information exchange and coordinated regional
action across the EU with the European Electromobility Observatory. Research and development of advanced biofuels, the only alternative
fuel option for aviation, need further investment. The European Industrial
Bioenergy Initiative launched in November 2010 in the framework of the
Strategic Energy Technology Plan (SET-Plan)[36],
aims at large scale commercial availability of advanced bioenergy, including
resource-efficient biomethane production, by 2020.
Dedicated financing instruments and market incentives will support the
construction of production plants for aviation and other advanced biofuels,
with the aim to attain the target of two million tonnes of sustainable biofuels
by 2020 for civil aviation in the Union, as set out by the European Advanced
Biofuels Flightpath launched by the Commission in 2011[37], together with major airlines,
aircraft manufacturers and biofuel producers. New research facilities for Electric Vehicle / Smart Grid
Interoperability in the Joint Research Centre (JRC) will support EVs and smart
grids. The facilities will include full vehicle, component, including battery,
and smart grid testing capabilities in support of international standardisation
activities. The JRC will promote the development of harmonised testing
methodologies and global standards for EVs, their power grid interoperability
and their recharging technologies through an international partnership with the
US Department of Energy (Argonne National Laboratories). Batteries and fuel cells are key technologies and a comprehensive
R&D strategy needs to be launched to regain knowledge in Europe.
Electrochemistry, as a core scientific knowledge, therefore needs to be
promoted in R&D and professional education. Manufacturing, including
hydrogen production from renewables and on-board storage should be given
support to regain and strengthen European competitiveness in this field. Union funded projects address LNG
infrastructure and deployment needs: for shipping the North European LNG
Infrastructure Project, the Clean North Sea Shipping (CNSS) project, the marine
engine project HELIOS, and for heavy duty vehicles the LNG Blue Corridor
project. Further research is needed on dedicated engines and after-treatment
for CNG and LNG powertrains and light-weight fuel tanks. 4.         Conclusions The
market development of alternative fuels should break the dependence on oil and
contribute to improving the security of Europe's energy supply, support
economic growth, strengthen the competitiveness of European industry, and
reduce greenhouse gas emissions from transport. The increasing demand for energy for transport
and the need to break transport's dependency on oil can only be met by the
comprehensive mix of alternative transport fuels presented in this
Communication. The growing interest for natural gas – for maritime and
inland-waterways, for long distance road haulage applications, and light duty
vehicles - as well as electricity for short distance road transport - indicates
that it would be possible, in the short to medium term, to both increase the European
supply of energy for transport as well as reduce dependency on imported oil. At
the same time, accelerating the development of advanced biofuels – which have potential
for all transport modes, but are the only option for aviation - and the
progressive build-up of electricity and hydrogen supply networks to provide
area wide coverage for road transport are essential for rapid market development.
In parallel, research and development of critical components for electric
propulsion such as batteries, should deliver significantly improved range,
performance, durability and reduced costs for a competitive market offer. This
Communication and the accompanying legislative proposal catalyse the
transformation of Europe's energy supply for transport. With the requirements to establish national policy frameworks for
alternative fuels and the build-up of infrastructure with common technical specifications,
the EU will complete the policy measures on the development of alternative
fuels, from research to market penetration, by ensuring availability of the
fuels in the market. No public spending is required for the build-up
of alternative transport fuel infrastructure if the Member States use the wide
range of measures available to mobilise private investment cost-efficiently. Union support will be available from TEN-T funds, Cohesion and
Structural Funds together with the European Investment Bank lending. A broad basis among industry, policy and civil
society should be maintained for the future development of
alternative transport fuels, using the existing European expert groups with
participation from industry, civil society, and the Member States.[38] The Commission will continue to support the
Member States, review progress and propose any necessary changes and adjustments
taking into account technological and market developments. [1]               COM (2010) 2020 [2]               COM
(2011) 144 [3]               COM
(2013) 18 [4]               Report of the European Expert Group on Future
Transport Fuels, 25 January 2011
http://ec.europa.eu/transport/urban/cts/doc/2011-01-25-future-transport-fuels-report.pdf [5]               Report of the European Expert Group on Future
Transport Fuels, 20 December 2011, http://ec.europa.eu/transport/urban/cts/future-transport-fuels_en.htm [6]               Report of the Joint Expert Group Transport &
Environment, 22 May 2011: http://ec.europa.eu/transport/urban/cts/doc/jeg_cts_report_201105.pdf [7]               CARS 21 High
Level Group Final Report, 6 June 2012: http://ec.europa.eu/enterprise/sectors/automotive/files/cars-21-final-report-2012_en.pdf [8]               Public Consultation on alternative fuels, 11 August –
20 October 2011: http://ec.europa.eu/transport/urban/consultations/2011-10-06-cts_en.htm [9]               http://ec.europa.eu/transport/urban/studies/doc/2011-11-clean-transport-systems.pdf [10]             COM(2011)169 [11]             Regulation (EC) No 443/2009 of the European
Parliament and of the Council of 23 April 2009 setting emission performance
standards for new passenger cars as part of the Community's integrated approach
to reduce CO2 emissions from light-duty vehicles, OJ L 140, 5.6.2009, p. 1 and
Regulation (EU) No 510/2011 of the European Parliament and of the Council
of 11 May 2011 setting emission performance standards for new light commercial
vehicles as part of the Union's integrated approach to reduce CO2 emissions
from light-duty vehicles, OJ L 145, 31.5.2011, p. 1. [12]             Communication from the Commission to the European
Parliament, the Council, the Economic and Social Committee and the Committee of
the Regions on alternative fuels for road transportation and on a set of
measures to promote the use of biofuels, COM (2001) 547 [13]             Directive 2003/30/EC of the European Parliament and of
the Council of 8 May 2003 on the promotion of the use of biofuels or other
renewable fuels for transport, OJ 123, 17.5.2003, p. 42. [14]             Council Directive 2003/96/EC of 27 October 2003
restructuring the Community framework for the taxation of energy products and
electricity, OJ L 283, 31.10.2003, p. 51. [15]             Impact Assessment SWD(2013) 5 and related Summary
SWD(2013) 6 [16]             World bank http://www.worldbank.org/en/news/2012/07/03/world-bank-sees-warning-sign-gas-flaring-increase [17]             IEA, World
Energy Outlook 2011; natural gas: http://www.iea.org/aboutus/faqs/gas/ [18]             http://www.research-in-germany.de/46100/2010-05-06-storing-green-electricity-as-natural-gas,sourcePageId=8240.html [19]             Directive 2012/33/EU of the European parliament",EUR-Lex - 52013PC0017 - EN - EUR-Lex,success,2025-10-26T17:01:16Z,423,0.1036256736893679,Yes,GG-Keynesianism,GG-Evolutionary,NA,High,NA,NA,Joffrey
51996PC0131(01),dc18143c-7682-4fa1-b712-263661e274cd,Proposal for a COUNCIL DECISION on the conclusion of the Agreement in the form of an Exchange of Letters concerning the provisional application of the Protocol defining for the period 18 January 1996 to 17 January 1999 the fishing opportunities and the financial contribution provided for by the Agreement between the European Community and the Republic of Seychelles on fishing off the coast of Seychelles,PROP_DEC_NO_ADDRESSEE,1996-04-01T00:00:00Z,European Commission,11,proposal,NA,https://eur-lex.europa.eu/legal-content/EN/TXT/?uri=CELEX:51996PC0131(01),"Do you want to help improving EUR-Lex ? This is a list of experimental features that you can enable. These features are still under development; they are not fully tested, and might reduce EUR-Lex stability. Don't forget to give your feedback! This document is an excerpt from the EUR-Lex website EU law EU case-law Official Journal National law and case-law Information Document 51996PC0131(01) Proposal for a COUNCIL DECISION on the conclusion of the Agreement in the form of an Exchange of Letters concerning the provisional application of the Protocol defining for the period 18 January 1996 to 17 January 1999 the fishing opportunities and the financial contribution provided for by the Agreement between the European Community and the Republic of Seychelles on fishing off the coast of Seychelles Proposal for a COUNCIL DECISION on the conclusion of the Agreement in the form of an Exchange of Letters concerning the provisional application of the Protocol defining for the period 18 January 1996 to 17 January 1999 the fishing opportunities and the financial contribution provided for by the Agreement between the European Community and the Republic of Seychelles on fishing off the coast of Seychelles Proposal for a COUNCIL DECISION on the conclusion of the Agreement in the form of an Exchange of Letters concerning the provisional application of the Protocol defining for the period 18 January 1996 to 17 January 1999 the fishing opportunities and the financial contribution provided for by the Agreement between the European Community and the Republic of Seychelles on fishing off the coast of Seychelles /* COM/96/0131 FINAL */ Languages and formats available",EUR-Lex - 51996PC0131(01) - EN - EUR-Lex,success,2025-10-26T00:14:13Z,9,0.044776119402985,No,NA,NA,NA,High,NA,NA,Joffrey
52022PC0439,55131be4-2dcb-11ed-975d-01aa75ed71a1,"Proposal for a COUNCIL DECISION on the position to be taken on behalf of the European Union in the International Maritime Organization during the 106th session of the Maritime Safety Committee and the 79th session of the Marine Environment Protection Committee on the adoption of amendments to the International Convention for the Safety of Life at Sea (SOLAS), the International Code on the Enhanced Programme of Inspections during Surveys of Bulk Carriers and Oil Tankers, 2011 (2011 ESP Code) and to the International Convention for the Prevention of Pollution from Ships (‘MARPOL’) Annex VI",PROP_DEC,2022-09-06T00:00:00Z,European Commission,7,proposal,NA,https://eur-lex.europa.eu/legal-content/EN/TXT/?uri=CELEX:52022PC0439,"EUROPEAN COMMISSION Brussels, 6.9.2022 COM(2022) 439 final 2022/0259(NLE) Proposal for a COUNCIL DECISION on the position to be taken on behalf of the European Union in the International Maritime Organization during the 106th session of the Maritime Safety Committee and the 79th session of the Marine Environment Protection Committee on the adoption of amendments to the International Convention for the Safety of Life at Sea (SOLAS), the International Code on the Enhanced Programme of Inspections during Surveys of Bulk Carriers and Oil Tankers, 2011 (2011 ESP Code) and to the International Convention for the Prevention of Pollution from Ships (‘MARPOL’) Annex VI EXPLANATORY MEMORANDUM 1. Subject matter of the proposal This proposal concerns a decision establishing the position to be taken on the Union's behalf at the 106 th session of the International Maritime Organization’s Maritime Safety Committee (MSC 106), taking place from 2 to 11 November 2022, and at the 79 th session of the International Maritime Organization’s Marine Environment Protection Committee (MEPC 79), which will take place from 12 to 16 December 2022. During MSC 105, it was envisaged that MSC 106 would adopt amendments to: (1) chapter II-2 of the International Convention for the Safe ty of Life at Sea (SOLAS), 1974 ; (2) the International Code on the Enhanced Programme of Inspections during Surveys of Bulk Carriers and Oil Tankers, 2011 (2011 ESP Code). During MEPC 78, it was envisaged that MEPC 79 would adopt amendments to: (1) MARPOL Annex VI on inclusion of more information on the ship's c arbon intensity performance in the IMO Shi p Fuel Oil Consumption Database. 2. Context of the proposal 2.1. The Convention on the International Maritime Organization The Convention on the International Maritime Organization (IMO) establishes the IMO. The IMO’s purpose is to provide a forum for co-operation in the field of regulation and practices relating to technical matters of all kinds affecting shipping engaged in international trade. It furthermore aims to encourage the general adoption of the highest practicable standards in matters concerning maritime safety, efficiency of navigation and prevention and control of marine pollution from ships, promoting a level playing field. It also to deal with related administrative and legal matters. The Convention entered into force on 17 March 1958. All Member States are parties to the Convention. The Union is not a party to the Convention. All Member States are parties to the International Convention for the Prevention of Pollution from Ships (‘MARPOL’), 1973, which entered into force on 2 October 1983 and to Annex VI, which entered into force on 18 May 2005. The Union is not a party to MARPOL. All Member States are parties to the International Convention for the Safety of Life at Sea ('SOLAS'), 1974, which entered into force on 25 May 1980. The Union is not a party to SOLAS. 2.2. The International Maritime Organization The International Maritime Organization (IMO) is the United Nations’ specialised agency with responsibility for the safety and security of shipping and the prevention of marine pollution by ships. It is the global standard-setting authority for the safety, security and environmental performance of international shipping. Its main role is to create a regulatory framework for the shipping industry that is fair and effective, universally adopted and universally implemented. Membership in the IMO is open to all States and all EU Member States are IMO members. The EU’s relations with IMO are based notably on the Arrangement for Co-operation and Collaboration concluded between the Inter-Governmental Maritime Consultative Organisation (IMCO) and the Commission of the European Communities in 1974. IMO’s Maritime Safety Committee consists of all the IMO Members and meets at least once a year. It considers any matter within the scope of the Organization concerned with aids to navigation, construction and equipment of vessels, manning from a safety standpoint, rules for the prevention of collisions, handling of dangerous cargoes, maritime safety procedures and requirements, hydrographic information, log-books and navigational records, marine casualty investigation, salvage and rescue, and any other matters directly affecting maritime safety. IMO’s Marine Environment Protection Committee also consists of all the IMO Members and meets at least once a year. It addresses environmental issues under the scope of the Organization as regards the control and prevention of ship-source pollution covered by the MARPOL treaty, including oil, chemicals carried in bulk, sewage, garbage and emissions from ships to air, including air pollutants and greenhouse gas emissions. Other matters covered include ballast water management, anti-fouling systems, ship recycling, pollution preparedness and response, and identification of special areas and particularly sensitive sea areas. Both IMO’s Maritime Safety Committee and Marine Environment Protection Committee provide machinery for performing any duties assigned to them by the IMO Convention, the IMO Assembly or the IMO Council, or any duty within the above scope which may be assigned to them by or under any other international instrument and accepted by the IMO. Decisions of the Maritime Safety Committee and the Marine Environment Protection Committee, and of their subsidiary bodies, are adopted by a majority of their Members. 2.3. The envisaged act of the IMO’s Maritime Safety Committee During its session from 2 to 11 November 2022, MSC 106 is to adopt amendments to SOLAS Chapter II-2 and ESP Code. The purpose of the envisaged amendments to SOLAS Chapter II-2 is to take into account oil fuel suppliers who have failed to meet the flashpoint requirements, actions against oil fuel suppliers that have been found to deliver oil fuel that does not comply with minimum flashpoint requirements, and documentation of the flashpoint of the actual fuel batch when bunkering. The purpose of the envisaged amendments to the ESP Code is to implement stricter requirements for survey of ballast tanks and void spaces intended to address the safety issues that were identified during the flag State's marine safety investigation of the loss of MV Stellar Daisy. 2.4. The envisaged act of the IMO’s Marine Environment Protection Committee On 12 to 16 December 2022, MEPC 79 is to adopt amendments to MARPOL Annex V and VI. The purpose of the envisaged amendments to MARPOL Annex VI is to include more information on the ship's carbon intensity performance in the IMO Ship Fuel Oil Consumption Data Collection System. 3. Position to be taken on the Union's behalf 3.1. Amendments to chapter II-2 of the International Convention for the Safety of Life at Sea The Maritime Safety Committee (MSC), at its 100 th session, agreed to include in its biennial agenda an output on ""Development of further measures to enhance the safety of ships relating to the use of fuel oil"", with a target completion year of 2021 to review existing safety provisions for fuel oil and information concerning the safety implications associated with the use of fuel oil, and to develop further measures to enhance the safety of ships relating to the use of fuel oil. MSC 100 also agreed that a working group could be established at MSC 101 with a view to further progressing the development of measures to enhance the safety of ships relating to the use of fuel oil. At MSC 100, the Union’s position was to support any future developments seeking to enhance fuel quality and ensure a quality-oriented fuel supply in view of potential safety operating aspects related to their use. MSC 101 established the Correspondence Group on Oil Fuel Safety, under the coordination of Germany, with among others the following terms of reference: .1 further consider the development of mandatory requirements regarding the reporting of confirmed cases where oil fuel suppliers have failed to meet the flashpoint requirements of the Organization, taking into account that feedback should also be provided to the supplier; .2 further consider the development of mandatory requirements to ensure SOLAS Contracting Governments take action as appropriate against oil fuel suppliers in confirmed cases of deliveries of oil fuel that does not comply with the requirements specified in SOLAS regulation II-2/4.2.1, taking into account regulation 18.9.4 of MARPOL Annex VI; .3 further consider the development of mandatory requirements regarding the documentation of the flashpoint of the actual fuel batch when bunkering, providing a statement that the oil fuel delivered complies with SOLAS regulation II-2/4.2.1. At MSC 101, the Union position was to support the proposals in the submitted documents and proposed that they should be discussed in more detail in the Working Group on Measures to Enhance the Safety of Ships Relating to the Use of Fuel Oil. MSC 103 re-established the Correspondence Group on Development of further measures to enhance the safety of ships relating to the use of fuel oil, under the coordination of Germany. The Group was instructed, among others to: (1) further develop, with a view towards finalization, draft SOLAS amendments regarding the reporting of confirmed cases where oil fuel suppliers have failed to meet the flashpoint requirements of the Organization, taking into account that feedback should also be provided to the supplier, (2) further develop, with a view towards finalization, the draft SOLAS amendments on actions against oil fuel suppliers that have been found to deliver oil fuel that does not comply with minimum flashpoint requirements, (3) further develop, with a view to finalization, the mandatory requirements regarding the documentation of the flashpoint of the ac tual fuel batch when bunkering. At MSC 103, the Union’s position was to support the report of the correspondence group concerning the mandatory requirements. MSC 105 approved the envisaged amendments, paragraph 5.13 of the MSC 105 report (MSC 105/20), with a view to adoption at MSC 106. At MSC 105, the Union’s position was to support the proposal of the Correspondence Group on development of further measures to enhance the safety of ships relating to the use of fuel oil. The Union position should be to support these amendments as they will enhance the safety of ships relating to the use of fuel oil by taking into account oil fuel suppliers, who have failed to meet the flashpoint requirements, actions against oil fuel suppliers that have been found to deliver oil fuel that does not comply with minimum flashpoint requirements, and documentation of the flashpoint of the actual fuel batch when bunkering. 3.2. Amendments to the International Code on the enhanced programme of inspections during surveys of Bulk carriers and Oil tankers (ESP Code) MSC 103 had instructed the Sub-Committee on Ship Design and Construction (SDC 8), to consider the amendments to the ESP Code to address safety issues that were identified during the flag State's marine safety investigation of the loss of MV Stellar Daisy, under its existing continuous output ""Amendments to the ESP Code"". MSC 103 also agreed that the SDC Sub-Committee should consider in detail proposed amendments to the 2011 ESP Code to address matters related to surveys of ballast tanks and void spaces, and such amendments should enter into force with other amendments being developed under the existing output. At MSC 103, the Union’s position was to support that the SDC Sub-Committee would consider amendments to the 2011 ESP Code. SDC 8 agreed to the draft amendments to the 2011 ESP Code for submission to MSC 105 for approval. At SDC 8, the Union’s position was to support the results of the MV Stellar Daisy investigation. MSC 105 approved draft amendments to the 2011 ESP Code, paragraph 15.12 of the MSC 105 report (MSC 105/20), with a view to adoption at MSC 106. At MSC 105, the Union’s position was to support the approval of the draft amendments to the 2011 ESP Code with a view to subsequent adoption. The Union position should be to support these amendments as they are intended to strengthen the requirements for inspections of void spaces and ballast tanks. 3.3. Amendments to the International Convention for the Prevention of Pollutio n from Ships (‘ MARPOL’) Annex VI The Union had suggested to MEPC 77 to include information on the ship’s required and attained Energy Efficiency Existing Ship Index (EEXI) and Carbon Intensity Indicator (CII) values and rating in the IMO Data Collection System (DCS). It further suggested possible amendments to Appendix IX of MARPOL Annex VI and draft terms of reference for a work stream for amending the IMO DCS MEPC 77 had instructed the Intersessional Working Group on GHG (ISWG-GHG 11) to further consider among others the proposals of possible amendments to appendix IX of MARPOL Annex VI. At MEPC 77, the Union’s positon was to support suggested amendments to appendix IX of MARPOL Annex VI. ISWG-GHG 11 had finalised the draft amendments to Appendix IX of MARPOL Annex VI to include more information on the ship's carbon intensity performance, with a view of their approval at MEPC 78. MEPC 78 approved the draft amendments to Appendix IX of MARPOL Annex VI to include more information on the ship's carbon intensity performance in the IMO Ship Fuel Oil Consumption Data Collection System, paragraph 7.119 of the MEPC 78 report (MEPC 78/17), with a view to adoption at MEPC 79. At MEPC 78 and ISWG-GHG 11, the Union position was to support the approval of the draft amendments to Appendix IX of MARPOL Annex VI. The Union position should be to support these amendments as information on carbon intensity of ships would provide essential information on the global fleet’s energy efficiency and carbon intensity performance, and therefore should be reported to the IMO DCS. 3.4. Relevant EU legislation and EU competence 3.4.1. Amendments to chapter II-2 of the International Convention for the Safety of Life at Sea Directive 2009/45/EC on safety rules and standards for passenger ships 1 in its Article 6(2)(a)(i) applies SOLAS, as amended, to Class A passenger ships. Therefore, the amendments to SOLAS Chapter II-2 due to be adopted at MSC 106 will affect the requirements applicable under Directive 2009/45/EC. 3.4.2. Amendments to the International Code on the enhanced programme of inspections during surveys of Bulk carriers and Oil tankers (ESP Code) Regulation ( E U ) No 530/2012 on the accelerated phasing-in of double-hull or equivalent design requirements for single-hull oil tankers 2 make mandatory the application of the IMO's Condition Assessment Scheme (CAS) to single hull oil tankers above 15 years of age. The Enhanced Programme of Inspections during surveys of Bulk Carriers and Oil tankers or Enhanced Survey Programme (ESP) specifies how to undertake this intensified assessment. As CAS uses ESP as the tool to achieve its aim, any changes to the ESP inspections, such as the current amendments to focus surveys only on suspect areas for thickness measurements at the first renewal survey of double hull oil tankers will automatically be applicable through Regulation (EU) No 530/2012. Therefore, the amendments 2011 ESP Code due to be adopted at MSC 106 will affect the application of Regulation (EU) No 530/2012. 3.4.3. Amendments to the International Convention for the Prevention of Pollutio n from Ships (‘ MARPOL’) Annex V I Regulation (EU) 2015/757 on the monitoring, reporting and verification of carbon dioxide emissions from maritime transport, and amending Directive 2009/16/EC establishes the legal framework for an EU system to monitor, report and verify CO 2 emissions and energy efficiency from shipping (MRV Regulation) 3 . The regulation aims to deliver robust and verifiable CO 2 emissions data, inform policy makers and stimulate the market uptake of energy efficient technologies and behaviours. It does so by addressing market barriers such as the lack of information. Related delegated Commission regulations on verification and accreditation of verifiers and on the refinement of monitoring methods were adopted on 22 September 2016 . 4 Two additional implementing regulations on cargo parameters and templates were adopted by the Commission on 4 November 2016 . 5 The Energy Efficiency Existing Ship Index (EEXI) and the Carbon Intensity Indicator (CII), values which are to be included in the IMO Data Collection System, are linked to the MRV Regulation, as the EU Regulation aims to collect and publish information on the technical and operational energy efficiency of ships on a per-ship basis. Therefore, the amendments to MARPOL Annex VI due to be adopted at MEPC 79 will affect the implementation of Regulation (EU) 2015/757. 3.4.4. EU competence The amendments to SOLAS Chapter II-2 would affect Union law, in particular the application of Directive 2009/45/EC. The amendments 2011 ESP Code would affect Union law, in particular the application of Regulation (EU) No 530/2012. The amendments to MARPOL Annex VI would affect Union law, in particular the implementation of Regulation (EU) 2015/757. The subject matter of the envisaged acts therefore concerns an area for which the Union has exclusive external competence by virtue of the last limb of Article 3(2) TFEU. 4. Legal basis 4.1. Procedural legal basis 4.1.1. Principles Article 218(9) of the Treaty on the Functioning of the European Union (TFEU) provides for decisions establishing ‘the positions to be adopted on the Union’s behalf in a body set up by an agreement, when that body is called upon to adopt acts having legal effects, with the exception of acts supplementing or amending the institutional framework of the agreement.’ Article 218(9) TFEU applies regardless of whether the Union is a member of the body or a party to the agreement. 6 The concept of ‘ acts having legal effects ’ includes acts that have legal effects by virtue of the rules of international law governing the body in question. It also includes instruments that do not have a binding effect under international law, but that are ‘ capable of decisively influencing the content of the legislation adopted by the EU legislature ’. 7 4.1.2. Application to the present case The IMO’s Maritime Safety Committee and Marine Environment Protection Committee are bodies set up by an agreement, the Convention on the International Maritime Organization. The acts which these two IMO committees are called upon to adopt constitute acts having legal effects. The envisaged acts are capable of decisively influencing the content of the following EU legislation and notably: – Directive 2009/45/EC on safety rules and standards for passenger ships. This is because Article 6(2)(a)(i) applies SOLAS, as amended, to Class A passenger ships. – Regulation (EU) 530/2012 on the accelerated phasing-in of double-hull or equivalent design requirements for single-hull oil tankers. This is because Regulation (EU ) 530/2012 make mandatory the application of the IMO's Condition Assessment Scheme (CAS) to single hull oil tankers above 15 years of age. The Enhanced Programme of Inspections during surveys of Bulk Carriers and Oil tankers or Enhanced Survey Programme (ESP) specifies how to undertake this intensified assessment. As CAS uses ESP as the tool to achieve its aim, any changes to the ESP inspections, such as the current amendments to focus surveys only on suspect areas for thickness measurements at the first renewal survey of double hull oil tankers will automatically be applicable through Regulation (EU) No 530/2012. – Regulation (EU) 2015/757 (MRV Regulation) on the monitoring, reporting and verification of carbon dioxide emissions from maritime transport, and amending Directive 2009/16/EC . This is because of the links between the MRV Regulation and both the EEXI and CII values to be included in the IMO Data Collection System . Therefore, the adoption of the amendments to – chapter II-2 of the International Convention for the Safety of Life at Sea – the International Code on the enhanced programme of inspections during surveys of Bulk carriers and Oil tankers (ESP Code) – the International Convention for the Prevention of Pollution from Ships (‘MARPOL’) Annex VI are capable of decisively influencing the content of the following EU legislation , in particular Directive 2009/45/EC on safety rules and standards for passenger ships, Regulation (EU) 530/2012 on the accelerated phasing-in of double-hull or equivalent design requirements for single-hull oil tankers and Regulation (EU) 2015/757 (MRV Regulation) establishing the legal framework for an EU system to monitor, report and verify CO2 emissions and energy efficiency from shipping. The envisaged acts do not supplement or amend the institutional framework of the Agreement. Therefore, the procedural legal basis for the proposed decision is Article 218(9) TFEU. 4.2. Substantive legal basis 4.2.1. Principles The substantive legal basis for a decision under Article 218(9) TFEU depends primarily on the objective and content of the envisaged act in respect of which a position is taken on the Union's behalf. If the envisaged act pursues two aims or has two components and if one of those aims or components is identifiable as the main one, whereas the other is merely incidental, the decision under Article 218(9) TFEU must be founded on a single substantive legal basis, namely that required by the main or predominant aim or component. 4.2.2. Application to the present case The main objective and content of the envisaged act relate to maritime transport. Therefore, the substantive legal basis of the proposed decision is Article 100(2) TFEU. 4.3. Conclusion The legal basis of the proposed decision should be Article 100(2) TFEU, in conjunction with Article 218(9) TFEU. 2022/0259 (NLE) Proposal for a COUNCIL DECISION on the position to be taken on behalf of the European Union in the International Maritime Organization during the 106 th session of the Maritime Safety Committee and the 79 th session of the Marine Environment Protection Committee on the adoption of amendments to the International Convention for the Safety of Life at Sea (SOLAS), the International Code on the Enhanced Programme of Inspections during Surveys of Bulk Carriers and Oil Tankers, 2011 (2011 ESP Code) and to the International Convention for the Prevention of Pollution from Ships (‘MARPOL’) Annex VI THE COUNCIL OF THE EUROPEAN UNION, Having regard to the Treaty on the Functioning of the European Union, and in particular Article 100(2), in conjunction with Article 218(9) thereof, Having regard to the proposal from the European Commission, Whereas: (1) The Convention on the International Maritime Organization ( ‘ IMO ’ ) entered into force on 17 March 1958. (2) The IMO is a specialised agency of the United Nations with responsibility for the safety and security of shipping and the prevention of marine and atmospheric pollution by ships. All Union Member States are members of the IMO. The Union is not a member of the IMO. (3) Pursuant to Article 28(b ) of the Convention on the IMO, the Maritime Safety Committee provides machinery for the performance of any duties assigned to it in accordance with that Convention, by the IMO Assembly or by the IMO Council, or any duty within the scope of that Article which may be assigned to the Maritime Safety Committee under any other international instrument and accepted by the IMO. (4) Pursuant to Article 38(a) of the Convention on the IMO, the Marine Environment Protection Committee performs such functions as are or may be conferred upon the IMO by or under international conventions for the prevention and control of marine pollution from ships, particularly with respect to the adoption and amendment of regulations or other provisions . (5) The Maritime Safety Committee, during its 10 6 th session from 4 to 11 November 2022, is to adopt amendments to chapter II-2 of the International Convention for the Safety of Life at Sea (‘SOLAS Convention’) and to the International Code on the enhanced programme of inspections during surveys of Bulk carriers and Oil tankers (ESP Code). (6) The Marine Environment Protection Committee, during its 79 th session from 12 to 16 December 202 2 , is to adopt amendments to appendix IX of Annex VI to the International Convention for the Prevention of Pollution from Ships (‘MARPOL’). (7) I t is appropriate to establish the position to be taken on the Union’s behalf during the 106 th session of the Maritime Safety Committee, as the envisaged amendments to chapter II-2 of SOLAS Convention and to the 2011 ESP Code , are capable of decisively influencing the contents of Union law, namely Directive 2009/45/EC on safety rules and standards for passenger ships 8 and Regulation (EU) 530/2012 on the accelerated phasing-in of double-hull or equivalent design requirements for single-hull oil tankers 9 . (8) The amendments to SOLAS Chapter II-2 will take into account oil fuel suppliers who have failed to meet the flashpoint requirements, actions against oil fuel suppliers that have been found to deliver oil fuel that does not comply with minimum flashpoint requirements, and documentation of the flashpoint of the actual fuel batch when bunkering. The Union should support these amendments as they will enhance the safety of ships relating to the use of fuel oil by taking into account oil fuel suppliers, who have failed to meet the flashpoint requirements, actions against oil fuel suppliers that have been found to deliver oil fuel that does not comply with minimum flashpoint requirements, and documentation of the flashpoint of the actual fuel batch when bunkering. (9) It is appropriate to establish the position to be taken on the Union’s behalf during the 79 th session of the Marine Environment Protection Committee, as the envisaged amendments to MARPOL Convention Annex VI will be capable of decisively influencing the content of Union law, namely Regulation (EU) 2015/757  (MRV Regulation) on the monitoring, reporting and verification of carbon dioxide emissions from maritime transport, and amending Directive 2009/16/EC 10 . (10) The amendments to Annex VI of MARPOL will include more information on the ship's carbon intensity performance in the IMO Ship Fuel Oil Consumption Data Collection System (DCS). The Union should support these amendments as information on carbon intensity of ships would provide essential information on the global fleet’s energy efficiency and carbon intensity performance, and therefore should be reported to the IMO DCS. (11) The Union’s position is to be expressed by the Commission, in its capacity as an observer in the IMO, and by the Member States of the Union that are members of the IMO’s Marine Safety Committee and Marine Environment Protection Committee, acting jointly, in the interest of the Union HAS ADOPTED THIS DECISION: Article 1 The position to be taken on the Union’s behalf in the 106 th session of the International Maritime Organization’s (‘IMO’) Maritime Safety Committee shall be to agree to the amendments to chapter II-2 of the International Convention for the Safety of Life at Sea (SOLAS) as set out in paragraph 5.13 of the MSC 105 report (MSC 105/20) and the International Code on the Enhanced Programme of Inspections during Surveys of Bulk Carriers and Oil Tankers, 2011 (2011 ESP Code) as set out in paragraph 15.12 of the MSC 105 report (MSC 105/20). Article 2 The position to be taken on the Union’s behalf in the 79 th session of the IMO’s Marine Environment Protection Committee shall be to agree to the adoption of amendments to appendix IX of Annex VI to the International Convention on Pollution Prevention (MARPOL) as set out in paragraph 7.119 of the MEPC 78 report (MEPC 78/17). Article 3 1. The position referred to in Article 1 shall be expressed by the Commission and by the Member States of the Union that are members of the IMO’s Maritime Safety Committee, acting jointly. 2. The position referred to in Article 2 shall be expressed by the Commission and by the Member States of the Union that are members of the IMO’s Marine Environment Protection Committee, acting jointly . Article 4 This Decision is addressed to the Commission and the Member States. Done at Brussels, For the Council The President (1) OJ L 163, 25.6.2009, p. 1 (2) OJ L 172, 30.6.2012, p. 3 (3) OJ L 123, 19.5.2015, p. 55 (4) Commission Delegated Regulation (EU) 2016/2071 of 22 September 2016 amending Regulation (EU) 2015/757 of the European Parliament and of the Council as regards the methods for monitoring carbon dioxide emissions and the rules for monitoring other relevant information, OJ L 320, 26.11.2016, p. 1–4 and Commission Delegated Regulation (EU) 2016/2072 of 22 September 2016 on the verification activities and accreditation of verifiers pursuant to Regulation (EU) 2015/757 of the European Parliament and of the Council on the monitoring, reporting and verification of carbon dioxide emissions from maritime transport, OJ L 320, 26.11.2016, p. 5–24 (5) Commission Implementing Regulation (EU) 2016/1927 of 4 November 2016 on templates for monitoring plans, emissions reports and documents of compliance pursuant to Regulation (EU) 2015/757 of the European Parliament and of the Council on monitoring, reporting and verification of carbon dioxide emissions from maritime transport, OJ L 299, 5.11.2016, p. 1–21 and Commission Implementing Regulation (EU) 2016/1928 of 4 November 2016 on determination of cargo carried for categories of ships other than passenger, ro-ro and container ships pursuant to Regulation (EU) 2015/757 of the European Parliament and of the Council on the monitoring, reporting and verification of carbon dioxide emissions from maritime transport, OJ L 299, 5.11.2016, p. 22–25 (6) Case C-399/12 Germany v Council (OIV), ECLI:EU:C:2014:2258, paragraph 64. (7) Case C-399/12 Germany v Council (OIV), ECLI:EU:C:2014:2258, paragraphs 61-64. (8) OJ L 163, 25.6.2009, p. 1 (9) OJ L 172, 30.6.2012, p. 3 (10) OJ L 123, 19.5.2015, p. 55 Top",EUR-Lex - 52022PC0439 - EN - EUR-Lex,success,2025-10-25T07:51:19Z,240,0.0680079342589968,No,NA,NA,NA,High,NA,NA,Joffrey
52007XC1109(06),b37e160f-7a72-4059-ae0b-54dea8e3fbe7,Publication of an application pursuant to Article 6(2) of Council Regulation (EC) No 510/2006 on the protection of geographical indications and designations of origin for agricultural products and foodstuffs,COMMUNIC,2007-11-09T00:00:00Z,European Commission,3,manual,COMMUNIC,https://eur-lex.europa.eu/legal-content/EN/TXT/?uri=CELEX:52007XC1109(06),"9.11.2007 EN Official Journal of the European Union C 267/46 Publication of an application pursuant to Article 6(2) of Council Regulation (EC) No 510/2006 on the protection of geographical indications and designations of origin for agricultural products and foodstuffs (2007/C 267/16) This publication confers the right to object to the application pursuant to Article 7 of Council Regulation (EC) No 510/2006 ( 1 ) . Statements of objection must reach the Commission within six months from the date of this publication. SUMMARY COUNCIL REGULATION (EC) No 510/2006 ‘AGNEAU DE LOZERE’ EC No: FR/PGI/005/0501/06.10.2005 PDO ( ) PGI ( X ) This summary sets out the main elements of the product specification for information purposes. 1.   Responsible department in the Member State: Name: Institut National des Appellations d'Origine (I.N.A.O.) Address: 51, rue d'Anjou F-75008 Paris Tel. (33) 153 89 80 00 Fax (33) 142 25 57 97 E-mail: info@inao.gouv.fr 2.   Group: Name: Association Viande d'Agneau de Lozère (A.V.A.L.) Address: c/o Cobevial Avenue Pierre Sémard F-48100 Marvejols Tel. (33) 466 32 43 08 Fax (33) 466 32 04 02 E-mail: cobevial-48@wanadoo.fr Composition: Producers/processors ( X ) Other ( X ) 3.   Type of product: Class 1.1: Fresh meat (and offal) 4.   Specification: (Summary of requirements under Article 4(2) of Regulation (EC) No 510/2006) 4.1   Name: ‘Agneau de Lozère’ 4.2   Description: The characteristics of the product concerned by the PGI are as follows: Breed: male and female Blanche du Massif Central breeding stock. Type of animal: The lambs (male and female) are young and light, just on the threshold between suckling and grass-fed lamb. They are not separated from their mothers before being taken from the holding but suckle until natural weaning, and are never fed formula milk. Rearing method: the rearing method is economical, based on the optimum use of grazing resources in the PGI area. The aim is to put the herd out to pasture as much as possible. Systematic use of areas of pasture on the holdings is a measure of the special character of the product. This distinguishes it from lambs raised in more intensive areas. As the mothers feed on land with varied vegetation and few inputs, their milk impacts on the lambs. The lambs are slaughtered at not more than 130 days of age. Carcase characteristics: lamb carcase weight of between 7 and 19 kg, conformation: U, R, O in the EUROP grading scale, fat cover: classes 2 and 3 in the EUROP grading scale, colour: pinky white, fat quality: firm, malleable white fat. The sheepmeat is sold fresh: as whole and half-carcases, in small wholesale cuts, in ready-to-cut portions ( Prêt A Découper , PAD), in consumer sales units ( Unité de Vente Consommateur , UVC). 4.3   Geographical area: The lambs are born, raised and slaughtered in the PGI area. The ‘Agneau de Lozère’ PGI area is defined by the following criteria: Presence of Blanche du Massif Central (BMC) ewes. — Criterion used: presence of BMC: over 500 BMC ewes present in each canton. Rising altitude, on a South-East/North-West axis. — Criterion used: cantons situated above 800 metres or at an altitude varying between 600 and 800 metres. Pastureland with poor productive capacity rising on a North-West/South-East axis. — Criterion used: more than 20 % unproductive permanent grassland ( Surface Toujours en Herbe , STH). No volcanic subsoils, as these lead to more intensive production of animals and per hectare. The geographical area consists of 259 municipalities in 4 departments. —   Département de la Lozère (48): the whole Department (185 municipalities). —   Département du Cantal (15): 33 municipalities: Alleuze, Anglards-de-Saint-Flour, Anterrieux, Celoux, Chaliers, Chaudes-Aigues, Chazelles, Clavieres, Coren, Deux-Verges, Espinasse, Faverolles, Fridefont, Jabrun, Lieutades, Lorcieres, Loubaresse, Maurines, Mentieres, Montchamp, Rageade, Ruynes-en-Margeride, Saint-Georges, Saint-Just, Saint-Marc, Saint-Martial, Saint-Remy-de-Chaudes-Aig, Saint-Urcize, Soulages, Tiviers, Trinitat, Vabres, Vedrines-Saint-Loup. —   Département de l'Ardèche (07): 11 municipalities: Borne, Cellier-du-Luc, Laval-d'Aurelle, Laveyrune, Lesperon, Malarce-sur-la-Thines, Montselgues, Saint-Alban-en-Montagne, Saint-Etienne-de-Lugdares, Saint-Laurent-les-Bains, Sainte-Marguerite-Lafiger. —   Département de la Haute Loire (43): 30 municipalities: Alleyras, Ally, Arlet, Auvers, Besseyre-Saint-Mary, Chanaleilles, Charraix, Hastel, Chazelles, Croisances, Cronce, Cubelles, Desges, Esplantas, Ferrussac, Grezes, Langeac, Monistrol-d'Allier, Pebrac, Pinols, Prades, Saint-Austremoine, Saint-Christophe-d'Allier, Saint-Prejet-d'Allier, Saint-Venerand, Saugues, Tailhac, Thoras, Vazeilles-près-Saugues, Venteuges. 4.4   Proof of origin: Traceability is guaranteed from birth until the meat is sold to consumers. Sheepfarmers are required to keep herd registers up-to-date and to identify their animals in line with the rules. Animals which are excluded from the PGI procedure are marked with a red cross on their back. Animals which are eligible for the PGI procedure are given a special eartag referring to the PGI. Traceability of live animals is ensured through the animal's working number. Traceability of carcases is ensured by the slaughterhouse number (in connection with the working number), and traceability of the cuts of meat by the batch number. 4.5   Method of production: Holdings must be authorised before they can produce Agneau de Lozère . The lambs are born of ewes of the Blanche du Massif Central breed and rams of the same breed. The current aims of selection are to improve the qualities of the mother ewes, milk value (which impacts on fat quality and colour), prolificacy, growth and, above all, carcase quality (conformation and amount of fat). The intensity is below 1,4 livestock units per hectare, or fewer than 10 ewes per hectare used (grassland, range: heath, undergrowth, summer mountain pasture). Buildings must offer an internal area of around 1,5 m 2 per ewe fed, if equipped with traditional troughs or with transverse feeding racks perpendicular to a central corridor. In buildings equipped with feeding racks the area required is just 1,3 m 2 per ewe. Feeding of mothers In quantitative terms, the development of grazing resources is restricted by climate constraints (cold temperatures in winter, drought in summer, etc.) which reduce supply and the period of use. Thus, depending on the different times of year and on the physiological needs of the animals, farmers make use predominantly of grassland or of range. However, optimum use of grassland and range depends closely on the combined use of both, supplemented with other feed resources produced from range, grassland, fodder crops or dry fodder. Farmers undertake to strive for self-sufficiency in fodder supply (harvested grass, grazed grass). 100 % of fodder consumed will therefore be harvested in the PGI area, apart from the dried alfalfa required as a source of protein. The fodder may be produced or purchased in the PGI area. However, the dried alfalfa purchased may not exceed 10 % of fodder consumed. Feeding of lambs During the first stage of their lives the lambs are fed exclusively from their mother's milk: they suckle until they are naturally weaned. There is contact between ewes and lambs at least twice a day for suckling to promote lactation for as long as possible. Lambs are not separated from their mothers until they are removed for slaughter. At the end of the rearing period, on top of their mother's milk lambs may be given a feed supplement comprising at least 50 % cereals and cereal by-products. This feed supplement may make up no more than 31 % of the total ration and does not necessarily have to come from the PGI area. Slaughter and cutting The lambs are slaughtered in the PGI area. Cutting may be carried out outside the PGI area. The meat may be packaged under film, vacuum-packed or packaged under a modified atmosphere. 4.6   Link: BMC is a hardy breed which has been developed into a pure breed: Historically, the Blanche du Massif Central (BMC) breed is considered to be one branch of a vast population of sheep termed ‘ Caussenards ’ which for more than 2 000 years inhabited the Causses , the dry regions with poor, stony soil bordering the Massif Central from the South to the South-West. In recent decades the term ‘ Blanc de Lozère ’ appeared, marking a change in the population located in Margeride as breeders sought to obtain fuller and fatter animals from the best herds. As the geographical area covered by the breed spread well beyond the boundaries of the area in which it originated, it finally took the less restrictive name ‘ Blanche du Massif Central ’ (BMC). BMC advantages in terms of this rearing method: specific characteristics of this breed which make it particularly well-adapted to the territory: The BMC breed has adapted particularly well to the different, sometimes difficult, almost entirely open-air herd management situations in dry, arid regions, and more continental mountain conditions. This quality gives farmers sheep which can tolerate the worst weather conditions on plateaux with no shelter, make do with whatever they find to eat and even walk long distances to find better grazing. In Lozère, the continuing predominance of BMC over other sheep breeds in meat production is mainly down to its hardiness. The quality of this meat is determined by the PGI territory as it results from the specific nature of the diet of the mother ewes and lambs from this region. By enduring with its special characteristics, the BMC breed today represents the key link to the area. The importance of grazing in the rearing method The rearing method (grazing) on which the production of the lambs covered by the PGI application rests is an economical system based on the optimum use of local resources: grazed grass, harvested grass and auto-consumed cereals. Grazing therefore encompasses specific environments which, unlike areas such as grassland, lend themselves to traditional mechanised practices very little if at all, at least in an economically acceptable way. Grazing areas can be used rarely or not at all by other species such as cattle. Hence the special character of ‘Agneau de Lozère’ rests on the combination of a high-quality product along with the purity of the breed and diversity of its feed, and an environmental consideration related to farming practices which make the best use of the natural environment and ancestral traditions. A well-known meat Despite the hardiness of the BMC breed, its meat is recognised as the best of the French hardy breeds. Sheepfarmers therefore manage the breed without cross-breeding. ‘Agneau de Lozère’ meat today has a very good reputation, as demonstrated by various press articles (general and specialist press) and testimonies from leading chefs (David Van Laer, Philippe Groult). World-famous local restaurateurs say that ‘Agneau de Lozère’ flesh is silky, its texture fine and firm and that the meat is ‘perfumed with the scent of grass’. 4.7   Inspection body: Name: Qualisud, Organisme certificateur agréé EN 45011 Address: 2, rue des Remparts F-40000 Mont-de-Marsan Tel. (33) 558 06 15 21 Fax (33) 558 75 13 36 E-mail: qualisud@wanadoo.fr 4.8   Labelling: Name of product: ‘Agneau de Lozère’. The PGI logo or the words Indication Géographique Protégée (protected geographical indication) will be used on the labelling. ( 1 ) OJ L 93, 31.3.2006, p. 12 . Top",EUR-Lex - 52007XC1109(06) - EN - EUR-Lex,success,2025-10-26T12:57:13Z,47,0.0346097201767304,No,NA,NA,NA,High,NA,NA,Joffrey
